[INFO] Scanning for projects...
[INFO] 
[INFO] ------------------< com.studysync:studysync-backend >-------------------
[INFO] Building studysync-backend 0.0.1-SNAPSHOT
[INFO]   from pom.xml
[INFO] --------------------------------[ jar ]---------------------------------
[INFO] 
[INFO] >>> spring-boot:3.5.6:run (default-cli) > test-compile @ studysync-backend >>>
[INFO] 
[INFO] --- jacoco:0.8.10:prepare-agent (prepare-agent) @ studysync-backend ---
[INFO] argLine set to "-javaagent:C:\\Users\\harsh\\.m2\\repository\\org\\jacoco\\org.jacoco.agent\\0.8.10\\org.jacoco.agent-0.8.10-runtime.jar=destfile=E:\\Studysync new\\studysync-backend\\target\\jacoco.exec"
[INFO] 
[INFO] --- resources:3.3.1:resources (default-resources) @ studysync-backend ---
[INFO] Copying 1 resource from src\main\resources to target\classes
[INFO] Copying 0 resource from src\main\resources to target\classes
[INFO] 
[INFO] --- compiler:3.14.0:compile (default-compile) @ studysync-backend ---
[INFO] Nothing to compile - all classes are up to date.
[INFO] 
[INFO] --- resources:3.3.1:testResources (default-testResources) @ studysync-backend ---
[INFO] skip non existing resourceDirectory E:\Studysync new\studysync-backend\src\test\resources
[INFO] 
[INFO] --- compiler:3.14.0:testCompile (default-testCompile) @ studysync-backend ---
[INFO] Nothing to compile - all classes are up to date.
[INFO] 
[INFO] <<< spring-boot:3.5.6:run (default-cli) < test-compile @ studysync-backend <<<
[INFO] 
[INFO] 
[INFO] --- spring-boot:3.5.6:run (default-cli) @ studysync-backend ---
[INFO] Attaching agents: []

  .   ____          _            __ _ _
 /\\ / ___'_ __ _ _(_)_ __  __ _ \ \ \ \
( ( )\___ | '_ | '_| | '_ \/ _` | \ \ \ \
 \\/  ___)| |_)| | | | | || (_| |  ) ) ) )
  '  |____| .__|_| |_|_| |_\__, | / / / /
 =========|_|==============|___/=/_/_/_/

 :: Spring Boot ::                (v3.5.6)

2026-02-07T23:10:23.921+05:30  INFO 21628 --- [studysync-backend] [  restartedMain] c.s.s.StudysyncBackendApplication        : Starting StudysyncBackendApplication using Java 21.0.1 with PID 21628 (E:\Studysync new\studysync-backend\target\classes started by harsh in E:\Studysync new\studysync-backend)
2026-02-07T23:10:23.925+05:30  INFO 21628 --- [studysync-backend] [  restartedMain] c.s.s.StudysyncBackendApplication        : No active profile set, falling back to 1 default profile: "default"
2026-02-07T23:10:24.070+05:30  INFO 21628 --- [studysync-backend] [  restartedMain] .e.DevToolsPropertyDefaultsPostProcessor : Devtools property defaults active! Set 'spring.devtools.add-properties' to 'false' to disable
2026-02-07T23:10:24.070+05:30  INFO 21628 --- [studysync-backend] [  restartedMain] .e.DevToolsPropertyDefaultsPostProcessor : For additional web related logging consider setting the 'logging.level.web' property to 'DEBUG'
2026-02-07T23:10:27.130+05:30  INFO 21628 --- [studysync-backend] [  restartedMain] .s.d.r.c.RepositoryConfigurationDelegate : Bootstrapping Spring Data JPA repositories in DEFAULT mode.
2026-02-07T23:10:27.380+05:30  INFO 21628 --- [studysync-backend] [  restartedMain] .s.d.r.c.RepositoryConfigurationDelegate : Finished Spring Data repository scanning in 234 ms. Found 11 JPA repository interfaces.
2026-02-07T23:10:29.134+05:30  INFO 21628 --- [studysync-backend] [  restartedMain] o.s.b.w.embedded.tomcat.TomcatWebServer  : Tomcat initialized with port 8080 (http)
2026-02-07T23:10:29.148+05:30  INFO 21628 --- [studysync-backend] [  restartedMain] o.apache.catalina.core.StandardService   : Starting service [Tomcat]
2026-02-07T23:10:29.148+05:30  INFO 21628 --- [studysync-backend] [  restartedMain] o.apache.catalina.core.StandardEngine    : Starting Servlet engine: [Apache Tomcat/10.1.46]
2026-02-07T23:10:29.190+05:30  INFO 21628 --- [studysync-backend] [  restartedMain] o.a.c.c.C.[Tomcat].[localhost].[/]       : Initializing Spring embedded WebApplicationContext
2026-02-07T23:10:29.192+05:30  INFO 21628 --- [studysync-backend] [  restartedMain] w.s.c.ServletWebServerApplicationContext : Root WebApplicationContext: initialization completed in 5120 ms
2026-02-07T23:10:29.493+05:30  INFO 21628 --- [studysync-backend] [  restartedMain] o.hibernate.jpa.internal.util.LogHelper  : HHH000204: Processing PersistenceUnitInfo [name: default]
2026-02-07T23:10:29.539+05:30  INFO 21628 --- [studysync-backend] [  restartedMain] org.hibernate.Version                    : HHH000412: Hibernate ORM core version 6.6.29.Final
2026-02-07T23:10:29.567+05:30  INFO 21628 --- [studysync-backend] [  restartedMain] o.h.c.internal.RegionFactoryInitiator    : HHH000026: Second-level cache disabled
2026-02-07T23:10:29.840+05:30  INFO 21628 --- [studysync-backend] [  restartedMain] o.s.o.j.p.SpringPersistenceUnitInfo      : No LoadTimeWeaver setup: ignoring JPA class transformer
2026-02-07T23:10:29.871+05:30  INFO 21628 --- [studysync-backend] [  restartedMain] com.zaxxer.hikari.HikariDataSource       : HikariPool-1 - Starting...
2026-02-07T23:10:30.516+05:30  INFO 21628 --- [studysync-backend] [  restartedMain] com.zaxxer.hikari.pool.HikariPool        : HikariPool-1 - Added connection com.mysql.cj.jdbc.ConnectionImpl@40376e27
2026-02-07T23:10:30.520+05:30  INFO 21628 --- [studysync-backend] [  restartedMain] com.zaxxer.hikari.HikariDataSource       : HikariPool-1 - Start completed.
2026-02-07T23:10:30.621+05:30  WARN 21628 --- [studysync-backend] [  restartedMain] org.hibernate.orm.deprecation            : HHH90000025: MySQLDialect does not need to be specified explicitly using 'hibernate.dialect' (remove the property setting and it will be selected by default)
2026-02-07T23:10:30.663+05:30  INFO 21628 --- [studysync-backend] [  restartedMain] org.hibernate.orm.connections.pooling    : HHH10001005: Database info:
	Database JDBC URL [Connecting through datasource 'HikariDataSource (HikariPool-1)']
	Database driver: undefined/unknown
	Database version: 8.0.35
	Autocommit mode: undefined/unknown
	Isolation level: undefined/unknown
	Minimum pool size: undefined/unknown
	Maximum pool size: undefined/unknown
2026-02-07T23:10:33.923+05:30  INFO 21628 --- [studysync-backend] [  restartedMain] o.h.e.t.j.p.i.JtaPlatformInitiator       : HHH000489: No JTA platform available (set 'hibernate.transaction.jta.platform' to enable JTA platform integration)
Hibernate: alter table badges modify column target_role enum ('ADMIN','STUDENT','TUTOR')
2026-02-07T23:10:34.308+05:30  INFO 21628 --- [studysync-backend] [  restartedMain] j.LocalContainerEntityManagerFactoryBean : Initialized JPA EntityManagerFactory for persistence unit 'default'
2026-02-07T23:10:34.923+05:30  INFO 21628 --- [studysync-backend] [  restartedMain] o.s.d.j.r.query.QueryEnhancerFactory     : Hibernate is in classpath; If applicable, HQL parser will be used.
2026-02-07T23:10:36.388+05:30  INFO 21628 --- [studysync-backend] [  restartedMain] r$InitializeUserDetailsManagerConfigurer : Global AuthenticationManager configured with UserDetailsService bean with name userDetailsService
2026-02-07T23:10:37.120+05:30  WARN 21628 --- [studysync-backend] [  restartedMain] JpaBaseConfiguration$JpaWebConfiguration : spring.jpa.open-in-view is enabled by default. Therefore, database queries may be performed during view rendering. Explicitly configure spring.jpa.open-in-view to disable this warning
2026-02-07T23:10:38.639+05:30  INFO 21628 --- [studysync-backend] [  restartedMain] o.s.b.a.e.web.EndpointLinksResolver      : Exposing 1 endpoint beneath base path '/actuator'
2026-02-07T23:10:40.472+05:30  INFO 21628 --- [studysync-backend] [  restartedMain] o.s.b.d.a.OptionalLiveReloadServer       : LiveReload server is running on port 35729
2026-02-07T23:10:40.731+05:30  INFO 21628 --- [studysync-backend] [  restartedMain] o.s.m.s.b.SimpleBrokerMessageHandler     : Starting...
2026-02-07T23:10:40.732+05:30  INFO 21628 --- [studysync-backend] [  restartedMain] o.s.m.s.b.SimpleBrokerMessageHandler     : BrokerAvailabilityEvent[available=true, SimpleBrokerMessageHandler [org.springframework.messaging.simp.broker.DefaultSubscriptionRegistry@14f8229c]]
2026-02-07T23:10:40.734+05:30  INFO 21628 --- [studysync-backend] [  restartedMain] o.s.m.s.b.SimpleBrokerMessageHandler     : Started.
2026-02-07T23:10:40.793+05:30  INFO 21628 --- [studysync-backend] [  restartedMain] o.s.b.w.embedded.tomcat.TomcatWebServer  : Tomcat started on port 8080 (http) with context path '/'
2026-02-07T23:10:40.840+05:30  INFO 21628 --- [studysync-backend] [  restartedMain] c.s.s.StudysyncBackendApplication        : Started StudysyncBackendApplication in 17.808 seconds (process running for 18.782)
Hibernate: select count(*) from badges b1_0
Hibernate: select u1_0.id,u1_0.avatar_url,u1_0.bio,u1_0.current_streak,u1_0.email,u1_0.first_name,u1_0.last_login_date,u1_0.last_name,u1_0.password,u1_0.points,u1_0.profession,u1_0.role from users u1_0 where u1_0.email=?
Hibernate: select u1_0.id,u1_0.avatar_url,u1_0.bio,u1_0.current_streak,u1_0.email,u1_0.first_name,u1_0.last_login_date,u1_0.last_name,u1_0.password,u1_0.points,u1_0.profession,u1_0.role from users u1_0 where u1_0.id=?
Hibernate: update users set avatar_url=?,bio=?,current_streak=?,email=?,first_name=?,last_login_date=?,last_name=?,password=?,points=?,profession=?,role=? where id=?
Admin user updated/created: admin@studysync.com / password (Role: ADMIN)
Hibernate: select u1_0.id,u1_0.avatar_url,u1_0.bio,u1_0.current_streak,u1_0.email,u1_0.first_name,u1_0.last_login_date,u1_0.last_name,u1_0.password,u1_0.points,u1_0.profession,u1_0.role from users u1_0 where u1_0.email=?
Hibernate: select u1_0.id,u1_0.avatar_url,u1_0.bio,u1_0.current_streak,u1_0.email,u1_0.first_name,u1_0.last_login_date,u1_0.last_name,u1_0.password,u1_0.points,u1_0.profession,u1_0.role from users u1_0 where u1_0.id=?
Hibernate: update users set avatar_url=?,bio=?,current_streak=?,email=?,first_name=?,last_login_date=?,last_name=?,password=?,points=?,profession=?,role=? where id=?
Standard user updated/created: user@studysync.com / password
Hibernate: select u1_0.id,u1_0.avatar_url,u1_0.bio,u1_0.current_streak,u1_0.email,u1_0.first_name,u1_0.last_login_date,u1_0.last_name,u1_0.password,u1_0.points,u1_0.profession,u1_0.role from users u1_0 where u1_0.email=?
Hibernate: select u1_0.id,u1_0.avatar_url,u1_0.bio,u1_0.current_streak,u1_0.email,u1_0.first_name,u1_0.last_login_date,u1_0.last_name,u1_0.password,u1_0.points,u1_0.profession,u1_0.role from users u1_0 where u1_0.id=?
Hibernate: update users set avatar_url=?,bio=?,current_streak=?,email=?,first_name=?,last_login_date=?,last_name=?,password=?,points=?,profession=?,role=? where id=?
Dedicated tutor updated/created: tutor@studysync.com / password
Hibernate: select c1_0.id,c1_0.approval_status,c1_0.average_rating,c1_0.category,c1_0.description,c1_0.is_published,c1_0.level,c1_0.price,c1_0.thumbnail,c1_0.title,c1_0.tutor_id,c1_0.view_count from courses c1_0
Hibernate: select c1_0.id,c1_0.approval_status,c1_0.average_rating,c1_0.category,c1_0.description,c1_0.is_published,c1_0.level,c1_0.price,c1_0.thumbnail,c1_0.title,c1_0.tutor_id,c1_0.view_count,m1_0.course_id,m1_0.id,m1_0.content,m1_0.notes_url,q1_0.id,q1_0.module_id,q1_0.title,m1_0.title,m1_0.video_url from courses c1_0 left join modules m1_0 on c1_0.id=m1_0.course_id left join quizzes q1_0 on m1_0.id=q1_0.module_id where c1_0.id=?
Ensured demo course is published: Introduction to StudySync
2026-02-07T23:11:40.603+05:30  INFO 21628 --- [studysync-backend] [MessageBroker-1] o.s.w.s.c.WebSocketMessageBrokerStats    : WebSocketSession[0 current WS(0)-HttpStream(0)-HttpPoll(0), 0 total, 0 closed abnormally (0 connect failure, 0 send limit, 0 transport error)], stompSubProtocol[processed CONNECT(0)-CONNECTED(0)-DISCONNECT(0)], stompBrokerRelay[null], inboundChannel[pool size = 0, active threads = 0, queued tasks = 0, completed tasks = 0], outboundChannel[pool size = 0, active threads = 0, queued tasks = 0, completed tasks = 0], sockJsScheduler[pool size = 1, active threads = 1, queued tasks = 0, completed tasks = 0]
2026-02-07T23:11:42.664+05:30  INFO 21628 --- [studysync-backend] [nio-8080-exec-7] o.a.c.c.C.[Tomcat].[localhost].[/]       : Initializing Spring DispatcherServlet 'dispatcherServlet'
2026-02-07T23:11:42.665+05:30  INFO 21628 --- [studysync-backend] [nio-8080-exec-7] o.s.web.servlet.DispatcherServlet        : Initializing Servlet 'dispatcherServlet'
2026-02-07T23:11:42.668+05:30  INFO 21628 --- [studysync-backend] [nio-8080-exec-7] o.s.web.servlet.DispatcherServlet        : Completed initialization in 2 ms
Hibernate: select u1_0.id,u1_0.avatar_url,u1_0.bio,u1_0.current_streak,u1_0.email,u1_0.first_name,u1_0.last_login_date,u1_0.last_name,u1_0.password,u1_0.points,u1_0.profession,u1_0.role from users u1_0 where u1_0.email=?
Hibernate: select u1_0.id,u1_0.avatar_url,u1_0.bio,u1_0.current_streak,u1_0.email,u1_0.first_name,u1_0.last_login_date,u1_0.last_name,u1_0.password,u1_0.points,u1_0.profession,u1_0.role from users u1_0 where u1_0.email=?
Hibernate: select ua1_0.id,ua1_0.activity_date,ua1_0.count,ua1_0.user_id from user_activities ua1_0 left join users u1_0 on u1_0.id=ua1_0.user_id where u1_0.id=? and ua1_0.activity_date=?
Hibernate: insert into user_activities (activity_date,count,user_id) values (?,?,?)
Hibernate: update users set avatar_url=?,bio=?,current_streak=?,email=?,first_name=?,last_login_date=?,last_name=?,password=?,points=?,profession=?,role=? where id=?
Hibernate: select u1_0.id,u1_0.avatar_url,u1_0.bio,u1_0.current_streak,u1_0.email,u1_0.first_name,u1_0.last_login_date,u1_0.last_name,u1_0.password,u1_0.points,u1_0.profession,u1_0.role from users u1_0 where u1_0.email=?
Hibernate: select u1_0.id,u1_0.avatar_url,u1_0.bio,u1_0.current_streak,u1_0.email,u1_0.first_name,u1_0.last_login_date,u1_0.last_name,u1_0.password,u1_0.points,u1_0.profession,u1_0.role from users u1_0 where u1_0.email=?
Hibernate: select ua1_0.id,ua1_0.activity_date,ua1_0.count,ua1_0.user_id from user_activities ua1_0 left join users u1_0 on u1_0.id=ua1_0.user_id where u1_0.id=? and ua1_0.activity_date=?
Hibernate: insert into user_activities (activity_date,count,user_id) values (?,?,?)
Hibernate: update users set avatar_url=?,bio=?,current_streak=?,email=?,first_name=?,last_login_date=?,last_name=?,password=?,points=?,profession=?,role=? where id=?
Hibernate: select u1_0.id,u1_0.avatar_url,u1_0.bio,u1_0.current_streak,u1_0.email,u1_0.first_name,u1_0.last_login_date,u1_0.last_name,u1_0.password,u1_0.points,u1_0.profession,u1_0.role from users u1_0 where u1_0.email=?
Hibernate: select u1_0.id,u1_0.avatar_url,u1_0.bio,u1_0.current_streak,u1_0.email,u1_0.first_name,u1_0.last_login_date,u1_0.last_name,u1_0.password,u1_0.points,u1_0.profession,u1_0.role from users u1_0 where u1_0.email=?
Hibernate: select u1_0.id,u1_0.avatar_url,u1_0.bio,u1_0.current_streak,u1_0.email,u1_0.first_name,u1_0.last_login_date,u1_0.last_name,u1_0.password,u1_0.points,u1_0.profession,u1_0.role from users u1_0 where u1_0.email=?
Hibernate: select u1_0.id,u1_0.avatar_url,u1_0.bio,u1_0.current_streak,u1_0.email,u1_0.first_name,u1_0.last_login_date,u1_0.last_name,u1_0.password,u1_0.points,u1_0.profession,u1_0.role from users u1_0 where u1_0.email=?
Hibernate: select e1_0.id,e1_0.course_id,e1_0.enrolled_at,e1_0.last_accessed,e1_0.progress,e1_0.user_id from enrollments e1_0 left join users u1_0 on u1_0.id=e1_0.user_id where u1_0.id=?
Hibernate: select e1_0.id,e1_0.course_id,e1_0.enrolled_at,e1_0.last_accessed,e1_0.progress,e1_0.user_id from enrollments e1_0 left join users u1_0 on u1_0.id=e1_0.user_id where u1_0.id=?
Hibernate: select eb1_0.id,eb1_0.badge_id,eb1_0.earned_at,eb1_0.user_id from earned_badges eb1_0 left join users u1_0 on u1_0.id=eb1_0.user_id where u1_0.id=? order by eb1_0.earned_at desc
Hibernate: select wi1_0.id,wi1_0.added_at,wi1_0.course_id,wi1_0.user_id from wishlist_items wi1_0 left join users u1_0 on u1_0.id=wi1_0.user_id where u1_0.id=? order by wi1_0.added_at desc
Hibernate: select c1_0.id,c1_0.approval_status,c1_0.average_rating,c1_0.category,c1_0.description,c1_0.is_published,c1_0.level,c1_0.price,c1_0.thumbnail,c1_0.title,c1_0.tutor_id,c1_0.view_count from courses c1_0 where c1_0.is_published and c1_0.approval_status=? order by c1_0.view_count desc limit ?
Hibernate: select u1_0.id,u1_0.avatar_url,u1_0.bio,u1_0.current_streak,u1_0.email,u1_0.first_name,u1_0.last_login_date,u1_0.last_name,u1_0.password,u1_0.points,u1_0.profession,u1_0.role from users u1_0 where u1_0.email=?
Hibernate: select u1_0.id,u1_0.avatar_url,u1_0.bio,u1_0.current_streak,u1_0.email,u1_0.first_name,u1_0.last_login_date,u1_0.last_name,u1_0.password,u1_0.points,u1_0.profession,u1_0.role from users u1_0 where u1_0.email=?
Hibernate: select c1_0.id,c1_0.approval_status,c1_0.average_rating,c1_0.category,c1_0.description,c1_0.is_published,c1_0.level,c1_0.price,c1_0.thumbnail,c1_0.title,c1_0.tutor_id,c1_0.view_count from courses c1_0 where c1_0.is_published and c1_0.approval_status=? order by c1_0.average_rating desc limit ?
Hibernate: select eb1_0.id,eb1_0.badge_id,eb1_0.earned_at,eb1_0.user_id from earned_badges eb1_0 left join users u1_0 on u1_0.id=eb1_0.user_id where u1_0.id=? order by eb1_0.earned_at desc
Hibernate: select wi1_0.id,wi1_0.added_at,wi1_0.course_id,wi1_0.user_id from wishlist_items wi1_0 left join users u1_0 on u1_0.id=wi1_0.user_id where u1_0.id=? order by wi1_0.added_at desc
Hibernate: select u1_0.id,u1_0.avatar_url,u1_0.bio,u1_0.current_streak,u1_0.email,u1_0.first_name,u1_0.last_login_date,u1_0.last_name,u1_0.password,u1_0.points,u1_0.profession,u1_0.role from users u1_0 where u1_0.id=?
Hibernate: select mp1_0.id,mp1_0.completed,mp1_0.last_accessed,mp1_0.last_position,mp1_0.module_id,mp1_0.percentage,mp1_0.user_id from module_progress mp1_0 left join users u1_0 on u1_0.id=mp1_0.user_id left join modules m1_0 on m1_0.id=mp1_0.module_id left join courses c1_0 on c1_0.id=m1_0.course_id where u1_0.id=? and c1_0.id=?
Hibernate: select u1_0.id,u1_0.avatar_url,u1_0.bio,u1_0.current_streak,u1_0.email,u1_0.first_name,u1_0.last_login_date,u1_0.last_name,u1_0.password,u1_0.points,u1_0.profession,u1_0.role from users u1_0 where u1_0.email=?
Hibernate: select m1_0.course_id,m1_0.id,m1_0.content,m1_0.notes_url,q1_0.id,q1_0.module_id,q1_0.title,m1_0.title,m1_0.video_url from modules m1_0 left join quizzes q1_0 on m1_0.id=q1_0.module_id where m1_0.course_id=?
Hibernate: select wi1_0.id,wi1_0.added_at,wi1_0.course_id,wi1_0.user_id from wishlist_items wi1_0 left join users u1_0 on u1_0.id=wi1_0.user_id where u1_0.id=? order by wi1_0.added_at desc
Hibernate: select u1_0.id,u1_0.avatar_url,u1_0.bio,u1_0.current_streak,u1_0.email,u1_0.first_name,u1_0.last_login_date,u1_0.last_name,u1_0.password,u1_0.points,u1_0.profession,u1_0.role from users u1_0 where u1_0.email=?
Hibernate: select q1_0.quiz_id,q1_0.id,q1_0.correct_option_index,q1_0.text from questions q1_0 where q1_0.quiz_id=?
Hibernate: select wi1_0.id,wi1_0.added_at,wi1_0.course_id,wi1_0.user_id from wishlist_items wi1_0 left join users u1_0 on u1_0.id=wi1_0.user_id where u1_0.id=? order by wi1_0.added_at desc
Hibernate: select u1_0.id,u1_0.avatar_url,u1_0.bio,u1_0.current_streak,u1_0.email,u1_0.first_name,u1_0.last_login_date,u1_0.last_name,u1_0.password,u1_0.points,u1_0.profession,u1_0.role from users u1_0 where u1_0.email=?
Hibernate: select u1_0.id,u1_0.avatar_url,u1_0.bio,u1_0.current_streak,u1_0.email,u1_0.first_name,u1_0.last_login_date,u1_0.last_name,u1_0.password,u1_0.points,u1_0.profession,u1_0.role from users u1_0 where u1_0.id=?
Hibernate: select mp1_0.id,mp1_0.completed,mp1_0.last_accessed,mp1_0.last_position,mp1_0.module_id,mp1_0.percentage,mp1_0.user_id from module_progress mp1_0 left join users u1_0 on u1_0.id=mp1_0.user_id left join modules m1_0 on m1_0.id=mp1_0.module_id left join courses c1_0 on c1_0.id=m1_0.course_id where u1_0.id=? and c1_0.id=?
Hibernate: select m1_0.course_id,m1_0.id,m1_0.content,m1_0.notes_url,q1_0.id,q1_0.module_id,q1_0.title,m1_0.title,m1_0.video_url from modules m1_0 left join quizzes q1_0 on m1_0.id=q1_0.module_id where m1_0.course_id=?
Hibernate: select wi1_0.id,wi1_0.added_at,wi1_0.course_id,wi1_0.user_id from wishlist_items wi1_0 left join users u1_0 on u1_0.id=wi1_0.user_id where u1_0.id=? order by wi1_0.added_at desc
Hibernate: select mp1_0.id,mp1_0.completed,mp1_0.last_accessed,mp1_0.last_position,mp1_0.module_id,mp1_0.percentage,mp1_0.user_id from module_progress mp1_0 left join users u1_0 on u1_0.id=mp1_0.user_id left join modules m1_0 on m1_0.id=mp1_0.module_id left join courses c1_0 on c1_0.id=m1_0.course_id where u1_0.id=? and c1_0.id=?
Hibernate: select m1_0.course_id,m1_0.id,m1_0.content,m1_0.notes_url,q1_0.id,q1_0.module_id,q1_0.title,m1_0.title,m1_0.video_url from modules m1_0 left join quizzes q1_0 on m1_0.id=q1_0.module_id where m1_0.course_id=?
Hibernate: select mp1_0.id,mp1_0.completed,mp1_0.last_accessed,mp1_0.last_position,mp1_0.module_id,mp1_0.percentage,mp1_0.user_id from module_progress mp1_0 left join users u1_0 on u1_0.id=mp1_0.user_id left join modules m1_0 on m1_0.id=mp1_0.module_id left join courses c1_0 on c1_0.id=m1_0.course_id where u1_0.id=? and c1_0.id=?
Hibernate: select m1_0.course_id,m1_0.id,m1_0.content,m1_0.notes_url,q1_0.id,q1_0.module_id,q1_0.title,m1_0.title,m1_0.video_url from modules m1_0 left join quizzes q1_0 on m1_0.id=q1_0.module_id where m1_0.course_id=?
Hibernate: select mp1_0.id,mp1_0.completed,mp1_0.last_accessed,mp1_0.last_position,mp1_0.module_id,mp1_0.percentage,mp1_0.user_id from module_progress mp1_0 left join users u1_0 on u1_0.id=mp1_0.user_id left join modules m1_0 on m1_0.id=mp1_0.module_id left join courses c1_0 on c1_0.id=m1_0.course_id where u1_0.id=? and c1_0.id=?
Hibernate: select m1_0.course_id,m1_0.id,m1_0.content,m1_0.notes_url,q1_0.id,q1_0.module_id,q1_0.title,m1_0.title,m1_0.video_url from modules m1_0 left join quizzes q1_0 on m1_0.id=q1_0.module_id where m1_0.course_id=?
Hibernate: select o1_0.question_id,o1_0.option_text from question_options o1_0 where o1_0.question_id=?
Hibernate: select o1_0.question_id,o1_0.option_text from question_options o1_0 where o1_0.question_id=?
Hibernate: select o1_0.question_id,o1_0.option_text from question_options o1_0 where o1_0.question_id=?
Hibernate: select o1_0.question_id,o1_0.option_text from question_options o1_0 where o1_0.question_id=?
Hibernate: select o1_0.question_id,o1_0.option_text from question_options o1_0 where o1_0.question_id=?
Hibernate: select u1_0.id,u1_0.avatar_url,u1_0.bio,u1_0.current_streak,u1_0.email,u1_0.first_name,u1_0.last_login_date,u1_0.last_name,u1_0.password,u1_0.points,u1_0.profession,u1_0.role from users u1_0 where u1_0.email=?
Hibernate: select u1_0.id,u1_0.avatar_url,u1_0.bio,u1_0.current_streak,u1_0.email,u1_0.first_name,u1_0.last_login_date,u1_0.last_name,u1_0.password,u1_0.points,u1_0.profession,u1_0.role from users u1_0 where u1_0.email=?
Hibernate: select wi1_0.id,wi1_0.added_at,wi1_0.course_id,wi1_0.user_id from wishlist_items wi1_0 left join users u1_0 on u1_0.id=wi1_0.user_id where u1_0.id=? order by wi1_0.added_at desc
Hibernate: select e1_0.id,e1_0.course_id,e1_0.enrolled_at,e1_0.last_accessed,e1_0.progress,e1_0.user_id from enrollments e1_0 left join users u1_0 on u1_0.id=e1_0.user_id where u1_0.id=?
Hibernate: select c1_0.id,c1_0.approval_status,c1_0.average_rating,c1_0.category,c1_0.description,c1_0.is_published,c1_0.level,c1_0.price,c1_0.thumbnail,c1_0.title,c1_0.tutor_id,c1_0.view_count from courses c1_0 where c1_0.is_published and c1_0.approval_status=? order by c1_0.view_count desc limit ?
Hibernate: select c1_0.id,c1_0.approval_status,c1_0.average_rating,c1_0.category,c1_0.description,c1_0.is_published,c1_0.level,c1_0.price,c1_0.thumbnail,c1_0.title,c1_0.tutor_id,c1_0.view_count from courses c1_0 where c1_0.is_published and c1_0.approval_status=? order by c1_0.average_rating desc limit ?
Hibernate: select u1_0.id,u1_0.avatar_url,u1_0.bio,u1_0.current_streak,u1_0.email,u1_0.first_name,u1_0.last_login_date,u1_0.last_name,u1_0.password,u1_0.points,u1_0.profession,u1_0.role from users u1_0 where u1_0.id=?
Hibernate: select mp1_0.id,mp1_0.completed,mp1_0.last_accessed,mp1_0.last_position,mp1_0.module_id,mp1_0.percentage,mp1_0.user_id from module_progress mp1_0 left join users u1_0 on u1_0.id=mp1_0.user_id left join modules m1_0 on m1_0.id=mp1_0.module_id left join courses c1_0 on c1_0.id=m1_0.course_id where u1_0.id=? and c1_0.id=?
Hibernate: select m1_0.course_id,m1_0.id,m1_0.content,m1_0.notes_url,q1_0.id,q1_0.module_id,q1_0.title,m1_0.title,m1_0.video_url from modules m1_0 left join quizzes q1_0 on m1_0.id=q1_0.module_id where m1_0.course_id=?
Hibernate: select q1_0.quiz_id,q1_0.id,q1_0.correct_option_index,q1_0.text from questions q1_0 where q1_0.quiz_id=?
Hibernate: select u1_0.id,u1_0.avatar_url,u1_0.bio,u1_0.current_streak,u1_0.email,u1_0.first_name,u1_0.last_login_date,u1_0.last_name,u1_0.password,u1_0.points,u1_0.profession,u1_0.role from users u1_0 where u1_0.id=?
Hibernate: select mp1_0.id,mp1_0.completed,mp1_0.last_accessed,mp1_0.last_position,mp1_0.module_id,mp1_0.percentage,mp1_0.user_id from module_progress mp1_0 left join users u1_0 on u1_0.id=mp1_0.user_id left join modules m1_0 on m1_0.id=mp1_0.module_id left join courses c1_0 on c1_0.id=m1_0.course_id where u1_0.id=? and c1_0.id=?
Hibernate: select m1_0.course_id,m1_0.id,m1_0.content,m1_0.notes_url,q1_0.id,q1_0.module_id,q1_0.title,m1_0.title,m1_0.video_url from modules m1_0 left join quizzes q1_0 on m1_0.id=q1_0.module_id where m1_0.course_id=?
Hibernate: select mp1_0.id,mp1_0.completed,mp1_0.last_accessed,mp1_0.last_position,mp1_0.module_id,mp1_0.percentage,mp1_0.user_id from module_progress mp1_0 left join users u1_0 on u1_0.id=mp1_0.user_id left join modules m1_0 on m1_0.id=mp1_0.module_id left join courses c1_0 on c1_0.id=m1_0.course_id where u1_0.id=? and c1_0.id=?
Hibernate: select m1_0.course_id,m1_0.id,m1_0.content,m1_0.notes_url,q1_0.id,q1_0.module_id,q1_0.title,m1_0.title,m1_0.video_url from modules m1_0 left join quizzes q1_0 on m1_0.id=q1_0.module_id where m1_0.course_id=?
Hibernate: select mp1_0.id,mp1_0.completed,mp1_0.last_accessed,mp1_0.last_position,mp1_0.module_id,mp1_0.percentage,mp1_0.user_id from module_progress mp1_0 left join users u1_0 on u1_0.id=mp1_0.user_id left join modules m1_0 on m1_0.id=mp1_0.module_id left join courses c1_0 on c1_0.id=m1_0.course_id where u1_0.id=? and c1_0.id=?
Hibernate: select m1_0.course_id,m1_0.id,m1_0.content,m1_0.notes_url,q1_0.id,q1_0.module_id,q1_0.title,m1_0.title,m1_0.video_url from modules m1_0 left join quizzes q1_0 on m1_0.id=q1_0.module_id where m1_0.course_id=?
Hibernate: select mp1_0.id,mp1_0.completed,mp1_0.last_accessed,mp1_0.last_position,mp1_0.module_id,mp1_0.percentage,mp1_0.user_id from module_progress mp1_0 left join users u1_0 on u1_0.id=mp1_0.user_id left join modules m1_0 on m1_0.id=mp1_0.module_id left join courses c1_0 on c1_0.id=m1_0.course_id where u1_0.id=? and c1_0.id=?
Hibernate: select m1_0.course_id,m1_0.id,m1_0.content,m1_0.notes_url,q1_0.id,q1_0.module_id,q1_0.title,m1_0.title,m1_0.video_url from modules m1_0 left join quizzes q1_0 on m1_0.id=q1_0.module_id where m1_0.course_id=?
Hibernate: select o1_0.question_id,o1_0.option_text from question_options o1_0 where o1_0.question_id=?
Hibernate: select o1_0.question_id,o1_0.option_text from question_options o1_0 where o1_0.question_id=?
Hibernate: select o1_0.question_id,o1_0.option_text from question_options o1_0 where o1_0.question_id=?
Hibernate: select o1_0.question_id,o1_0.option_text from question_options o1_0 where o1_0.question_id=?
Hibernate: select o1_0.question_id,o1_0.option_text from question_options o1_0 where o1_0.question_id=?
Hibernate: select u1_0.id,u1_0.avatar_url,u1_0.bio,u1_0.current_streak,u1_0.email,u1_0.first_name,u1_0.last_login_date,u1_0.last_name,u1_0.password,u1_0.points,u1_0.profession,u1_0.role from users u1_0 where u1_0.email=?
Hibernate: select c1_0.id,c1_0.approval_status,c1_0.average_rating,c1_0.category,c1_0.description,c1_0.is_published,c1_0.level,c1_0.price,c1_0.thumbnail,c1_0.title,c1_0.tutor_id,c1_0.view_count from courses c1_0 where coalesce(c1_0.is_published,?) and c1_0.approval_status=? order by c1_0.id desc limit ?,?
Hibernate: select u1_0.id,u1_0.avatar_url,u1_0.bio,u1_0.current_streak,u1_0.email,u1_0.first_name,u1_0.last_login_date,u1_0.last_name,u1_0.password,u1_0.points,u1_0.profession,u1_0.role from users u1_0 where u1_0.id=?
Hibernate: select mp1_0.id,mp1_0.completed,mp1_0.last_accessed,mp1_0.last_position,mp1_0.module_id,mp1_0.percentage,mp1_0.user_id from module_progress mp1_0 left join users u1_0 on u1_0.id=mp1_0.user_id left join modules m1_0 on m1_0.id=mp1_0.module_id left join courses c1_0 on c1_0.id=m1_0.course_id where u1_0.id=? and c1_0.id=?
Hibernate: select m1_0.course_id,m1_0.id,m1_0.content,m1_0.notes_url,q1_0.id,q1_0.module_id,q1_0.title,m1_0.title,m1_0.video_url from modules m1_0 left join quizzes q1_0 on m1_0.id=q1_0.module_id where m1_0.course_id=?
Hibernate: select mp1_0.id,mp1_0.completed,mp1_0.last_accessed,mp1_0.last_position,mp1_0.module_id,mp1_0.percentage,mp1_0.user_id from module_progress mp1_0 left join users u1_0 on u1_0.id=mp1_0.user_id left join modules m1_0 on m1_0.id=mp1_0.module_id left join courses c1_0 on c1_0.id=m1_0.course_id where u1_0.id=? and c1_0.id=?
Hibernate: select m1_0.course_id,m1_0.id,m1_0.content,m1_0.notes_url,q1_0.id,q1_0.module_id,q1_0.title,m1_0.title,m1_0.video_url from modules m1_0 left join quizzes q1_0 on m1_0.id=q1_0.module_id where m1_0.course_id=?
Hibernate: select mp1_0.id,mp1_0.completed,mp1_0.last_accessed,mp1_0.last_position,mp1_0.module_id,mp1_0.percentage,mp1_0.user_id from module_progress mp1_0 left join users u1_0 on u1_0.id=mp1_0.user_id left join modules m1_0 on m1_0.id=mp1_0.module_id left join courses c1_0 on c1_0.id=m1_0.course_id where u1_0.id=? and c1_0.id=?
Hibernate: select m1_0.course_id,m1_0.id,m1_0.content,m1_0.notes_url,q1_0.id,q1_0.module_id,q1_0.title,m1_0.title,m1_0.video_url from modules m1_0 left join quizzes q1_0 on m1_0.id=q1_0.module_id where m1_0.course_id=?
Hibernate: select u1_0.id,u1_0.avatar_url,u1_0.bio,u1_0.current_streak,u1_0.email,u1_0.first_name,u1_0.last_login_date,u1_0.last_name,u1_0.password,u1_0.points,u1_0.profession,u1_0.role from users u1_0 where u1_0.id=?
Hibernate: select mp1_0.id,mp1_0.completed,mp1_0.last_accessed,mp1_0.last_position,mp1_0.module_id,mp1_0.percentage,mp1_0.user_id from module_progress mp1_0 left join users u1_0 on u1_0.id=mp1_0.user_id left join modules m1_0 on m1_0.id=mp1_0.module_id left join courses c1_0 on c1_0.id=m1_0.course_id where u1_0.id=? and c1_0.id=?
Hibernate: select m1_0.course_id,m1_0.id,m1_0.content,m1_0.notes_url,q1_0.id,q1_0.module_id,q1_0.title,m1_0.title,m1_0.video_url from modules m1_0 left join quizzes q1_0 on m1_0.id=q1_0.module_id where m1_0.course_id=?
Hibernate: select mp1_0.id,mp1_0.completed,mp1_0.last_accessed,mp1_0.last_position,mp1_0.module_id,mp1_0.percentage,mp1_0.user_id from module_progress mp1_0 left join users u1_0 on u1_0.id=mp1_0.user_id left join modules m1_0 on m1_0.id=mp1_0.module_id left join courses c1_0 on c1_0.id=m1_0.course_id where u1_0.id=? and c1_0.id=?
Hibernate: select m1_0.course_id,m1_0.id,m1_0.content,m1_0.notes_url,q1_0.id,q1_0.module_id,q1_0.title,m1_0.title,m1_0.video_url from modules m1_0 left join quizzes q1_0 on m1_0.id=q1_0.module_id where m1_0.course_id=?
Hibernate: select q1_0.quiz_id,q1_0.id,q1_0.correct_option_index,q1_0.text from questions q1_0 where q1_0.quiz_id=?
2026-02-07T23:12:11.932+05:30  WARN 21628 --- [studysync-backend] [nio-8080-exec-5] ration$PageModule$WarningLoggingModifier : Serializing PageImpl instances as-is is not supported, meaning that there is no guarantee about the stability of the resulting JSON structure!
	For a stable JSON structure, please use Spring Data's PagedModel (globally via @EnableSpringDataWebSupport(pageSerializationMode = VIA_DTO))
	or Spring HATEOAS and Spring Data's PagedResourcesAssembler as documented in https://docs.spring.io/spring-data/commons/reference/repositories/core-extensions.html#core.web.pageables.

Hibernate: select o1_0.question_id,o1_0.option_text from question_options o1_0 where o1_0.question_id=?
Hibernate: select o1_0.question_id,o1_0.option_text from question_options o1_0 where o1_0.question_id=?
Hibernate: select o1_0.question_id,o1_0.option_text from question_options o1_0 where o1_0.question_id=?
Hibernate: select o1_0.question_id,o1_0.option_text from question_options o1_0 where o1_0.question_id=?
Hibernate: select o1_0.question_id,o1_0.option_text from question_options o1_0 where o1_0.question_id=?
Hibernate: select u1_0.id,u1_0.avatar_url,u1_0.bio,u1_0.current_streak,u1_0.email,u1_0.first_name,u1_0.last_login_date,u1_0.last_name,u1_0.password,u1_0.points,u1_0.profession,u1_0.role from users u1_0 where u1_0.email=?
Hibernate: select u1_0.id,u1_0.avatar_url,u1_0.bio,u1_0.current_streak,u1_0.email,u1_0.first_name,u1_0.last_login_date,u1_0.last_name,u1_0.password,u1_0.points,u1_0.profession,u1_0.role from users u1_0 order by u1_0.points desc limit ?
Hibernate: select count(eb1_0.id) from earned_badges eb1_0 left join users u1_0 on u1_0.id=eb1_0.user_id where u1_0.id=?
Hibernate: select count(eb1_0.id) from earned_badges eb1_0 left join users u1_0 on u1_0.id=eb1_0.user_id where u1_0.id=?
Hibernate: select count(eb1_0.id) from earned_badges eb1_0 left join users u1_0 on u1_0.id=eb1_0.user_id where u1_0.id=?
Hibernate: select count(eb1_0.id) from earned_badges eb1_0 left join users u1_0 on u1_0.id=eb1_0.user_id where u1_0.id=?
Hibernate: select count(eb1_0.id) from earned_badges eb1_0 left join users u1_0 on u1_0.id=eb1_0.user_id where u1_0.id=?
Hibernate: select count(eb1_0.id) from earned_badges eb1_0 left join users u1_0 on u1_0.id=eb1_0.user_id where u1_0.id=?
Hibernate: select count(eb1_0.id) from earned_badges eb1_0 left join users u1_0 on u1_0.id=eb1_0.user_id where u1_0.id=?
Hibernate: select count(eb1_0.id) from earned_badges eb1_0 left join users u1_0 on u1_0.id=eb1_0.user_id where u1_0.id=?
Hibernate: select count(eb1_0.id) from earned_badges eb1_0 left join users u1_0 on u1_0.id=eb1_0.user_id where u1_0.id=?
Hibernate: select count(eb1_0.id) from earned_badges eb1_0 left join users u1_0 on u1_0.id=eb1_0.user_id where u1_0.id=?
Hibernate: select u1_0.id,u1_0.avatar_url,u1_0.bio,u1_0.current_streak,u1_0.email,u1_0.first_name,u1_0.last_login_date,u1_0.last_name,u1_0.password,u1_0.points,u1_0.profession,u1_0.role from users u1_0 where u1_0.email=?
Hibernate: select u1_0.id,u1_0.avatar_url,u1_0.bio,u1_0.current_streak,u1_0.email,u1_0.first_name,u1_0.last_login_date,u1_0.last_name,u1_0.password,u1_0.points,u1_0.profession,u1_0.role from users u1_0 where u1_0.email=?
Hibernate: select u1_0.id,u1_0.avatar_url,u1_0.bio,u1_0.current_streak,u1_0.email,u1_0.first_name,u1_0.last_login_date,u1_0.last_name,u1_0.password,u1_0.points,u1_0.profession,u1_0.role from users u1_0 order by u1_0.points desc limit ?
Hibernate: select eb1_0.id,eb1_0.badge_id,eb1_0.earned_at,eb1_0.user_id from earned_badges eb1_0 left join users u1_0 on u1_0.id=eb1_0.user_id where u1_0.id=? order by eb1_0.earned_at desc
Hibernate: select count(eb1_0.id) from earned_badges eb1_0 left join users u1_0 on u1_0.id=eb1_0.user_id where u1_0.id=?
Hibernate: select count(eb1_0.id) from earned_badges eb1_0 left join users u1_0 on u1_0.id=eb1_0.user_id where u1_0.id=?
Hibernate: select count(eb1_0.id) from earned_badges eb1_0 left join users u1_0 on u1_0.id=eb1_0.user_id where u1_0.id=?
Hibernate: select count(eb1_0.id) from earned_badges eb1_0 left join users u1_0 on u1_0.id=eb1_0.user_id where u1_0.id=?
Hibernate: select count(eb1_0.id) from earned_badges eb1_0 left join users u1_0 on u1_0.id=eb1_0.user_id where u1_0.id=?
Hibernate: select count(eb1_0.id) from earned_badges eb1_0 left join users u1_0 on u1_0.id=eb1_0.user_id where u1_0.id=?
Hibernate: select count(eb1_0.id) from earned_badges eb1_0 left join users u1_0 on u1_0.id=eb1_0.user_id where u1_0.id=?
Hibernate: select count(eb1_0.id) from earned_badges eb1_0 left join users u1_0 on u1_0.id=eb1_0.user_id where u1_0.id=?
Hibernate: select count(eb1_0.id) from earned_badges eb1_0 left join users u1_0 on u1_0.id=eb1_0.user_id where u1_0.id=?
Hibernate: select count(eb1_0.id) from earned_badges eb1_0 left join users u1_0 on u1_0.id=eb1_0.user_id where u1_0.id=?
Hibernate: select u1_0.id,u1_0.avatar_url,u1_0.bio,u1_0.current_streak,u1_0.email,u1_0.first_name,u1_0.last_login_date,u1_0.last_name,u1_0.password,u1_0.points,u1_0.profession,u1_0.role from users u1_0 where u1_0.email=?
Hibernate: select eb1_0.id,eb1_0.badge_id,eb1_0.earned_at,eb1_0.user_id from earned_badges eb1_0 left join users u1_0 on u1_0.id=eb1_0.user_id where u1_0.id=? order by eb1_0.earned_at desc
Hibernate: select u1_0.id,u1_0.avatar_url,u1_0.bio,u1_0.current_streak,u1_0.email,u1_0.first_name,u1_0.last_login_date,u1_0.last_name,u1_0.password,u1_0.points,u1_0.profession,u1_0.role from users u1_0 where u1_0.email=?
Hibernate: select u1_0.id,u1_0.avatar_url,u1_0.bio,u1_0.current_streak,u1_0.email,u1_0.first_name,u1_0.last_login_date,u1_0.last_name,u1_0.password,u1_0.points,u1_0.profession,u1_0.role from users u1_0 where u1_0.email=?
Hibernate: select u1_0.id,u1_0.avatar_url,u1_0.bio,u1_0.current_streak,u1_0.email,u1_0.first_name,u1_0.last_login_date,u1_0.last_name,u1_0.password,u1_0.points,u1_0.profession,u1_0.role from users u1_0 where u1_0.email=?
Hibernate: select u1_0.id,u1_0.avatar_url,u1_0.bio,u1_0.current_streak,u1_0.email,u1_0.first_name,u1_0.last_login_date,u1_0.last_name,u1_0.password,u1_0.points,u1_0.profession,u1_0.role from users u1_0 where u1_0.email=?
Hibernate: select wi1_0.id,wi1_0.added_at,wi1_0.course_id,wi1_0.user_id from wishlist_items wi1_0 left join users u1_0 on u1_0.id=wi1_0.user_id where u1_0.id=? order by wi1_0.added_at desc
Hibernate: select eb1_0.id,eb1_0.badge_id,eb1_0.earned_at,eb1_0.user_id from earned_badges eb1_0 left join users u1_0 on u1_0.id=eb1_0.user_id where u1_0.id=? order by eb1_0.earned_at desc
Hibernate: select u1_0.id,u1_0.avatar_url,u1_0.bio,u1_0.current_streak,u1_0.email,u1_0.first_name,u1_0.last_login_date,u1_0.last_name,u1_0.password,u1_0.points,u1_0.profession,u1_0.role from users u1_0 where u1_0.email=?
Hibernate: select e1_0.id,e1_0.course_id,e1_0.enrolled_at,e1_0.last_accessed,e1_0.progress,e1_0.user_id from enrollments e1_0 left join users u1_0 on u1_0.id=e1_0.user_id where u1_0.id=?
Hibernate: select e1_0.id,e1_0.course_id,e1_0.enrolled_at,e1_0.last_accessed,e1_0.progress,e1_0.user_id from enrollments e1_0 left join users u1_0 on u1_0.id=e1_0.user_id where u1_0.id=?
Hibernate: select c1_0.id,c1_0.approval_status,c1_0.average_rating,c1_0.category,c1_0.description,c1_0.is_published,c1_0.level,c1_0.price,c1_0.thumbnail,c1_0.title,c1_0.tutor_id,c1_0.view_count from courses c1_0 where c1_0.is_published and c1_0.approval_status=? order by c1_0.view_count desc limit ?
Hibernate: select u1_0.id,u1_0.avatar_url,u1_0.bio,u1_0.current_streak,u1_0.email,u1_0.first_name,u1_0.last_login_date,u1_0.last_name,u1_0.password,u1_0.points,u1_0.profession,u1_0.role from users u1_0 where u1_0.email=?
Hibernate: select c1_0.id,c1_0.approval_status,c1_0.average_rating,c1_0.category,c1_0.description,c1_0.is_published,c1_0.level,c1_0.price,c1_0.thumbnail,c1_0.title,c1_0.tutor_id,c1_0.view_count from courses c1_0 where c1_0.is_published and c1_0.approval_status=? order by c1_0.average_rating desc limit ?
Hibernate: select wi1_0.id,wi1_0.added_at,wi1_0.course_id,wi1_0.user_id from wishlist_items wi1_0 left join users u1_0 on u1_0.id=wi1_0.user_id where u1_0.id=? order by wi1_0.added_at desc
Hibernate: select u1_0.id,u1_0.avatar_url,u1_0.bio,u1_0.current_streak,u1_0.email,u1_0.first_name,u1_0.last_login_date,u1_0.last_name,u1_0.password,u1_0.points,u1_0.profession,u1_0.role from users u1_0 where u1_0.id=?
Hibernate: select eb1_0.id,eb1_0.badge_id,eb1_0.earned_at,eb1_0.user_id from earned_badges eb1_0 left join users u1_0 on u1_0.id=eb1_0.user_id where u1_0.id=? order by eb1_0.earned_at desc
Hibernate: select mp1_0.id,mp1_0.completed,mp1_0.last_accessed,mp1_0.last_position,mp1_0.module_id,mp1_0.percentage,mp1_0.user_id from module_progress mp1_0 left join users u1_0 on u1_0.id=mp1_0.user_id left join modules m1_0 on m1_0.id=mp1_0.module_id left join courses c1_0 on c1_0.id=m1_0.course_id where u1_0.id=? and c1_0.id=?
Hibernate: select m1_0.course_id,m1_0.id,m1_0.content,m1_0.notes_url,q1_0.id,q1_0.module_id,q1_0.title,m1_0.title,m1_0.video_url from modules m1_0 left join quizzes q1_0 on m1_0.id=q1_0.module_id where m1_0.course_id=?
Hibernate: select q1_0.quiz_id,q1_0.id,q1_0.correct_option_index,q1_0.text from questions q1_0 where q1_0.quiz_id=?
Hibernate: select u1_0.id,u1_0.avatar_url,u1_0.bio,u1_0.current_streak,u1_0.email,u1_0.first_name,u1_0.last_login_date,u1_0.last_name,u1_0.password,u1_0.points,u1_0.profession,u1_0.role from users u1_0 where u1_0.id=?
Hibernate: select u1_0.id,u1_0.avatar_url,u1_0.bio,u1_0.current_streak,u1_0.email,u1_0.first_name,u1_0.last_login_date,u1_0.last_name,u1_0.password,u1_0.points,u1_0.profession,u1_0.role from users u1_0 where u1_0.email=?
Hibernate: select mp1_0.id,mp1_0.completed,mp1_0.last_accessed,mp1_0.last_position,mp1_0.module_id,mp1_0.percentage,mp1_0.user_id from module_progress mp1_0 left join users u1_0 on u1_0.id=mp1_0.user_id left join modules m1_0 on m1_0.id=mp1_0.module_id left join courses c1_0 on c1_0.id=m1_0.course_id where u1_0.id=? and c1_0.id=?
Hibernate: select m1_0.course_id,m1_0.id,m1_0.content,m1_0.notes_url,q1_0.id,q1_0.module_id,q1_0.title,m1_0.title,m1_0.video_url from modules m1_0 left join quizzes q1_0 on m1_0.id=q1_0.module_id where m1_0.course_id=?
Hibernate: select mp1_0.id,mp1_0.completed,mp1_0.last_accessed,mp1_0.last_position,mp1_0.module_id,mp1_0.percentage,mp1_0.user_id from module_progress mp1_0 left join users u1_0 on u1_0.id=mp1_0.user_id left join modules m1_0 on m1_0.id=mp1_0.module_id left join courses c1_0 on c1_0.id=m1_0.course_id where u1_0.id=? and c1_0.id=?
Hibernate: select m1_0.course_id,m1_0.id,m1_0.content,m1_0.notes_url,q1_0.id,q1_0.module_id,q1_0.title,m1_0.title,m1_0.video_url from modules m1_0 left join quizzes q1_0 on m1_0.id=q1_0.module_id where m1_0.course_id=?
Hibernate: select wi1_0.id,wi1_0.added_at,wi1_0.course_id,wi1_0.user_id from wishlist_items wi1_0 left join users u1_0 on u1_0.id=wi1_0.user_id where u1_0.id=? order by wi1_0.added_at desc
Hibernate: select mp1_0.id,mp1_0.completed,mp1_0.last_accessed,mp1_0.last_position,mp1_0.module_id,mp1_0.percentage,mp1_0.user_id from module_progress mp1_0 left join users u1_0 on u1_0.id=mp1_0.user_id left join modules m1_0 on m1_0.id=mp1_0.module_id left join courses c1_0 on c1_0.id=m1_0.course_id where u1_0.id=? and c1_0.id=?
Hibernate: select m1_0.course_id,m1_0.id,m1_0.content,m1_0.notes_url,q1_0.id,q1_0.module_id,q1_0.title,m1_0.title,m1_0.video_url from modules m1_0 left join quizzes q1_0 on m1_0.id=q1_0.module_id where m1_0.course_id=?
Hibernate: select mp1_0.id,mp1_0.completed,mp1_0.last_accessed,mp1_0.last_position,mp1_0.module_id,mp1_0.percentage,mp1_0.user_id from module_progress mp1_0 left join users u1_0 on u1_0.id=mp1_0.user_id left join modules m1_0 on m1_0.id=mp1_0.module_id left join courses c1_0 on c1_0.id=m1_0.course_id where u1_0.id=? and c1_0.id=?
Hibernate: select u1_0.id,u1_0.avatar_url,u1_0.bio,u1_0.current_streak,u1_0.email,u1_0.first_name,u1_0.last_login_date,u1_0.last_name,u1_0.password,u1_0.points,u1_0.profession,u1_0.role from users u1_0 where u1_0.email=?
Hibernate: select m1_0.course_id,m1_0.id,m1_0.content,m1_0.notes_url,q1_0.id,q1_0.module_id,q1_0.title,m1_0.title,m1_0.video_url from modules m1_0 left join quizzes q1_0 on m1_0.id=q1_0.module_id where m1_0.course_id=?
Hibernate: select o1_0.question_id,o1_0.option_text from question_options o1_0 where o1_0.question_id=?
Hibernate: select o1_0.question_id,o1_0.option_text from question_options o1_0 where o1_0.question_id=?
Hibernate: select o1_0.question_id,o1_0.option_text from question_options o1_0 where o1_0.question_id=?
Hibernate: select o1_0.question_id,o1_0.option_text from question_options o1_0 where o1_0.question_id=?
Hibernate: select wi1_0.id,wi1_0.added_at,wi1_0.course_id,wi1_0.user_id from wishlist_items wi1_0 left join users u1_0 on u1_0.id=wi1_0.user_id where u1_0.id=? order by wi1_0.added_at desc
Hibernate: select o1_0.question_id,o1_0.option_text from question_options o1_0 where o1_0.question_id=?
Hibernate: select u1_0.id,u1_0.avatar_url,u1_0.bio,u1_0.current_streak,u1_0.email,u1_0.first_name,u1_0.last_login_date,u1_0.last_name,u1_0.password,u1_0.points,u1_0.profession,u1_0.role from users u1_0 where u1_0.email=?
Hibernate: select wi1_0.id,wi1_0.added_at,wi1_0.course_id,wi1_0.user_id from wishlist_items wi1_0 left join users u1_0 on u1_0.id=wi1_0.user_id where u1_0.id=? order by wi1_0.added_at desc
Hibernate: select u1_0.id,u1_0.avatar_url,u1_0.bio,u1_0.current_streak,u1_0.email,u1_0.first_name,u1_0.last_login_date,u1_0.last_name,u1_0.password,u1_0.points,u1_0.profession,u1_0.role from users u1_0 where u1_0.email=?
Hibernate: select u1_0.id,u1_0.avatar_url,u1_0.bio,u1_0.current_streak,u1_0.email,u1_0.first_name,u1_0.last_login_date,u1_0.last_name,u1_0.password,u1_0.points,u1_0.profession,u1_0.role from users u1_0 where u1_0.email=?
Hibernate: select u1_0.id,u1_0.avatar_url,u1_0.bio,u1_0.current_streak,u1_0.email,u1_0.first_name,u1_0.last_login_date,u1_0.last_name,u1_0.password,u1_0.points,u1_0.profession,u1_0.role from users u1_0 where u1_0.email=?
Hibernate: select u1_0.id,u1_0.avatar_url,u1_0.bio,u1_0.current_streak,u1_0.email,u1_0.first_name,u1_0.last_login_date,u1_0.last_name,u1_0.password,u1_0.points,u1_0.profession,u1_0.role from users u1_0 where u1_0.email=?
Hibernate: select u1_0.id,u1_0.avatar_url,u1_0.bio,u1_0.current_streak,u1_0.email,u1_0.first_name,u1_0.last_login_date,u1_0.last_name,u1_0.password,u1_0.points,u1_0.profession,u1_0.role from users u1_0 where u1_0.email=?
Hibernate: select u1_0.id,u1_0.avatar_url,u1_0.bio,u1_0.current_streak,u1_0.email,u1_0.first_name,u1_0.last_login_date,u1_0.last_name,u1_0.password,u1_0.points,u1_0.profession,u1_0.role from users u1_0 limit ?,?
Hibernate: select u1_0.id,u1_0.avatar_url,u1_0.bio,u1_0.current_streak,u1_0.email,u1_0.first_name,u1_0.last_login_date,u1_0.last_name,u1_0.password,u1_0.points,u1_0.profession,u1_0.role from users u1_0 where u1_0.email=?
Hibernate: select u1_0.id,u1_0.avatar_url,u1_0.bio,u1_0.current_streak,u1_0.email,u1_0.first_name,u1_0.last_login_date,u1_0.last_name,u1_0.password,u1_0.points,u1_0.profession,u1_0.role from users u1_0 limit ?,?
Hibernate: select u1_0.id,u1_0.avatar_url,u1_0.bio,u1_0.current_streak,u1_0.email,u1_0.first_name,u1_0.last_login_date,u1_0.last_name,u1_0.password,u1_0.points,u1_0.profession,u1_0.role from users u1_0 where u1_0.email=?
Hibernate: select c1_0.id,c1_0.approval_status,c1_0.average_rating,c1_0.category,c1_0.description,c1_0.is_published,c1_0.level,c1_0.price,c1_0.thumbnail,c1_0.title,c1_0.tutor_id,c1_0.view_count from courses c1_0 where c1_0.approval_status=? limit ?
Hibernate: select u1_0.id,u1_0.avatar_url,u1_0.bio,u1_0.current_streak,u1_0.email,u1_0.first_name,u1_0.last_login_date,u1_0.last_name,u1_0.password,u1_0.points,u1_0.profession,u1_0.role from users u1_0 where u1_0.email=?
Hibernate: select u1_0.id,u1_0.avatar_url,u1_0.bio,u1_0.current_streak,u1_0.email,u1_0.first_name,u1_0.last_login_date,u1_0.last_name,u1_0.password,u1_0.points,u1_0.profession,u1_0.role from users u1_0 limit ?,?
Hibernate: select u1_0.id,u1_0.avatar_url,u1_0.bio,u1_0.current_streak,u1_0.email,u1_0.first_name,u1_0.last_login_date,u1_0.last_name,u1_0.password,u1_0.points,u1_0.profession,u1_0.role from users u1_0 where u1_0.email=?
Hibernate: select u1_0.id,u1_0.avatar_url,u1_0.bio,u1_0.current_streak,u1_0.email,u1_0.first_name,u1_0.last_login_date,u1_0.last_name,u1_0.password,u1_0.points,u1_0.profession,u1_0.role from users u1_0 where u1_0.email=?
Hibernate: select u1_0.id,u1_0.avatar_url,u1_0.bio,u1_0.current_streak,u1_0.email,u1_0.first_name,u1_0.last_login_date,u1_0.last_name,u1_0.password,u1_0.points,u1_0.profession,u1_0.role from users u1_0 where u1_0.email=?
Hibernate: select u1_0.id,u1_0.avatar_url,u1_0.bio,u1_0.current_streak,u1_0.email,u1_0.first_name,u1_0.last_login_date,u1_0.last_name,u1_0.password,u1_0.points,u1_0.profession,u1_0.role from users u1_0 limit ?,?
Hibernate: select u1_0.id,u1_0.avatar_url,u1_0.bio,u1_0.current_streak,u1_0.email,u1_0.first_name,u1_0.last_login_date,u1_0.last_name,u1_0.password,u1_0.points,u1_0.profession,u1_0.role from users u1_0 where u1_0.email=?
Hibernate: select u1_0.id,u1_0.avatar_url,u1_0.bio,u1_0.current_streak,u1_0.email,u1_0.first_name,u1_0.last_login_date,u1_0.last_name,u1_0.password,u1_0.points,u1_0.profession,u1_0.role from users u1_0 where u1_0.email=?
Hibernate: select u1_0.id,u1_0.avatar_url,u1_0.bio,u1_0.current_streak,u1_0.email,u1_0.first_name,u1_0.last_login_date,u1_0.last_name,u1_0.password,u1_0.points,u1_0.profession,u1_0.role from users u1_0 where u1_0.email=?
Hibernate: select u1_0.id,u1_0.avatar_url,u1_0.bio,u1_0.current_streak,u1_0.email,u1_0.first_name,u1_0.last_login_date,u1_0.last_name,u1_0.password,u1_0.points,u1_0.profession,u1_0.role from users u1_0 limit ?,?
Hibernate: select u1_0.id,u1_0.avatar_url,u1_0.bio,u1_0.current_streak,u1_0.email,u1_0.first_name,u1_0.last_login_date,u1_0.last_name,u1_0.password,u1_0.points,u1_0.profession,u1_0.role from users u1_0 where u1_0.email=?
Hibernate: select u1_0.id,u1_0.avatar_url,u1_0.bio,u1_0.current_streak,u1_0.email,u1_0.first_name,u1_0.last_login_date,u1_0.last_name,u1_0.password,u1_0.points,u1_0.profession,u1_0.role from users u1_0 where u1_0.email=?
Hibernate: select u1_0.id,u1_0.avatar_url,u1_0.bio,u1_0.current_streak,u1_0.email,u1_0.first_name,u1_0.last_login_date,u1_0.last_name,u1_0.password,u1_0.points,u1_0.profession,u1_0.role from users u1_0 where u1_0.email=?
Hibernate: select u1_0.id,u1_0.avatar_url,u1_0.bio,u1_0.current_streak,u1_0.email,u1_0.first_name,u1_0.last_login_date,u1_0.last_name,u1_0.password,u1_0.points,u1_0.profession,u1_0.role from users u1_0 limit ?,?
Hibernate: select u1_0.id,u1_0.avatar_url,u1_0.bio,u1_0.current_streak,u1_0.email,u1_0.first_name,u1_0.last_login_date,u1_0.last_name,u1_0.password,u1_0.points,u1_0.profession,u1_0.role from users u1_0 where u1_0.email=?
Hibernate: select u1_0.id,u1_0.avatar_url,u1_0.bio,u1_0.current_streak,u1_0.email,u1_0.first_name,u1_0.last_login_date,u1_0.last_name,u1_0.password,u1_0.points,u1_0.profession,u1_0.role from users u1_0 where u1_0.email=?
Hibernate: select u1_0.id,u1_0.avatar_url,u1_0.bio,u1_0.current_streak,u1_0.email,u1_0.first_name,u1_0.last_login_date,u1_0.last_name,u1_0.password,u1_0.points,u1_0.profession,u1_0.role from users u1_0 where u1_0.email=?
Hibernate: select u1_0.id,u1_0.avatar_url,u1_0.bio,u1_0.current_streak,u1_0.email,u1_0.first_name,u1_0.last_login_date,u1_0.last_name,u1_0.password,u1_0.points,u1_0.profession,u1_0.role from users u1_0 limit ?,?
Hibernate: select u1_0.id,u1_0.avatar_url,u1_0.bio,u1_0.current_streak,u1_0.email,u1_0.first_name,u1_0.last_login_date,u1_0.last_name,u1_0.password,u1_0.points,u1_0.profession,u1_0.role from users u1_0 where u1_0.email=?
Hibernate: select u1_0.id,u1_0.avatar_url,u1_0.bio,u1_0.current_streak,u1_0.email,u1_0.first_name,u1_0.last_login_date,u1_0.last_name,u1_0.password,u1_0.points,u1_0.profession,u1_0.role from users u1_0 where u1_0.email=?
Hibernate: select u1_0.id,u1_0.avatar_url,u1_0.bio,u1_0.current_streak,u1_0.email,u1_0.first_name,u1_0.last_login_date,u1_0.last_name,u1_0.password,u1_0.points,u1_0.profession,u1_0.role from users u1_0 where u1_0.email=?
Hibernate: select u1_0.id,u1_0.avatar_url,u1_0.bio,u1_0.current_streak,u1_0.email,u1_0.first_name,u1_0.last_login_date,u1_0.last_name,u1_0.password,u1_0.points,u1_0.profession,u1_0.role from users u1_0 limit ?,?
Hibernate: select u1_0.id,u1_0.avatar_url,u1_0.bio,u1_0.current_streak,u1_0.email,u1_0.first_name,u1_0.last_login_date,u1_0.last_name,u1_0.password,u1_0.points,u1_0.profession,u1_0.role from users u1_0 where u1_0.email=?
Hibernate: select u1_0.id,u1_0.avatar_url,u1_0.bio,u1_0.current_streak,u1_0.email,u1_0.first_name,u1_0.last_login_date,u1_0.last_name,u1_0.password,u1_0.points,u1_0.profession,u1_0.role from users u1_0 where u1_0.email=?
Hibernate: select u1_0.id,u1_0.avatar_url,u1_0.bio,u1_0.current_streak,u1_0.email,u1_0.first_name,u1_0.last_login_date,u1_0.last_name,u1_0.password,u1_0.points,u1_0.profession,u1_0.role from users u1_0 where u1_0.email=?
Hibernate: select u1_0.id,u1_0.avatar_url,u1_0.bio,u1_0.current_streak,u1_0.email,u1_0.first_name,u1_0.last_login_date,u1_0.last_name,u1_0.password,u1_0.points,u1_0.profession,u1_0.role from users u1_0 limit ?,?
Hibernate: select u1_0.id,u1_0.avatar_url,u1_0.bio,u1_0.current_streak,u1_0.email,u1_0.first_name,u1_0.last_login_date,u1_0.last_name,u1_0.password,u1_0.points,u1_0.profession,u1_0.role from users u1_0 where u1_0.email=?
Hibernate: select u1_0.id,u1_0.avatar_url,u1_0.bio,u1_0.current_streak,u1_0.email,u1_0.first_name,u1_0.last_login_date,u1_0.last_name,u1_0.password,u1_0.points,u1_0.profession,u1_0.role from users u1_0 where u1_0.email=?
Hibernate: select u1_0.id,u1_0.avatar_url,u1_0.bio,u1_0.current_streak,u1_0.email,u1_0.first_name,u1_0.last_login_date,u1_0.last_name,u1_0.password,u1_0.points,u1_0.profession,u1_0.role from users u1_0 where u1_0.email=?
Hibernate: select u1_0.id,u1_0.avatar_url,u1_0.bio,u1_0.current_streak,u1_0.email,u1_0.first_name,u1_0.last_login_date,u1_0.last_name,u1_0.password,u1_0.points,u1_0.profession,u1_0.role from users u1_0 limit ?,?
Hibernate: select u1_0.id,u1_0.avatar_url,u1_0.bio,u1_0.current_streak,u1_0.email,u1_0.first_name,u1_0.last_login_date,u1_0.last_name,u1_0.password,u1_0.points,u1_0.profession,u1_0.role from users u1_0 where u1_0.email=?
Hibernate: select u1_0.id,u1_0.avatar_url,u1_0.bio,u1_0.current_streak,u1_0.email,u1_0.first_name,u1_0.last_login_date,u1_0.last_name,u1_0.password,u1_0.points,u1_0.profession,u1_0.role from users u1_0 where u1_0.email=?
Hibernate: select u1_0.id,u1_0.avatar_url,u1_0.bio,u1_0.current_streak,u1_0.email,u1_0.first_name,u1_0.last_login_date,u1_0.last_name,u1_0.password,u1_0.points,u1_0.profession,u1_0.role from users u1_0 where u1_0.email=?
Hibernate: select u1_0.id,u1_0.avatar_url,u1_0.bio,u1_0.current_streak,u1_0.email,u1_0.first_name,u1_0.last_login_date,u1_0.last_name,u1_0.password,u1_0.points,u1_0.profession,u1_0.role from users u1_0 limit ?,?
Hibernate: select u1_0.id,u1_0.avatar_url,u1_0.bio,u1_0.current_streak,u1_0.email,u1_0.first_name,u1_0.last_login_date,u1_0.last_name,u1_0.password,u1_0.points,u1_0.profession,u1_0.role from users u1_0 where u1_0.email=?
Hibernate: select u1_0.id,u1_0.avatar_url,u1_0.bio,u1_0.current_streak,u1_0.email,u1_0.first_name,u1_0.last_login_date,u1_0.last_name,u1_0.password,u1_0.points,u1_0.profession,u1_0.role from users u1_0 where u1_0.email=?
Hibernate: select u1_0.id,u1_0.avatar_url,u1_0.bio,u1_0.current_streak,u1_0.email,u1_0.first_name,u1_0.last_login_date,u1_0.last_name,u1_0.password,u1_0.points,u1_0.profession,u1_0.role from users u1_0 where u1_0.email=?
Hibernate: select u1_0.id,u1_0.avatar_url,u1_0.bio,u1_0.current_streak,u1_0.email,u1_0.first_name,u1_0.last_login_date,u1_0.last_name,u1_0.password,u1_0.points,u1_0.profession,u1_0.role from users u1_0 limit ?,?
Hibernate: select u1_0.id,u1_0.avatar_url,u1_0.bio,u1_0.current_streak,u1_0.email,u1_0.first_name,u1_0.last_login_date,u1_0.last_name,u1_0.password,u1_0.points,u1_0.profession,u1_0.role from users u1_0 where u1_0.email=?
Hibernate: select u1_0.id,u1_0.avatar_url,u1_0.bio,u1_0.current_streak,u1_0.email,u1_0.first_name,u1_0.last_login_date,u1_0.last_name,u1_0.password,u1_0.points,u1_0.profession,u1_0.role from users u1_0 where u1_0.email=?
Hibernate: select u1_0.id,u1_0.avatar_url,u1_0.bio,u1_0.current_streak,u1_0.email,u1_0.first_name,u1_0.last_login_date,u1_0.last_name,u1_0.password,u1_0.points,u1_0.profession,u1_0.role from users u1_0 where u1_0.email=?
Hibernate: select u1_0.id,u1_0.avatar_url,u1_0.bio,u1_0.current_streak,u1_0.email,u1_0.first_name,u1_0.last_login_date,u1_0.last_name,u1_0.password,u1_0.points,u1_0.profession,u1_0.role from users u1_0 limit ?,?
Hibernate: select u1_0.id,u1_0.avatar_url,u1_0.bio,u1_0.current_streak,u1_0.email,u1_0.first_name,u1_0.last_login_date,u1_0.last_name,u1_0.password,u1_0.points,u1_0.profession,u1_0.role from users u1_0 where u1_0.email=?
Hibernate: select u1_0.id,u1_0.avatar_url,u1_0.bio,u1_0.current_streak,u1_0.email,u1_0.first_name,u1_0.last_login_date,u1_0.last_name,u1_0.password,u1_0.points,u1_0.profession,u1_0.role from users u1_0 where u1_0.email=?
Hibernate: select u1_0.id,u1_0.avatar_url,u1_0.bio,u1_0.current_streak,u1_0.email,u1_0.first_name,u1_0.last_login_date,u1_0.last_name,u1_0.password,u1_0.points,u1_0.profession,u1_0.role from users u1_0 where u1_0.email=?
Hibernate: select u1_0.id,u1_0.avatar_url,u1_0.bio,u1_0.current_streak,u1_0.email,u1_0.first_name,u1_0.last_login_date,u1_0.last_name,u1_0.password,u1_0.points,u1_0.profession,u1_0.role from users u1_0 limit ?,?
Hibernate: select u1_0.id,u1_0.avatar_url,u1_0.bio,u1_0.current_streak,u1_0.email,u1_0.first_name,u1_0.last_login_date,u1_0.last_name,u1_0.password,u1_0.points,u1_0.profession,u1_0.role from users u1_0 where u1_0.email=?
Hibernate: select u1_0.id,u1_0.avatar_url,u1_0.bio,u1_0.current_streak,u1_0.email,u1_0.first_name,u1_0.last_login_date,u1_0.last_name,u1_0.password,u1_0.points,u1_0.profession,u1_0.role from users u1_0 where u1_0.email=?
Hibernate: select u1_0.id,u1_0.avatar_url,u1_0.bio,u1_0.current_streak,u1_0.email,u1_0.first_name,u1_0.last_login_date,u1_0.last_name,u1_0.password,u1_0.points,u1_0.profession,u1_0.role from users u1_0 where u1_0.email=?
Hibernate: select u1_0.id,u1_0.avatar_url,u1_0.bio,u1_0.current_streak,u1_0.email,u1_0.first_name,u1_0.last_login_date,u1_0.last_name,u1_0.password,u1_0.points,u1_0.profession,u1_0.role from users u1_0 limit ?,?
Hibernate: select u1_0.id,u1_0.avatar_url,u1_0.bio,u1_0.current_streak,u1_0.email,u1_0.first_name,u1_0.last_login_date,u1_0.last_name,u1_0.password,u1_0.points,u1_0.profession,u1_0.role from users u1_0 where u1_0.email=?
Hibernate: select u1_0.id,u1_0.avatar_url,u1_0.bio,u1_0.current_streak,u1_0.email,u1_0.first_name,u1_0.last_login_date,u1_0.last_name,u1_0.password,u1_0.points,u1_0.profession,u1_0.role from users u1_0 where u1_0.email=?
Hibernate: select u1_0.id,u1_0.avatar_url,u1_0.bio,u1_0.current_streak,u1_0.email,u1_0.first_name,u1_0.last_login_date,u1_0.last_name,u1_0.password,u1_0.points,u1_0.profession,u1_0.role from users u1_0 where u1_0.email=?
Hibernate: select u1_0.id,u1_0.avatar_url,u1_0.bio,u1_0.current_streak,u1_0.email,u1_0.first_name,u1_0.last_login_date,u1_0.last_name,u1_0.password,u1_0.points,u1_0.profession,u1_0.role from users u1_0 limit ?,?
Hibernate: select u1_0.id,u1_0.avatar_url,u1_0.bio,u1_0.current_streak,u1_0.email,u1_0.first_name,u1_0.last_login_date,u1_0.last_name,u1_0.password,u1_0.points,u1_0.profession,u1_0.role from users u1_0 where u1_0.email=?
Hibernate: select u1_0.id,u1_0.avatar_url,u1_0.bio,u1_0.current_streak,u1_0.email,u1_0.first_name,u1_0.last_login_date,u1_0.last_name,u1_0.password,u1_0.points,u1_0.profession,u1_0.role from users u1_0 where u1_0.email=?
Hibernate: select u1_0.id,u1_0.avatar_url,u1_0.bio,u1_0.current_streak,u1_0.email,u1_0.first_name,u1_0.last_login_date,u1_0.last_name,u1_0.password,u1_0.points,u1_0.profession,u1_0.role from users u1_0 where u1_0.email=?
Hibernate: select u1_0.id,u1_0.avatar_url,u1_0.bio,u1_0.current_streak,u1_0.email,u1_0.first_name,u1_0.last_login_date,u1_0.last_name,u1_0.password,u1_0.points,u1_0.profession,u1_0.role from users u1_0 limit ?,?
Hibernate: select u1_0.id,u1_0.avatar_url,u1_0.bio,u1_0.current_streak,u1_0.email,u1_0.first_name,u1_0.last_login_date,u1_0.last_name,u1_0.password,u1_0.points,u1_0.profession,u1_0.role from users u1_0 where u1_0.email=?
Hibernate: select u1_0.id,u1_0.avatar_url,u1_0.bio,u1_0.current_streak,u1_0.email,u1_0.first_name,u1_0.last_login_date,u1_0.last_name,u1_0.password,u1_0.points,u1_0.profession,u1_0.role from users u1_0 where u1_0.email=?
Hibernate: select u1_0.id,u1_0.avatar_url,u1_0.bio,u1_0.current_streak,u1_0.email,u1_0.first_name,u1_0.last_login_date,u1_0.last_name,u1_0.password,u1_0.points,u1_0.profession,u1_0.role from users u1_0 where u1_0.email=?
Hibernate: select u1_0.id,u1_0.avatar_url,u1_0.bio,u1_0.current_streak,u1_0.email,u1_0.first_name,u1_0.last_login_date,u1_0.last_name,u1_0.password,u1_0.points,u1_0.profession,u1_0.role from users u1_0 limit ?,?
Hibernate: select u1_0.id,u1_0.avatar_url,u1_0.bio,u1_0.current_streak,u1_0.email,u1_0.first_name,u1_0.last_login_date,u1_0.last_name,u1_0.password,u1_0.points,u1_0.profession,u1_0.role from users u1_0 where u1_0.email=?
Hibernate: select u1_0.id,u1_0.avatar_url,u1_0.bio,u1_0.current_streak,u1_0.email,u1_0.first_name,u1_0.last_login_date,u1_0.last_name,u1_0.password,u1_0.points,u1_0.profession,u1_0.role from users u1_0 where u1_0.email=?
Hibernate: select u1_0.id,u1_0.avatar_url,u1_0.bio,u1_0.current_streak,u1_0.email,u1_0.first_name,u1_0.last_login_date,u1_0.last_name,u1_0.password,u1_0.points,u1_0.profession,u1_0.role from users u1_0 where u1_0.email=?
Hibernate: select u1_0.id,u1_0.avatar_url,u1_0.bio,u1_0.current_streak,u1_0.email,u1_0.first_name,u1_0.last_login_date,u1_0.last_name,u1_0.password,u1_0.points,u1_0.profession,u1_0.role from users u1_0 limit ?,?
Hibernate: select u1_0.id,u1_0.avatar_url,u1_0.bio,u1_0.current_streak,u1_0.email,u1_0.first_name,u1_0.last_login_date,u1_0.last_name,u1_0.password,u1_0.points,u1_0.profession,u1_0.role from users u1_0 where u1_0.email=?
Hibernate: select u1_0.id,u1_0.avatar_url,u1_0.bio,u1_0.current_streak,u1_0.email,u1_0.first_name,u1_0.last_login_date,u1_0.last_name,u1_0.password,u1_0.points,u1_0.profession,u1_0.role from users u1_0 where u1_0.email=?
Hibernate: select u1_0.id,u1_0.avatar_url,u1_0.bio,u1_0.current_streak,u1_0.email,u1_0.first_name,u1_0.last_login_date,u1_0.last_name,u1_0.password,u1_0.points,u1_0.profession,u1_0.role from users u1_0 where u1_0.email=?
Hibernate: select u1_0.id,u1_0.avatar_url,u1_0.bio,u1_0.current_streak,u1_0.email,u1_0.first_name,u1_0.last_login_date,u1_0.last_name,u1_0.password,u1_0.points,u1_0.profession,u1_0.role from users u1_0 limit ?,?
Hibernate: select u1_0.id,u1_0.avatar_url,u1_0.bio,u1_0.current_streak,u1_0.email,u1_0.first_name,u1_0.last_login_date,u1_0.last_name,u1_0.password,u1_0.points,u1_0.profession,u1_0.role from users u1_0 where u1_0.email=?
Hibernate: select u1_0.id,u1_0.avatar_url,u1_0.bio,u1_0.current_streak,u1_0.email,u1_0.first_name,u1_0.last_login_date,u1_0.last_name,u1_0.password,u1_0.points,u1_0.profession,u1_0.role from users u1_0 where u1_0.email=?
Hibernate: select u1_0.id,u1_0.avatar_url,u1_0.bio,u1_0.current_streak,u1_0.email,u1_0.first_name,u1_0.last_login_date,u1_0.last_name,u1_0.password,u1_0.points,u1_0.profession,u1_0.role from users u1_0 where u1_0.email=?
Hibernate: select u1_0.id,u1_0.avatar_url,u1_0.bio,u1_0.current_streak,u1_0.email,u1_0.first_name,u1_0.last_login_date,u1_0.last_name,u1_0.password,u1_0.points,u1_0.profession,u1_0.role from users u1_0 limit ?,?
Hibernate: select u1_0.id,u1_0.avatar_url,u1_0.bio,u1_0.current_streak,u1_0.email,u1_0.first_name,u1_0.last_login_date,u1_0.last_name,u1_0.password,u1_0.points,u1_0.profession,u1_0.role from users u1_0 where u1_0.email=?
Hibernate: select u1_0.id,u1_0.avatar_url,u1_0.bio,u1_0.current_streak,u1_0.email,u1_0.first_name,u1_0.last_login_date,u1_0.last_name,u1_0.password,u1_0.points,u1_0.profession,u1_0.role from users u1_0 where u1_0.email=?
Hibernate: select u1_0.id,u1_0.avatar_url,u1_0.bio,u1_0.current_streak,u1_0.email,u1_0.first_name,u1_0.last_login_date,u1_0.last_name,u1_0.password,u1_0.points,u1_0.profession,u1_0.role from users u1_0 where u1_0.email=?
Hibernate: select u1_0.id,u1_0.avatar_url,u1_0.bio,u1_0.current_streak,u1_0.email,u1_0.first_name,u1_0.last_login_date,u1_0.last_name,u1_0.password,u1_0.points,u1_0.profession,u1_0.role from users u1_0 limit ?,?
Hibernate: select u1_0.id,u1_0.avatar_url,u1_0.bio,u1_0.current_streak,u1_0.email,u1_0.first_name,u1_0.last_login_date,u1_0.last_name,u1_0.password,u1_0.points,u1_0.profession,u1_0.role from users u1_0 where u1_0.email=?
Hibernate: select u1_0.id,u1_0.avatar_url,u1_0.bio,u1_0.current_streak,u1_0.email,u1_0.first_name,u1_0.last_login_date,u1_0.last_name,u1_0.password,u1_0.points,u1_0.profession,u1_0.role from users u1_0 where u1_0.email=?
Hibernate: select u1_0.id,u1_0.avatar_url,u1_0.bio,u1_0.current_streak,u1_0.email,u1_0.first_name,u1_0.last_login_date,u1_0.last_name,u1_0.password,u1_0.points,u1_0.profession,u1_0.role from users u1_0 where u1_0.email=?
Hibernate: select u1_0.id,u1_0.avatar_url,u1_0.bio,u1_0.current_streak,u1_0.email,u1_0.first_name,u1_0.last_login_date,u1_0.last_name,u1_0.password,u1_0.points,u1_0.profession,u1_0.role from users u1_0 limit ?,?
Hibernate: select u1_0.id,u1_0.avatar_url,u1_0.bio,u1_0.current_streak,u1_0.email,u1_0.first_name,u1_0.last_login_date,u1_0.last_name,u1_0.password,u1_0.points,u1_0.profession,u1_0.role from users u1_0 where u1_0.email=?
Hibernate: select u1_0.id,u1_0.avatar_url,u1_0.bio,u1_0.current_streak,u1_0.email,u1_0.first_name,u1_0.last_login_date,u1_0.last_name,u1_0.password,u1_0.points,u1_0.profession,u1_0.role from users u1_0 where u1_0.email=?
Hibernate: select u1_0.id,u1_0.avatar_url,u1_0.bio,u1_0.current_streak,u1_0.email,u1_0.first_name,u1_0.last_login_date,u1_0.last_name,u1_0.password,u1_0.points,u1_0.profession,u1_0.role from users u1_0 where u1_0.email=?
Hibernate: select u1_0.id,u1_0.avatar_url,u1_0.bio,u1_0.current_streak,u1_0.email,u1_0.first_name,u1_0.last_login_date,u1_0.last_name,u1_0.password,u1_0.points,u1_0.profession,u1_0.role from users u1_0 limit ?,?
Hibernate: select u1_0.id,u1_0.avatar_url,u1_0.bio,u1_0.current_streak,u1_0.email,u1_0.first_name,u1_0.last_login_date,u1_0.last_name,u1_0.password,u1_0.points,u1_0.profession,u1_0.role from users u1_0 where u1_0.email=?
Hibernate: select u1_0.id,u1_0.avatar_url,u1_0.bio,u1_0.current_streak,u1_0.email,u1_0.first_name,u1_0.last_login_date,u1_0.last_name,u1_0.password,u1_0.points,u1_0.profession,u1_0.role from users u1_0 where u1_0.email=?
Hibernate: select u1_0.id,u1_0.avatar_url,u1_0.bio,u1_0.current_streak,u1_0.email,u1_0.first_name,u1_0.last_login_date,u1_0.last_name,u1_0.password,u1_0.points,u1_0.profession,u1_0.role from users u1_0 where u1_0.email=?
Hibernate: select u1_0.id,u1_0.avatar_url,u1_0.bio,u1_0.current_streak,u1_0.email,u1_0.first_name,u1_0.last_login_date,u1_0.last_name,u1_0.password,u1_0.points,u1_0.profession,u1_0.role from users u1_0 limit ?,?
Hibernate: select u1_0.id,u1_0.avatar_url,u1_0.bio,u1_0.current_streak,u1_0.email,u1_0.first_name,u1_0.last_login_date,u1_0.last_name,u1_0.password,u1_0.points,u1_0.profession,u1_0.role from users u1_0 where u1_0.email=?
Hibernate: select u1_0.id,u1_0.avatar_url,u1_0.bio,u1_0.current_streak,u1_0.email,u1_0.first_name,u1_0.last_login_date,u1_0.last_name,u1_0.password,u1_0.points,u1_0.profession,u1_0.role from users u1_0 where u1_0.email=?
Hibernate: select u1_0.id,u1_0.avatar_url,u1_0.bio,u1_0.current_streak,u1_0.email,u1_0.first_name,u1_0.last_login_date,u1_0.last_name,u1_0.password,u1_0.points,u1_0.profession,u1_0.role from users u1_0 where u1_0.email=?
Hibernate: select u1_0.id,u1_0.avatar_url,u1_0.bio,u1_0.current_streak,u1_0.email,u1_0.first_name,u1_0.last_login_date,u1_0.last_name,u1_0.password,u1_0.points,u1_0.profession,u1_0.role from users u1_0 where u1_0.email=?
Hibernate: select u1_0.id,u1_0.avatar_url,u1_0.bio,u1_0.current_streak,u1_0.email,u1_0.first_name,u1_0.last_login_date,u1_0.last_name,u1_0.password,u1_0.points,u1_0.profession,u1_0.role from users u1_0 where u1_0.email=?
Hibernate: select u1_0.id,u1_0.avatar_url,u1_0.bio,u1_0.current_streak,u1_0.email,u1_0.first_name,u1_0.last_login_date,u1_0.last_name,u1_0.password,u1_0.points,u1_0.profession,u1_0.role from users u1_0 where u1_0.email=?
Hibernate: select u1_0.id,u1_0.avatar_url,u1_0.bio,u1_0.current_streak,u1_0.email,u1_0.first_name,u1_0.last_login_date,u1_0.last_name,u1_0.password,u1_0.points,u1_0.profession,u1_0.role from users u1_0 where u1_0.email=?
Hibernate: select u1_0.id,u1_0.avatar_url,u1_0.bio,u1_0.current_streak,u1_0.email,u1_0.first_name,u1_0.last_login_date,u1_0.last_name,u1_0.password,u1_0.points,u1_0.profession,u1_0.role from users u1_0 where u1_0.email=?
2026-02-07T23:19:09.965+05:30  INFO 21628 --- [studysync-backend] [   File Watcher] rtingClassPathChangeChangedEventListener : Restarting due to 2 class path changes (0 additions, 0 deletions, 2 modifications)
2026-02-07T23:19:09.973+05:30  INFO 21628 --- [studysync-backend] [       Thread-5] o.s.b.w.e.tomcat.GracefulShutdown        : Commencing graceful shutdown. Waiting for active requests to complete
2026-02-07T23:19:10.028+05:30  INFO 21628 --- [studysync-backend] [tomcat-shutdown] o.s.b.w.e.tomcat.GracefulShutdown        : Graceful shutdown complete
2026-02-07T23:19:10.038+05:30  INFO 21628 --- [studysync-backend] [       Thread-5] o.s.m.s.b.SimpleBrokerMessageHandler     : Stopping...
2026-02-07T23:19:10.038+05:30  INFO 21628 --- [studysync-backend] [       Thread-5] o.s.m.s.b.SimpleBrokerMessageHandler     : BrokerAvailabilityEvent[available=false, SimpleBrokerMessageHandler [org.springframework.messaging.simp.broker.DefaultSubscriptionRegistry@14f8229c]]
2026-02-07T23:19:10.038+05:30  INFO 21628 --- [studysync-backend] [       Thread-5] o.s.m.s.b.SimpleBrokerMessageHandler     : Stopped.
2026-02-07T23:19:10.052+05:30  INFO 21628 --- [studysync-backend] [       Thread-5] j.LocalContainerEntityManagerFactoryBean : Closing JPA EntityManagerFactory for persistence unit 'default'
2026-02-07T23:19:10.056+05:30  INFO 21628 --- [studysync-backend] [       Thread-5] com.zaxxer.hikari.HikariDataSource       : HikariPool-1 - Shutdown initiated...
2026-02-07T23:19:10.065+05:30  INFO 21628 --- [studysync-backend] [       Thread-5] com.zaxxer.hikari.HikariDataSource       : HikariPool-1 - Shutdown completed.

  .   ____          _            __ _ _
 /\\ / ___'_ __ _ _(_)_ __  __ _ \ \ \ \
( ( )\___ | '_ | '_| | '_ \/ _` | \ \ \ \
 \\/  ___)| |_)| | | | | || (_| |  ) ) ) )
  '  |____| .__|_| |_|_| |_\__, | / / / /
 =========|_|==============|___/=/_/_/_/

 :: Spring Boot ::                (v3.5.6)

2026-02-07T23:19:10.283+05:30  INFO 21628 --- [studysync-backend] [  restartedMain] c.s.s.StudysyncBackendApplication        : Starting StudysyncBackendApplication using Java 21.0.1 with PID 21628 (E:\Studysync new\studysync-backend\target\classes started by harsh in E:\Studysync new\studysync-backend)
2026-02-07T23:19:10.283+05:30  INFO 21628 --- [studysync-backend] [  restartedMain] c.s.s.StudysyncBackendApplication        : No active profile set, falling back to 1 default profile: "default"
2026-02-07T23:19:11.268+05:30  INFO 21628 --- [studysync-backend] [  restartedMain] .s.d.r.c.RepositoryConfigurationDelegate : Bootstrapping Spring Data JPA repositories in DEFAULT mode.
2026-02-07T23:19:11.411+05:30  INFO 21628 --- [studysync-backend] [  restartedMain] .s.d.r.c.RepositoryConfigurationDelegate : Finished Spring Data repository scanning in 139 ms. Found 11 JPA repository interfaces.
2026-02-07T23:19:12.590+05:30  INFO 21628 --- [studysync-backend] [  restartedMain] o.s.b.w.embedded.tomcat.TomcatWebServer  : Tomcat initialized with port 8080 (http)
2026-02-07T23:19:12.595+05:30  INFO 21628 --- [studysync-backend] [  restartedMain] o.apache.catalina.core.StandardService   : Starting service [Tomcat]
2026-02-07T23:19:12.595+05:30  INFO 21628 --- [studysync-backend] [  restartedMain] o.apache.catalina.core.StandardEngine    : Starting Servlet engine: [Apache Tomcat/10.1.46]
2026-02-07T23:19:12.719+05:30  INFO 21628 --- [studysync-backend] [  restartedMain] o.a.c.c.C.[Tomcat].[localhost].[/]       : Initializing Spring embedded WebApplicationContext
2026-02-07T23:19:12.719+05:30  INFO 21628 --- [studysync-backend] [  restartedMain] w.s.c.ServletWebServerApplicationContext : Root WebApplicationContext: initialization completed in 2430 ms
2026-02-07T23:19:13.228+05:30  INFO 21628 --- [studysync-backend] [  restartedMain] o.hibernate.jpa.internal.util.LogHelper  : HHH000204: Processing PersistenceUnitInfo [name: default]
2026-02-07T23:19:13.239+05:30  INFO 21628 --- [studysync-backend] [  restartedMain] o.h.c.internal.RegionFactoryInitiator    : HHH000026: Second-level cache disabled
2026-02-07T23:19:13.306+05:30  INFO 21628 --- [studysync-backend] [  restartedMain] o.s.o.j.p.SpringPersistenceUnitInfo      : No LoadTimeWeaver setup: ignoring JPA class transformer
2026-02-07T23:19:13.321+05:30  INFO 21628 --- [studysync-backend] [  restartedMain] com.zaxxer.hikari.HikariDataSource       : HikariPool-2 - Starting...
2026-02-07T23:19:13.517+05:30  INFO 21628 --- [studysync-backend] [  restartedMain] com.zaxxer.hikari.pool.HikariPool        : HikariPool-2 - Added connection com.mysql.cj.jdbc.ConnectionImpl@2383f18f
2026-02-07T23:19:13.518+05:30  INFO 21628 --- [studysync-backend] [  restartedMain] com.zaxxer.hikari.HikariDataSource       : HikariPool-2 - Start completed.
2026-02-07T23:19:13.528+05:30  WARN 21628 --- [studysync-backend] [  restartedMain] org.hibernate.orm.deprecation            : HHH90000025: MySQLDialect does not need to be specified explicitly using 'hibernate.dialect' (remove the property setting and it will be selected by default)
2026-02-07T23:19:13.530+05:30  INFO 21628 --- [studysync-backend] [  restartedMain] org.hibernate.orm.connections.pooling    : HHH10001005: Database info:
	Database JDBC URL [Connecting through datasource 'HikariDataSource (HikariPool-2)']
	Database driver: undefined/unknown
	Database version: 8.0.35
	Autocommit mode: undefined/unknown
	Isolation level: undefined/unknown
	Minimum pool size: undefined/unknown
	Maximum pool size: undefined/unknown
2026-02-07T23:19:14.530+05:30  INFO 21628 --- [studysync-backend] [  restartedMain] o.h.e.t.j.p.i.JtaPlatformInitiator       : HHH000489: No JTA platform available (set 'hibernate.transaction.jta.platform' to enable JTA platform integration)
Hibernate: alter table badges modify column target_role enum ('ADMIN','STUDENT','TUTOR')
Hibernate: alter table users add column is_banned bit not null
2026-02-07T23:19:14.730+05:30  INFO 21628 --- [studysync-backend] [  restartedMain] j.LocalContainerEntityManagerFactoryBean : Initialized JPA EntityManagerFactory for persistence unit 'default'
2026-02-07T23:19:15.094+05:30  INFO 21628 --- [studysync-backend] [  restartedMain] r$InitializeUserDetailsManagerConfigurer : Global AuthenticationManager configured with UserDetailsService bean with name userDetailsService
2026-02-07T23:19:15.467+05:30  WARN 21628 --- [studysync-backend] [  restartedMain] JpaBaseConfiguration$JpaWebConfiguration : spring.jpa.open-in-view is enabled by default. Therefore, database queries may be performed during view rendering. Explicitly configure spring.jpa.open-in-view to disable this warning
2026-02-07T23:19:16.462+05:30  INFO 21628 --- [studysync-backend] [  restartedMain] o.s.b.a.e.web.EndpointLinksResolver      : Exposing 1 endpoint beneath base path '/actuator'
2026-02-07T23:19:17.352+05:30  INFO 21628 --- [studysync-backend] [  restartedMain] o.s.b.d.a.OptionalLiveReloadServer       : LiveReload server is running on port 35729
2026-02-07T23:19:17.467+05:30  INFO 21628 --- [studysync-backend] [  restartedMain] o.s.m.s.b.SimpleBrokerMessageHandler     : Starting...
2026-02-07T23:19:17.467+05:30  INFO 21628 --- [studysync-backend] [  restartedMain] o.s.m.s.b.SimpleBrokerMessageHandler     : BrokerAvailabilityEvent[available=true, SimpleBrokerMessageHandler [org.springframework.messaging.simp.broker.DefaultSubscriptionRegistry@34dd0e21]]
2026-02-07T23:19:17.469+05:30  INFO 21628 --- [studysync-backend] [  restartedMain] o.s.m.s.b.SimpleBrokerMessageHandler     : Started.
2026-02-07T23:19:17.476+05:30  INFO 21628 --- [studysync-backend] [  restartedMain] o.s.b.w.embedded.tomcat.TomcatWebServer  : Tomcat started on port 8080 (http) with context path '/'
2026-02-07T23:19:17.504+05:30  INFO 21628 --- [studysync-backend] [  restartedMain] c.s.s.StudysyncBackendApplication        : Started StudysyncBackendApplication in 7.346 seconds (process running for 535.446)
Hibernate: select u1_0.id,u1_0.avatar_url,u1_0.bio,u1_0.current_streak,u1_0.email,u1_0.first_name,u1_0.is_banned,u1_0.last_login_date,u1_0.last_name,u1_0.password,u1_0.points,u1_0.profession,u1_0.role from users u1_0 where u1_0.email=?
Hibernate: select u1_0.id,u1_0.avatar_url,u1_0.bio,u1_0.current_streak,u1_0.email,u1_0.first_name,u1_0.is_banned,u1_0.last_login_date,u1_0.last_name,u1_0.password,u1_0.points,u1_0.profession,u1_0.role from users u1_0 where u1_0.id=?
Hibernate: update users set avatar_url=?,bio=?,current_streak=?,email=?,first_name=?,is_banned=?,last_login_date=?,last_name=?,password=?,points=?,profession=?,role=? where id=?
Admin user updated/created: admin@studysync.com / password (Role: ADMIN)
Hibernate: select u1_0.id,u1_0.avatar_url,u1_0.bio,u1_0.current_streak,u1_0.email,u1_0.first_name,u1_0.is_banned,u1_0.last_login_date,u1_0.last_name,u1_0.password,u1_0.points,u1_0.profession,u1_0.role from users u1_0 where u1_0.email=?
Hibernate: select u1_0.id,u1_0.avatar_url,u1_0.bio,u1_0.current_streak,u1_0.email,u1_0.first_name,u1_0.is_banned,u1_0.last_login_date,u1_0.last_name,u1_0.password,u1_0.points,u1_0.profession,u1_0.role from users u1_0 where u1_0.id=?
Hibernate: update users set avatar_url=?,bio=?,current_streak=?,email=?,first_name=?,is_banned=?,last_login_date=?,last_name=?,password=?,points=?,profession=?,role=? where id=?
Standard user updated/created: user@studysync.com / password
Hibernate: select u1_0.id,u1_0.avatar_url,u1_0.bio,u1_0.current_streak,u1_0.email,u1_0.first_name,u1_0.is_banned,u1_0.last_login_date,u1_0.last_name,u1_0.password,u1_0.points,u1_0.profession,u1_0.role from users u1_0 where u1_0.email=?
Hibernate: select u1_0.id,u1_0.avatar_url,u1_0.bio,u1_0.current_streak,u1_0.email,u1_0.first_name,u1_0.is_banned,u1_0.last_login_date,u1_0.last_name,u1_0.password,u1_0.points,u1_0.profession,u1_0.role from users u1_0 where u1_0.id=?
Hibernate: update users set avatar_url=?,bio=?,current_streak=?,email=?,first_name=?,is_banned=?,last_login_date=?,last_name=?,password=?,points=?,profession=?,role=? where id=?
Dedicated tutor updated/created: tutor@studysync.com / password
Hibernate: select c1_0.id,c1_0.approval_status,c1_0.average_rating,c1_0.category,c1_0.description,c1_0.is_published,c1_0.level,c1_0.price,c1_0.thumbnail,c1_0.title,c1_0.tutor_id,c1_0.view_count from courses c1_0
Hibernate: select c1_0.id,c1_0.approval_status,c1_0.average_rating,c1_0.category,c1_0.description,c1_0.is_published,c1_0.level,c1_0.price,c1_0.thumbnail,c1_0.title,c1_0.tutor_id,c1_0.view_count,m1_0.course_id,m1_0.id,m1_0.content,m1_0.notes_url,q1_0.id,q1_0.module_id,q1_0.title,m1_0.title,m1_0.video_url from courses c1_0 left join modules m1_0 on c1_0.id=m1_0.course_id left join quizzes q1_0 on m1_0.id=q1_0.module_id where c1_0.id=?
Ensured demo course is published: Introduction to StudySync
Hibernate: select count(*) from badges b1_0
2026-02-07T23:19:18.798+05:30  INFO 21628 --- [studysync-backend] [  restartedMain] .ConditionEvaluationDeltaLoggingListener : Condition evaluation unchanged
2026-02-07T23:19:40.792+05:30  INFO 21628 --- [studysync-backend] [nio-8080-exec-1] o.a.c.c.C.[Tomcat].[localhost].[/]       : Initializing Spring DispatcherServlet 'dispatcherServlet'
2026-02-07T23:19:40.792+05:30  INFO 21628 --- [studysync-backend] [nio-8080-exec-1] o.s.web.servlet.DispatcherServlet        : Initializing Servlet 'dispatcherServlet'
2026-02-07T23:19:40.795+05:30  INFO 21628 --- [studysync-backend] [nio-8080-exec-1] o.s.web.servlet.DispatcherServlet        : Completed initialization in 3 ms
Hibernate: select u1_0.id,u1_0.avatar_url,u1_0.bio,u1_0.current_streak,u1_0.email,u1_0.first_name,u1_0.is_banned,u1_0.last_login_date,u1_0.last_name,u1_0.password,u1_0.points,u1_0.profession,u1_0.role from users u1_0 where u1_0.email=?
Hibernate: select u1_0.id,u1_0.avatar_url,u1_0.bio,u1_0.current_streak,u1_0.email,u1_0.first_name,u1_0.is_banned,u1_0.last_login_date,u1_0.last_name,u1_0.password,u1_0.points,u1_0.profession,u1_0.role from users u1_0 where u1_0.email=?
Hibernate: select u1_0.id,u1_0.avatar_url,u1_0.bio,u1_0.current_streak,u1_0.email,u1_0.first_name,u1_0.is_banned,u1_0.last_login_date,u1_0.last_name,u1_0.password,u1_0.points,u1_0.profession,u1_0.role from users u1_0 where u1_0.email=?
Hibernate: select u1_0.id,u1_0.avatar_url,u1_0.bio,u1_0.current_streak,u1_0.email,u1_0.first_name,u1_0.is_banned,u1_0.last_login_date,u1_0.last_name,u1_0.password,u1_0.points,u1_0.profession,u1_0.role from users u1_0 where u1_0.email=?
Hibernate: select u1_0.id,u1_0.avatar_url,u1_0.bio,u1_0.current_streak,u1_0.email,u1_0.first_name,u1_0.is_banned,u1_0.last_login_date,u1_0.last_name,u1_0.password,u1_0.points,u1_0.profession,u1_0.role from users u1_0 where u1_0.email=?
Hibernate: select u1_0.id,u1_0.avatar_url,u1_0.bio,u1_0.current_streak,u1_0.email,u1_0.first_name,u1_0.is_banned,u1_0.last_login_date,u1_0.last_name,u1_0.password,u1_0.points,u1_0.profession,u1_0.role from users u1_0 where u1_0.email=?
Hibernate: select u1_0.id,u1_0.avatar_url,u1_0.bio,u1_0.current_streak,u1_0.email,u1_0.first_name,u1_0.is_banned,u1_0.last_login_date,u1_0.last_name,u1_0.password,u1_0.points,u1_0.profession,u1_0.role from users u1_0 where u1_0.email=?
Hibernate: select u1_0.id,u1_0.avatar_url,u1_0.bio,u1_0.current_streak,u1_0.email,u1_0.first_name,u1_0.is_banned,u1_0.last_login_date,u1_0.last_name,u1_0.password,u1_0.points,u1_0.profession,u1_0.role from users u1_0 where u1_0.email=?
2026-02-07T23:20:17.458+05:30  INFO 21628 --- [studysync-backend] [MessageBroker-1] o.s.w.s.c.WebSocketMessageBrokerStats    : WebSocketSession[0 current WS(0)-HttpStream(0)-HttpPoll(0), 0 total, 0 closed abnormally (0 connect failure, 0 send limit, 0 transport error)], stompSubProtocol[processed CONNECT(0)-CONNECTED(0)-DISCONNECT(0)], stompBrokerRelay[null], inboundChannel[pool size = 0, active threads = 0, queued tasks = 0, completed tasks = 0], outboundChannel[pool size = 0, active threads = 0, queued tasks = 0, completed tasks = 0], sockJsScheduler[pool size = 1, active threads = 1, queued tasks = 0, completed tasks = 0]
2026-02-07T23:20:23.898+05:30  INFO 21628 --- [studysync-backend] [   File Watcher] rtingClassPathChangeChangedEventListener : Restarting due to 1 class path change (0 additions, 0 deletions, 1 modification)
2026-02-07T23:20:23.902+05:30  INFO 21628 --- [studysync-backend] [       Thread-7] o.s.b.w.e.tomcat.GracefulShutdown        : Commencing graceful shutdown. Waiting for active requests to complete
2026-02-07T23:20:23.959+05:30  INFO 21628 --- [studysync-backend] [tomcat-shutdown] o.s.b.w.e.tomcat.GracefulShutdown        : Graceful shutdown complete
2026-02-07T23:20:23.961+05:30  INFO 21628 --- [studysync-backend] [       Thread-7] o.s.m.s.b.SimpleBrokerMessageHandler     : Stopping...
2026-02-07T23:20:23.961+05:30  INFO 21628 --- [studysync-backend] [       Thread-7] o.s.m.s.b.SimpleBrokerMessageHandler     : BrokerAvailabilityEvent[available=false, SimpleBrokerMessageHandler [org.springframework.messaging.simp.broker.DefaultSubscriptionRegistry@34dd0e21]]
2026-02-07T23:20:23.961+05:30  INFO 21628 --- [studysync-backend] [       Thread-7] o.s.m.s.b.SimpleBrokerMessageHandler     : Stopped.
2026-02-07T23:20:23.966+05:30  INFO 21628 --- [studysync-backend] [       Thread-7] j.LocalContainerEntityManagerFactoryBean : Closing JPA EntityManagerFactory for persistence unit 'default'
2026-02-07T23:20:23.968+05:30  INFO 21628 --- [studysync-backend] [       Thread-7] com.zaxxer.hikari.HikariDataSource       : HikariPool-2 - Shutdown initiated...
2026-02-07T23:20:23.974+05:30  INFO 21628 --- [studysync-backend] [       Thread-7] com.zaxxer.hikari.HikariDataSource       : HikariPool-2 - Shutdown completed.

  .   ____          _            __ _ _
 /\\ / ___'_ __ _ _(_)_ __  __ _ \ \ \ \
( ( )\___ | '_ | '_| | '_ \/ _` | \ \ \ \
 \\/  ___)| |_)| | | | | || (_| |  ) ) ) )
  '  |____| .__|_| |_|_| |_\__, | / / / /
 =========|_|==============|___/=/_/_/_/

 :: Spring Boot ::                (v3.5.6)

2026-02-07T23:20:24.145+05:30  INFO 21628 --- [studysync-backend] [  restartedMain] c.s.s.StudysyncBackendApplication        : Starting StudysyncBackendApplication using Java 21.0.1 with PID 21628 (E:\Studysync new\studysync-backend\target\classes started by harsh in E:\Studysync new\studysync-backend)
2026-02-07T23:20:24.146+05:30  INFO 21628 --- [studysync-backend] [  restartedMain] c.s.s.StudysyncBackendApplication        : No active profile set, falling back to 1 default profile: "default"
2026-02-07T23:20:24.687+05:30  INFO 21628 --- [studysync-backend] [  restartedMain] .s.d.r.c.RepositoryConfigurationDelegate : Bootstrapping Spring Data JPA repositories in DEFAULT mode.
2026-02-07T23:20:24.722+05:30  INFO 21628 --- [studysync-backend] [  restartedMain] .s.d.r.c.RepositoryConfigurationDelegate : Finished Spring Data repository scanning in 33 ms. Found 11 JPA repository interfaces.
2026-02-07T23:20:25.165+05:30  INFO 21628 --- [studysync-backend] [  restartedMain] o.s.b.w.embedded.tomcat.TomcatWebServer  : Tomcat initialized with port 8080 (http)
2026-02-07T23:20:25.176+05:30  INFO 21628 --- [studysync-backend] [  restartedMain] o.apache.catalina.core.StandardService   : Starting service [Tomcat]
2026-02-07T23:20:25.176+05:30  INFO 21628 --- [studysync-backend] [  restartedMain] o.apache.catalina.core.StandardEngine    : Starting Servlet engine: [Apache Tomcat/10.1.46]
2026-02-07T23:20:25.260+05:30  INFO 21628 --- [studysync-backend] [  restartedMain] o.a.c.c.C.[Tomcat].[localhost].[/]       : Initializing Spring embedded WebApplicationContext
2026-02-07T23:20:25.261+05:30  INFO 21628 --- [studysync-backend] [  restartedMain] w.s.c.ServletWebServerApplicationContext : Root WebApplicationContext: initialization completed in 1112 ms
2026-02-07T23:20:25.693+05:30  INFO 21628 --- [studysync-backend] [  restartedMain] o.hibernate.jpa.internal.util.LogHelper  : HHH000204: Processing PersistenceUnitInfo [name: default]
2026-02-07T23:20:25.698+05:30  INFO 21628 --- [studysync-backend] [  restartedMain] o.h.c.internal.RegionFactoryInitiator    : HHH000026: Second-level cache disabled
2026-02-07T23:20:25.717+05:30  INFO 21628 --- [studysync-backend] [  restartedMain] o.s.o.j.p.SpringPersistenceUnitInfo      : No LoadTimeWeaver setup: ignoring JPA class transformer
2026-02-07T23:20:25.718+05:30  INFO 21628 --- [studysync-backend] [  restartedMain] com.zaxxer.hikari.HikariDataSource       : HikariPool-3 - Starting...
2026-02-07T23:20:25.754+05:30  INFO 21628 --- [studysync-backend] [  restartedMain] com.zaxxer.hikari.pool.HikariPool        : HikariPool-3 - Added connection com.mysql.cj.jdbc.ConnectionImpl@2e10d276
2026-02-07T23:20:25.755+05:30  INFO 21628 --- [studysync-backend] [  restartedMain] com.zaxxer.hikari.HikariDataSource       : HikariPool-3 - Start completed.
2026-02-07T23:20:25.757+05:30  WARN 21628 --- [studysync-backend] [  restartedMain] org.hibernate.orm.deprecation            : HHH90000025: MySQLDialect does not need to be specified explicitly using 'hibernate.dialect' (remove the property setting and it will be selected by default)
2026-02-07T23:20:25.758+05:30  INFO 21628 --- [studysync-backend] [  restartedMain] org.hibernate.orm.connections.pooling    : HHH10001005: Database info:
	Database JDBC URL [Connecting through datasource 'HikariDataSource (HikariPool-3)']
	Database driver: undefined/unknown
	Database version: 8.0.35
	Autocommit mode: undefined/unknown
	Isolation level: undefined/unknown
	Minimum pool size: undefined/unknown
	Maximum pool size: undefined/unknown
2026-02-07T23:20:26.410+05:30  INFO 21628 --- [studysync-backend] [  restartedMain] o.h.e.t.j.p.i.JtaPlatformInitiator       : HHH000489: No JTA platform available (set 'hibernate.transaction.jta.platform' to enable JTA platform integration)
Hibernate: alter table badges modify column target_role enum ('ADMIN','STUDENT','TUTOR')
2026-02-07T23:20:26.559+05:30  INFO 21628 --- [studysync-backend] [  restartedMain] j.LocalContainerEntityManagerFactoryBean : Initialized JPA EntityManagerFactory for persistence unit 'default'
2026-02-07T23:20:27.103+05:30  INFO 21628 --- [studysync-backend] [  restartedMain] r$InitializeUserDetailsManagerConfigurer : Global AuthenticationManager configured with UserDetailsService bean with name userDetailsService
2026-02-07T23:20:27.799+05:30  WARN 21628 --- [studysync-backend] [  restartedMain] JpaBaseConfiguration$JpaWebConfiguration : spring.jpa.open-in-view is enabled by default. Therefore, database queries may be performed during view rendering. Explicitly configure spring.jpa.open-in-view to disable this warning
2026-02-07T23:20:28.210+05:30  INFO 21628 --- [studysync-backend] [  restartedMain] o.s.b.a.e.web.EndpointLinksResolver      : Exposing 1 endpoint beneath base path '/actuator'
2026-02-07T23:20:28.602+05:30  INFO 21628 --- [studysync-backend] [  restartedMain] o.s.b.d.a.OptionalLiveReloadServer       : LiveReload server is running on port 35729
2026-02-07T23:20:28.659+05:30  INFO 21628 --- [studysync-backend] [  restartedMain] o.s.m.s.b.SimpleBrokerMessageHandler     : Starting...
2026-02-07T23:20:28.659+05:30  INFO 21628 --- [studysync-backend] [  restartedMain] o.s.m.s.b.SimpleBrokerMessageHandler     : BrokerAvailabilityEvent[available=true, SimpleBrokerMessageHandler [org.springframework.messaging.simp.broker.DefaultSubscriptionRegistry@76b241a0]]
2026-02-07T23:20:28.659+05:30  INFO 21628 --- [studysync-backend] [  restartedMain] o.s.m.s.b.SimpleBrokerMessageHandler     : Started.
2026-02-07T23:20:28.665+05:30  INFO 21628 --- [studysync-backend] [  restartedMain] o.s.b.w.embedded.tomcat.TomcatWebServer  : Tomcat started on port 8080 (http) with context path '/'
2026-02-07T23:20:28.672+05:30  INFO 21628 --- [studysync-backend] [  restartedMain] c.s.s.StudysyncBackendApplication        : Started StudysyncBackendApplication in 4.561 seconds (process running for 606.615)
Hibernate: select count(*) from badges b1_0
Hibernate: select u1_0.id,u1_0.avatar_url,u1_0.bio,u1_0.current_streak,u1_0.email,u1_0.first_name,u1_0.is_banned,u1_0.last_login_date,u1_0.last_name,u1_0.password,u1_0.points,u1_0.profession,u1_0.role from users u1_0 where u1_0.email=?
Hibernate: select u1_0.id,u1_0.avatar_url,u1_0.bio,u1_0.current_streak,u1_0.email,u1_0.first_name,u1_0.is_banned,u1_0.last_login_date,u1_0.last_name,u1_0.password,u1_0.points,u1_0.profession,u1_0.role from users u1_0 where u1_0.id=?
Hibernate: update users set avatar_url=?,bio=?,current_streak=?,email=?,first_name=?,is_banned=?,last_login_date=?,last_name=?,password=?,points=?,profession=?,role=? where id=?
Admin user updated/created: admin@studysync.com / password (Role: ADMIN)
Hibernate: select u1_0.id,u1_0.avatar_url,u1_0.bio,u1_0.current_streak,u1_0.email,u1_0.first_name,u1_0.is_banned,u1_0.last_login_date,u1_0.last_name,u1_0.password,u1_0.points,u1_0.profession,u1_0.role from users u1_0 where u1_0.email=?
Hibernate: select u1_0.id,u1_0.avatar_url,u1_0.bio,u1_0.current_streak,u1_0.email,u1_0.first_name,u1_0.is_banned,u1_0.last_login_date,u1_0.last_name,u1_0.password,u1_0.points,u1_0.profession,u1_0.role from users u1_0 where u1_0.id=?
Hibernate: update users set avatar_url=?,bio=?,current_streak=?,email=?,first_name=?,is_banned=?,last_login_date=?,last_name=?,password=?,points=?,profession=?,role=? where id=?
Standard user updated/created: user@studysync.com / password
Hibernate: select u1_0.id,u1_0.avatar_url,u1_0.bio,u1_0.current_streak,u1_0.email,u1_0.first_name,u1_0.is_banned,u1_0.last_login_date,u1_0.last_name,u1_0.password,u1_0.points,u1_0.profession,u1_0.role from users u1_0 where u1_0.email=?
Hibernate: select u1_0.id,u1_0.avatar_url,u1_0.bio,u1_0.current_streak,u1_0.email,u1_0.first_name,u1_0.is_banned,u1_0.last_login_date,u1_0.last_name,u1_0.password,u1_0.points,u1_0.profession,u1_0.role from users u1_0 where u1_0.id=?
Hibernate: update users set avatar_url=?,bio=?,current_streak=?,email=?,first_name=?,is_banned=?,last_login_date=?,last_name=?,password=?,points=?,profession=?,role=? where id=?
Dedicated tutor updated/created: tutor@studysync.com / password
Hibernate: select c1_0.id,c1_0.approval_status,c1_0.average_rating,c1_0.category,c1_0.description,c1_0.is_published,c1_0.level,c1_0.price,c1_0.thumbnail,c1_0.title,c1_0.tutor_id,c1_0.view_count from courses c1_0
Hibernate: select c1_0.id,c1_0.approval_status,c1_0.average_rating,c1_0.category,c1_0.description,c1_0.is_published,c1_0.level,c1_0.price,c1_0.thumbnail,c1_0.title,c1_0.tutor_id,c1_0.view_count,m1_0.course_id,m1_0.id,m1_0.content,m1_0.notes_url,q1_0.id,q1_0.module_id,q1_0.title,m1_0.title,m1_0.video_url from courses c1_0 left join modules m1_0 on c1_0.id=m1_0.course_id left join quizzes q1_0 on m1_0.id=q1_0.module_id where c1_0.id=?
Ensured demo course is published: Introduction to StudySync
2026-02-07T23:20:29.203+05:30  INFO 21628 --- [studysync-backend] [  restartedMain] .ConditionEvaluationDeltaLoggingListener : Condition evaluation unchanged
2026-02-07T23:20:50.645+05:30  INFO 21628 --- [studysync-backend] [   File Watcher] rtingClassPathChangeChangedEventListener : Restarting due to 2 class path changes (0 additions, 0 deletions, 2 modifications)
2026-02-07T23:20:50.648+05:30  INFO 21628 --- [studysync-backend] [      Thread-11] o.s.b.w.e.tomcat.GracefulShutdown        : Commencing graceful shutdown. Waiting for active requests to complete
2026-02-07T23:20:50.657+05:30  INFO 21628 --- [studysync-backend] [tomcat-shutdown] o.s.b.w.e.tomcat.GracefulShutdown        : Graceful shutdown complete
2026-02-07T23:20:50.660+05:30  INFO 21628 --- [studysync-backend] [      Thread-11] o.s.m.s.b.SimpleBrokerMessageHandler     : Stopping...
2026-02-07T23:20:50.660+05:30  INFO 21628 --- [studysync-backend] [      Thread-11] o.s.m.s.b.SimpleBrokerMessageHandler     : BrokerAvailabilityEvent[available=false, SimpleBrokerMessageHandler [org.springframework.messaging.simp.broker.DefaultSubscriptionRegistry@76b241a0]]
2026-02-07T23:20:50.660+05:30  INFO 21628 --- [studysync-backend] [      Thread-11] o.s.m.s.b.SimpleBrokerMessageHandler     : Stopped.
2026-02-07T23:20:50.663+05:30  INFO 21628 --- [studysync-backend] [      Thread-11] j.LocalContainerEntityManagerFactoryBean : Closing JPA EntityManagerFactory for persistence unit 'default'
2026-02-07T23:20:50.664+05:30  INFO 21628 --- [studysync-backend] [      Thread-11] com.zaxxer.hikari.HikariDataSource       : HikariPool-3 - Shutdown initiated...
2026-02-07T23:20:50.668+05:30  INFO 21628 --- [studysync-backend] [      Thread-11] com.zaxxer.hikari.HikariDataSource       : HikariPool-3 - Shutdown completed.

  .   ____          _            __ _ _
 /\\ / ___'_ __ _ _(_)_ __  __ _ \ \ \ \
( ( )\___ | '_ | '_| | '_ \/ _` | \ \ \ \
 \\/  ___)| |_)| | | | | || (_| |  ) ) ) )
  '  |____| .__|_| |_|_| |_\__, | / / / /
 =========|_|==============|___/=/_/_/_/

 :: Spring Boot ::                (v3.5.6)

2026-02-07T23:20:50.758+05:30  INFO 21628 --- [studysync-backend] [  restartedMain] c.s.s.StudysyncBackendApplication        : Starting StudysyncBackendApplication using Java 21.0.1 with PID 21628 (E:\Studysync new\studysync-backend\target\classes started by harsh in E:\Studysync new\studysync-backend)
2026-02-07T23:20:50.758+05:30  INFO 21628 --- [studysync-backend] [  restartedMain] c.s.s.StudysyncBackendApplication        : No active profile set, falling back to 1 default profile: "default"
2026-02-07T23:20:51.104+05:30  INFO 21628 --- [studysync-backend] [  restartedMain] .s.d.r.c.RepositoryConfigurationDelegate : Bootstrapping Spring Data JPA repositories in DEFAULT mode.
2026-02-07T23:20:51.136+05:30  INFO 21628 --- [studysync-backend] [  restartedMain] .s.d.r.c.RepositoryConfigurationDelegate : Finished Spring Data repository scanning in 31 ms. Found 11 JPA repository interfaces.
2026-02-07T23:20:51.247+05:30  INFO 21628 --- [studysync-backend] [  restartedMain] o.s.b.w.embedded.tomcat.TomcatWebServer  : Tomcat initialized with port 8080 (http)
2026-02-07T23:20:51.247+05:30  INFO 21628 --- [studysync-backend] [  restartedMain] o.apache.catalina.core.StandardService   : Starting service [Tomcat]
2026-02-07T23:20:51.247+05:30  INFO 21628 --- [studysync-backend] [  restartedMain] o.apache.catalina.core.StandardEngine    : Starting Servlet engine: [Apache Tomcat/10.1.46]
2026-02-07T23:20:51.259+05:30  INFO 21628 --- [studysync-backend] [  restartedMain] o.a.c.c.C.[Tomcat].[localhost].[/]       : Initializing Spring embedded WebApplicationContext
2026-02-07T23:20:51.259+05:30  INFO 21628 --- [studysync-backend] [  restartedMain] w.s.c.ServletWebServerApplicationContext : Root WebApplicationContext: initialization completed in 499 ms
2026-02-07T23:20:51.313+05:30  INFO 21628 --- [studysync-backend] [  restartedMain] o.hibernate.jpa.internal.util.LogHelper  : HHH000204: Processing PersistenceUnitInfo [name: default]
2026-02-07T23:20:51.314+05:30  INFO 21628 --- [studysync-backend] [  restartedMain] o.h.c.internal.RegionFactoryInitiator    : HHH000026: Second-level cache disabled
2026-02-07T23:20:51.318+05:30  INFO 21628 --- [studysync-backend] [  restartedMain] o.s.o.j.p.SpringPersistenceUnitInfo      : No LoadTimeWeaver setup: ignoring JPA class transformer
2026-02-07T23:20:51.319+05:30  INFO 21628 --- [studysync-backend] [  restartedMain] com.zaxxer.hikari.HikariDataSource       : HikariPool-4 - Starting...
2026-02-07T23:20:51.334+05:30  INFO 21628 --- [studysync-backend] [  restartedMain] com.zaxxer.hikari.pool.HikariPool        : HikariPool-4 - Added connection com.mysql.cj.jdbc.ConnectionImpl@60192d7c
2026-02-07T23:20:51.334+05:30  INFO 21628 --- [studysync-backend] [  restartedMain] com.zaxxer.hikari.HikariDataSource       : HikariPool-4 - Start completed.
2026-02-07T23:20:51.335+05:30  WARN 21628 --- [studysync-backend] [  restartedMain] org.hibernate.orm.deprecation            : HHH90000025: MySQLDialect does not need to be specified explicitly using 'hibernate.dialect' (remove the property setting and it will be selected by default)
2026-02-07T23:20:51.335+05:30  INFO 21628 --- [studysync-backend] [  restartedMain] org.hibernate.orm.connections.pooling    : HHH10001005: Database info:
	Database JDBC URL [Connecting through datasource 'HikariDataSource (HikariPool-4)']
	Database driver: undefined/unknown
	Database version: 8.0.35
	Autocommit mode: undefined/unknown
	Isolation level: undefined/unknown
	Minimum pool size: undefined/unknown
	Maximum pool size: undefined/unknown
2026-02-07T23:20:51.494+05:30  INFO 21628 --- [studysync-backend] [  restartedMain] o.h.e.t.j.p.i.JtaPlatformInitiator       : HHH000489: No JTA platform available (set 'hibernate.transaction.jta.platform' to enable JTA platform integration)
Hibernate: alter table badges modify column target_role enum ('ADMIN','STUDENT','TUTOR')
Hibernate: alter table discussions add column is_hidden bit not null
2026-02-07T23:20:51.674+05:30  INFO 21628 --- [studysync-backend] [  restartedMain] j.LocalContainerEntityManagerFactoryBean : Initialized JPA EntityManagerFactory for persistence unit 'default'
2026-02-07T23:20:51.998+05:30  INFO 21628 --- [studysync-backend] [  restartedMain] r$InitializeUserDetailsManagerConfigurer : Global AuthenticationManager configured with UserDetailsService bean with name userDetailsService
2026-02-07T23:20:52.553+05:30  WARN 21628 --- [studysync-backend] [  restartedMain] JpaBaseConfiguration$JpaWebConfiguration : spring.jpa.open-in-view is enabled by default. Therefore, database queries may be performed during view rendering. Explicitly configure spring.jpa.open-in-view to disable this warning
2026-02-07T23:20:53.075+05:30  INFO 21628 --- [studysync-backend] [  restartedMain] o.s.b.a.e.web.EndpointLinksResolver      : Exposing 1 endpoint beneath base path '/actuator'
2026-02-07T23:20:53.683+05:30  INFO 21628 --- [studysync-backend] [  restartedMain] o.s.b.d.a.OptionalLiveReloadServer       : LiveReload server is running on port 35729
2026-02-07T23:20:53.719+05:30  INFO 21628 --- [studysync-backend] [  restartedMain] o.s.m.s.b.SimpleBrokerMessageHandler     : Starting...
2026-02-07T23:20:53.719+05:30  INFO 21628 --- [studysync-backend] [  restartedMain] o.s.m.s.b.SimpleBrokerMessageHandler     : BrokerAvailabilityEvent[available=true, SimpleBrokerMessageHandler [org.springframework.messaging.simp.broker.DefaultSubscriptionRegistry@649ef4d8]]
2026-02-07T23:20:53.719+05:30  INFO 21628 --- [studysync-backend] [  restartedMain] o.s.m.s.b.SimpleBrokerMessageHandler     : Started.
2026-02-07T23:20:53.724+05:30  INFO 21628 --- [studysync-backend] [  restartedMain] o.s.b.w.embedded.tomcat.TomcatWebServer  : Tomcat started on port 8080 (http) with context path '/'
2026-02-07T23:20:53.733+05:30  INFO 21628 --- [studysync-backend] [  restartedMain] c.s.s.StudysyncBackendApplication        : Started StudysyncBackendApplication in 2.991 seconds (process running for 631.677)
Hibernate: select count(*) from badges b1_0
Hibernate: select u1_0.id,u1_0.avatar_url,u1_0.bio,u1_0.current_streak,u1_0.email,u1_0.first_name,u1_0.is_banned,u1_0.last_login_date,u1_0.last_name,u1_0.password,u1_0.points,u1_0.profession,u1_0.role from users u1_0 where u1_0.email=?
Hibernate: select u1_0.id,u1_0.avatar_url,u1_0.bio,u1_0.current_streak,u1_0.email,u1_0.first_name,u1_0.is_banned,u1_0.last_login_date,u1_0.last_name,u1_0.password,u1_0.points,u1_0.profession,u1_0.role from users u1_0 where u1_0.id=?
Hibernate: update users set avatar_url=?,bio=?,current_streak=?,email=?,first_name=?,is_banned=?,last_login_date=?,last_name=?,password=?,points=?,profession=?,role=? where id=?
Admin user updated/created: admin@studysync.com / password (Role: ADMIN)
Hibernate: select u1_0.id,u1_0.avatar_url,u1_0.bio,u1_0.current_streak,u1_0.email,u1_0.first_name,u1_0.is_banned,u1_0.last_login_date,u1_0.last_name,u1_0.password,u1_0.points,u1_0.profession,u1_0.role from users u1_0 where u1_0.email=?
Hibernate: select u1_0.id,u1_0.avatar_url,u1_0.bio,u1_0.current_streak,u1_0.email,u1_0.first_name,u1_0.is_banned,u1_0.last_login_date,u1_0.last_name,u1_0.password,u1_0.points,u1_0.profession,u1_0.role from users u1_0 where u1_0.id=?
Hibernate: update users set avatar_url=?,bio=?,current_streak=?,email=?,first_name=?,is_banned=?,last_login_date=?,last_name=?,password=?,points=?,profession=?,role=? where id=?
Standard user updated/created: user@studysync.com / password
Hibernate: select u1_0.id,u1_0.avatar_url,u1_0.bio,u1_0.current_streak,u1_0.email,u1_0.first_name,u1_0.is_banned,u1_0.last_login_date,u1_0.last_name,u1_0.password,u1_0.points,u1_0.profession,u1_0.role from users u1_0 where u1_0.email=?
Hibernate: select u1_0.id,u1_0.avatar_url,u1_0.bio,u1_0.current_streak,u1_0.email,u1_0.first_name,u1_0.is_banned,u1_0.last_login_date,u1_0.last_name,u1_0.password,u1_0.points,u1_0.profession,u1_0.role from users u1_0 where u1_0.id=?
Hibernate: update users set avatar_url=?,bio=?,current_streak=?,email=?,first_name=?,is_banned=?,last_login_date=?,last_name=?,password=?,points=?,profession=?,role=? where id=?
Dedicated tutor updated/created: tutor@studysync.com / password
Hibernate: select c1_0.id,c1_0.approval_status,c1_0.average_rating,c1_0.category,c1_0.description,c1_0.is_published,c1_0.level,c1_0.price,c1_0.thumbnail,c1_0.title,c1_0.tutor_id,c1_0.view_count from courses c1_0
Hibernate: select c1_0.id,c1_0.approval_status,c1_0.average_rating,c1_0.category,c1_0.description,c1_0.is_published,c1_0.level,c1_0.price,c1_0.thumbnail,c1_0.title,c1_0.tutor_id,c1_0.view_count,m1_0.course_id,m1_0.id,m1_0.content,m1_0.notes_url,q1_0.id,q1_0.module_id,q1_0.title,m1_0.title,m1_0.video_url from courses c1_0 left join modules m1_0 on c1_0.id=m1_0.course_id left join quizzes q1_0 on m1_0.id=q1_0.module_id where c1_0.id=?
Ensured demo course is published: Introduction to StudySync
2026-02-07T23:20:54.350+05:30  INFO 21628 --- [studysync-backend] [  restartedMain] .ConditionEvaluationDeltaLoggingListener : Condition evaluation unchanged
2026-02-07T23:21:07.534+05:30  INFO 21628 --- [studysync-backend] [   File Watcher] rtingClassPathChangeChangedEventListener : Restarting due to 1 class path change (0 additions, 0 deletions, 1 modification)
2026-02-07T23:21:07.538+05:30  INFO 21628 --- [studysync-backend] [      Thread-15] o.s.b.w.e.tomcat.GracefulShutdown        : Commencing graceful shutdown. Waiting for active requests to complete
2026-02-07T23:21:07.566+05:30  INFO 21628 --- [studysync-backend] [tomcat-shutdown] o.s.b.w.e.tomcat.GracefulShutdown        : Graceful shutdown complete
2026-02-07T23:21:07.569+05:30  INFO 21628 --- [studysync-backend] [      Thread-15] o.s.m.s.b.SimpleBrokerMessageHandler     : Stopping...
2026-02-07T23:21:07.569+05:30  INFO 21628 --- [studysync-backend] [      Thread-15] o.s.m.s.b.SimpleBrokerMessageHandler     : BrokerAvailabilityEvent[available=false, SimpleBrokerMessageHandler [org.springframework.messaging.simp.broker.DefaultSubscriptionRegistry@649ef4d8]]
2026-02-07T23:21:07.569+05:30  INFO 21628 --- [studysync-backend] [      Thread-15] o.s.m.s.b.SimpleBrokerMessageHandler     : Stopped.
2026-02-07T23:21:07.576+05:30  INFO 21628 --- [studysync-backend] [      Thread-15] j.LocalContainerEntityManagerFactoryBean : Closing JPA EntityManagerFactory for persistence unit 'default'
2026-02-07T23:21:07.578+05:30  INFO 21628 --- [studysync-backend] [      Thread-15] com.zaxxer.hikari.HikariDataSource       : HikariPool-4 - Shutdown initiated...
2026-02-07T23:21:07.587+05:30  INFO 21628 --- [studysync-backend] [      Thread-15] com.zaxxer.hikari.HikariDataSource       : HikariPool-4 - Shutdown completed.

  .   ____          _            __ _ _
 /\\ / ___'_ __ _ _(_)_ __  __ _ \ \ \ \
( ( )\___ | '_ | '_| | '_ \/ _` | \ \ \ \
 \\/  ___)| |_)| | | | | || (_| |  ) ) ) )
  '  |____| .__|_| |_|_| |_\__, | / / / /
 =========|_|==============|___/=/_/_/_/

 :: Spring Boot ::                (v3.5.6)

2026-02-07T23:21:07.793+05:30  INFO 21628 --- [studysync-backend] [  restartedMain] c.s.s.StudysyncBackendApplication        : Starting StudysyncBackendApplication using Java 21.0.1 with PID 21628 (E:\Studysync new\studysync-backend\target\classes started by harsh in E:\Studysync new\studysync-backend)
2026-02-07T23:21:07.793+05:30  INFO 21628 --- [studysync-backend] [  restartedMain] c.s.s.StudysyncBackendApplication        : No active profile set, falling back to 1 default profile: "default"
2026-02-07T23:21:08.386+05:30  INFO 21628 --- [studysync-backend] [  restartedMain] .s.d.r.c.RepositoryConfigurationDelegate : Bootstrapping Spring Data JPA repositories in DEFAULT mode.
2026-02-07T23:21:08.449+05:30  INFO 21628 --- [studysync-backend] [  restartedMain] .s.d.r.c.RepositoryConfigurationDelegate : Finished Spring Data repository scanning in 61 ms. Found 11 JPA repository interfaces.
2026-02-07T23:21:08.832+05:30  INFO 21628 --- [studysync-backend] [  restartedMain] o.s.b.w.embedded.tomcat.TomcatWebServer  : Tomcat initialized with port 8080 (http)
2026-02-07T23:21:08.835+05:30  INFO 21628 --- [studysync-backend] [  restartedMain] o.apache.catalina.core.StandardService   : Starting service [Tomcat]
2026-02-07T23:21:08.836+05:30  INFO 21628 --- [studysync-backend] [  restartedMain] o.apache.catalina.core.StandardEngine    : Starting Servlet engine: [Apache Tomcat/10.1.46]
2026-02-07T23:21:08.898+05:30  INFO 21628 --- [studysync-backend] [  restartedMain] o.a.c.c.C.[Tomcat].[localhost].[/]       : Initializing Spring embedded WebApplicationContext
2026-02-07T23:21:08.898+05:30  INFO 21628 --- [studysync-backend] [  restartedMain] w.s.c.ServletWebServerApplicationContext : Root WebApplicationContext: initialization completed in 1102 ms
2026-02-07T23:21:09.014+05:30  INFO 21628 --- [studysync-backend] [  restartedMain] o.hibernate.jpa.internal.util.LogHelper  : HHH000204: Processing PersistenceUnitInfo [name: default]
2026-02-07T23:21:09.015+05:30  INFO 21628 --- [studysync-backend] [  restartedMain] o.h.c.internal.RegionFactoryInitiator    : HHH000026: Second-level cache disabled
2026-02-07T23:21:09.023+05:30  INFO 21628 --- [studysync-backend] [  restartedMain] o.s.o.j.p.SpringPersistenceUnitInfo      : No LoadTimeWeaver setup: ignoring JPA class transformer
2026-02-07T23:21:09.025+05:30  INFO 21628 --- [studysync-backend] [  restartedMain] com.zaxxer.hikari.HikariDataSource       : HikariPool-5 - Starting...
2026-02-07T23:21:09.049+05:30  INFO 21628 --- [studysync-backend] [  restartedMain] com.zaxxer.hikari.pool.HikariPool        : HikariPool-5 - Added connection com.mysql.cj.jdbc.ConnectionImpl@3b760326
2026-02-07T23:21:09.049+05:30  INFO 21628 --- [studysync-backend] [  restartedMain] com.zaxxer.hikari.HikariDataSource       : HikariPool-5 - Start completed.
2026-02-07T23:21:09.052+05:30  WARN 21628 --- [studysync-backend] [  restartedMain] org.hibernate.orm.deprecation            : HHH90000025: MySQLDialect does not need to be specified explicitly using 'hibernate.dialect' (remove the property setting and it will be selected by default)
2026-02-07T23:21:09.052+05:30  INFO 21628 --- [studysync-backend] [  restartedMain] org.hibernate.orm.connections.pooling    : HHH10001005: Database info:
	Database JDBC URL [Connecting through datasource 'HikariDataSource (HikariPool-5)']
	Database driver: undefined/unknown
	Database version: 8.0.35
	Autocommit mode: undefined/unknown
	Isolation level: undefined/unknown
	Minimum pool size: undefined/unknown
	Maximum pool size: undefined/unknown
2026-02-07T23:21:09.753+05:30  INFO 21628 --- [studysync-backend] [  restartedMain] o.h.e.t.j.p.i.JtaPlatformInitiator       : HHH000489: No JTA platform available (set 'hibernate.transaction.jta.platform' to enable JTA platform integration)
Hibernate: alter table badges modify column target_role enum ('ADMIN','STUDENT','TUTOR')
2026-02-07T23:21:09.904+05:30  INFO 21628 --- [studysync-backend] [  restartedMain] j.LocalContainerEntityManagerFactoryBean : Initialized JPA EntityManagerFactory for persistence unit 'default'
2026-02-07T23:21:10.336+05:30  INFO 21628 --- [studysync-backend] [  restartedMain] r$InitializeUserDetailsManagerConfigurer : Global AuthenticationManager configured with UserDetailsService bean with name userDetailsService
2026-02-07T23:21:11.218+05:30  WARN 21628 --- [studysync-backend] [  restartedMain] JpaBaseConfiguration$JpaWebConfiguration : spring.jpa.open-in-view is enabled by default. Therefore, database queries may be performed during view rendering. Explicitly configure spring.jpa.open-in-view to disable this warning
2026-02-07T23:21:11.961+05:30  INFO 21628 --- [studysync-backend] [  restartedMain] o.s.b.a.e.web.EndpointLinksResolver      : Exposing 1 endpoint beneath base path '/actuator'
2026-02-07T23:21:12.577+05:30  INFO 21628 --- [studysync-backend] [  restartedMain] o.s.b.d.a.OptionalLiveReloadServer       : LiveReload server is running on port 35729
2026-02-07T23:21:12.601+05:30  INFO 21628 --- [studysync-backend] [  restartedMain] o.s.m.s.b.SimpleBrokerMessageHandler     : Starting...
2026-02-07T23:21:12.602+05:30  INFO 21628 --- [studysync-backend] [  restartedMain] o.s.m.s.b.SimpleBrokerMessageHandler     : BrokerAvailabilityEvent[available=true, SimpleBrokerMessageHandler [org.springframework.messaging.simp.broker.DefaultSubscriptionRegistry@12759090]]
2026-02-07T23:21:12.602+05:30  INFO 21628 --- [studysync-backend] [  restartedMain] o.s.m.s.b.SimpleBrokerMessageHandler     : Started.
2026-02-07T23:21:12.606+05:30  INFO 21628 --- [studysync-backend] [  restartedMain] o.s.b.w.embedded.tomcat.TomcatWebServer  : Tomcat started on port 8080 (http) with context path '/'
2026-02-07T23:21:12.614+05:30  INFO 21628 --- [studysync-backend] [  restartedMain] c.s.s.StudysyncBackendApplication        : Started StudysyncBackendApplication in 4.851 seconds (process running for 650.557)
Hibernate: select count(*) from badges b1_0
Hibernate: select u1_0.id,u1_0.avatar_url,u1_0.bio,u1_0.current_streak,u1_0.email,u1_0.first_name,u1_0.is_banned,u1_0.last_login_date,u1_0.last_name,u1_0.password,u1_0.points,u1_0.profession,u1_0.role from users u1_0 where u1_0.email=?
Hibernate: select u1_0.id,u1_0.avatar_url,u1_0.bio,u1_0.current_streak,u1_0.email,u1_0.first_name,u1_0.is_banned,u1_0.last_login_date,u1_0.last_name,u1_0.password,u1_0.points,u1_0.profession,u1_0.role from users u1_0 where u1_0.id=?
Hibernate: update users set avatar_url=?,bio=?,current_streak=?,email=?,first_name=?,is_banned=?,last_login_date=?,last_name=?,password=?,points=?,profession=?,role=? where id=?
Admin user updated/created: admin@studysync.com / password (Role: ADMIN)
Hibernate: select u1_0.id,u1_0.avatar_url,u1_0.bio,u1_0.current_streak,u1_0.email,u1_0.first_name,u1_0.is_banned,u1_0.last_login_date,u1_0.last_name,u1_0.password,u1_0.points,u1_0.profession,u1_0.role from users u1_0 where u1_0.email=?
Hibernate: select u1_0.id,u1_0.avatar_url,u1_0.bio,u1_0.current_streak,u1_0.email,u1_0.first_name,u1_0.is_banned,u1_0.last_login_date,u1_0.last_name,u1_0.password,u1_0.points,u1_0.profession,u1_0.role from users u1_0 where u1_0.id=?
Hibernate: update users set avatar_url=?,bio=?,current_streak=?,email=?,first_name=?,is_banned=?,last_login_date=?,last_name=?,password=?,points=?,profession=?,role=? where id=?
Standard user updated/created: user@studysync.com / password
Hibernate: select u1_0.id,u1_0.avatar_url,u1_0.bio,u1_0.current_streak,u1_0.email,u1_0.first_name,u1_0.is_banned,u1_0.last_login_date,u1_0.last_name,u1_0.password,u1_0.points,u1_0.profession,u1_0.role from users u1_0 where u1_0.email=?
Hibernate: select u1_0.id,u1_0.avatar_url,u1_0.bio,u1_0.current_streak,u1_0.email,u1_0.first_name,u1_0.is_banned,u1_0.last_login_date,u1_0.last_name,u1_0.password,u1_0.points,u1_0.profession,u1_0.role from users u1_0 where u1_0.id=?
Hibernate: update users set avatar_url=?,bio=?,current_streak=?,email=?,first_name=?,is_banned=?,last_login_date=?,last_name=?,password=?,points=?,profession=?,role=? where id=?
Dedicated tutor updated/created: tutor@studysync.com / password
Hibernate: select c1_0.id,c1_0.approval_status,c1_0.average_rating,c1_0.category,c1_0.description,c1_0.is_published,c1_0.level,c1_0.price,c1_0.thumbnail,c1_0.title,c1_0.tutor_id,c1_0.view_count from courses c1_0
Hibernate: select c1_0.id,c1_0.approval_status,c1_0.average_rating,c1_0.category,c1_0.description,c1_0.is_published,c1_0.level,c1_0.price,c1_0.thumbnail,c1_0.title,c1_0.tutor_id,c1_0.view_count,m1_0.course_id,m1_0.id,m1_0.content,m1_0.notes_url,q1_0.id,q1_0.module_id,q1_0.title,m1_0.title,m1_0.video_url from courses c1_0 left join modules m1_0 on c1_0.id=m1_0.course_id left join quizzes q1_0 on m1_0.id=q1_0.module_id where c1_0.id=?
Ensured demo course is published: Introduction to StudySync
2026-02-07T23:21:13.129+05:30  INFO 21628 --- [studysync-backend] [  restartedMain] .ConditionEvaluationDeltaLoggingListener : Condition evaluation unchanged
2026-02-07T23:21:14.038+05:30  INFO 21628 --- [studysync-backend] [   File Watcher] rtingClassPathChangeChangedEventListener : Restarting due to 1 class path change (0 additions, 0 deletions, 1 modification)
2026-02-07T23:21:14.046+05:30  INFO 21628 --- [studysync-backend] [      Thread-19] o.s.b.w.e.tomcat.GracefulShutdown        : Commencing graceful shutdown. Waiting for active requests to complete
2026-02-07T23:21:14.234+05:30  INFO 21628 --- [studysync-backend] [tomcat-shutdown] o.s.b.w.e.tomcat.GracefulShutdown        : Graceful shutdown complete
2026-02-07T23:21:14.244+05:30  INFO 21628 --- [studysync-backend] [      Thread-19] o.s.m.s.b.SimpleBrokerMessageHandler     : Stopping...
2026-02-07T23:21:14.245+05:30  INFO 21628 --- [studysync-backend] [      Thread-19] o.s.m.s.b.SimpleBrokerMessageHandler     : BrokerAvailabilityEvent[available=false, SimpleBrokerMessageHandler [org.springframework.messaging.simp.broker.DefaultSubscriptionRegistry@12759090]]
2026-02-07T23:21:14.245+05:30  INFO 21628 --- [studysync-backend] [      Thread-19] o.s.m.s.b.SimpleBrokerMessageHandler     : Stopped.
2026-02-07T23:21:14.252+05:30  INFO 21628 --- [studysync-backend] [      Thread-19] j.LocalContainerEntityManagerFactoryBean : Closing JPA EntityManagerFactory for persistence unit 'default'
2026-02-07T23:21:14.253+05:30  INFO 21628 --- [studysync-backend] [      Thread-19] com.zaxxer.hikari.HikariDataSource       : HikariPool-5 - Shutdown initiated...
2026-02-07T23:21:14.272+05:30  INFO 21628 --- [studysync-backend] [      Thread-19] com.zaxxer.hikari.HikariDataSource       : HikariPool-5 - Shutdown completed.

  .   ____          _            __ _ _
 /\\ / ___'_ __ _ _(_)_ __  __ _ \ \ \ \
( ( )\___ | '_ | '_| | '_ \/ _` | \ \ \ \
 \\/  ___)| |_)| | | | | || (_| |  ) ) ) )
  '  |____| .__|_| |_|_| |_\__, | / / / /
 =========|_|==============|___/=/_/_/_/

 :: Spring Boot ::                (v3.5.6)

2026-02-07T23:21:14.475+05:30  INFO 21628 --- [studysync-backend] [  restartedMain] c.s.s.StudysyncBackendApplication        : Starting StudysyncBackendApplication using Java 21.0.1 with PID 21628 (E:\Studysync new\studysync-backend\target\classes started by harsh in E:\Studysync new\studysync-backend)
2026-02-07T23:21:14.475+05:30  INFO 21628 --- [studysync-backend] [  restartedMain] c.s.s.StudysyncBackendApplication        : No active profile set, falling back to 1 default profile: "default"
2026-02-07T23:21:15.818+05:30  INFO 21628 --- [studysync-backend] [  restartedMain] .s.d.r.c.RepositoryConfigurationDelegate : Bootstrapping Spring Data JPA repositories in DEFAULT mode.
2026-02-07T23:21:15.925+05:30  INFO 21628 --- [studysync-backend] [  restartedMain] .s.d.r.c.RepositoryConfigurationDelegate : Finished Spring Data repository scanning in 103 ms. Found 11 JPA repository interfaces.
2026-02-07T23:21:16.378+05:30  INFO 21628 --- [studysync-backend] [  restartedMain] o.s.b.w.embedded.tomcat.TomcatWebServer  : Tomcat initialized with port 8080 (http)
2026-02-07T23:21:16.382+05:30  INFO 21628 --- [studysync-backend] [  restartedMain] o.apache.catalina.core.StandardService   : Starting service [Tomcat]
2026-02-07T23:21:16.382+05:30  INFO 21628 --- [studysync-backend] [  restartedMain] o.apache.catalina.core.StandardEngine    : Starting Servlet engine: [Apache Tomcat/10.1.46]
2026-02-07T23:21:16.458+05:30  INFO 21628 --- [studysync-backend] [  restartedMain] o.a.c.c.C.[Tomcat].[localhost].[/]       : Initializing Spring embedded WebApplicationContext
2026-02-07T23:21:16.458+05:30  INFO 21628 --- [studysync-backend] [  restartedMain] w.s.c.ServletWebServerApplicationContext : Root WebApplicationContext: initialization completed in 1978 ms
2026-02-07T23:21:16.768+05:30  INFO 21628 --- [studysync-backend] [  restartedMain] o.hibernate.jpa.internal.util.LogHelper  : HHH000204: Processing PersistenceUnitInfo [name: default]
2026-02-07T23:21:16.771+05:30  INFO 21628 --- [studysync-backend] [  restartedMain] o.h.c.internal.RegionFactoryInitiator    : HHH000026: Second-level cache disabled
2026-02-07T23:21:16.791+05:30  INFO 21628 --- [studysync-backend] [  restartedMain] o.s.o.j.p.SpringPersistenceUnitInfo      : No LoadTimeWeaver setup: ignoring JPA class transformer
2026-02-07T23:21:16.793+05:30  INFO 21628 --- [studysync-backend] [  restartedMain] com.zaxxer.hikari.HikariDataSource       : HikariPool-6 - Starting...
2026-02-07T23:21:16.815+05:30  INFO 21628 --- [studysync-backend] [  restartedMain] com.zaxxer.hikari.pool.HikariPool        : HikariPool-6 - Added connection com.mysql.cj.jdbc.ConnectionImpl@5b5febc9
2026-02-07T23:21:16.815+05:30  INFO 21628 --- [studysync-backend] [  restartedMain] com.zaxxer.hikari.HikariDataSource       : HikariPool-6 - Start completed.
2026-02-07T23:21:16.817+05:30  WARN 21628 --- [studysync-backend] [  restartedMain] org.hibernate.orm.deprecation            : HHH90000025: MySQLDialect does not need to be specified explicitly using 'hibernate.dialect' (remove the property setting and it will be selected by default)
2026-02-07T23:21:16.817+05:30  INFO 21628 --- [studysync-backend] [  restartedMain] org.hibernate.orm.connections.pooling    : HHH10001005: Database info:
	Database JDBC URL [Connecting through datasource 'HikariDataSource (HikariPool-6)']
	Database driver: undefined/unknown
	Database version: 8.0.35
	Autocommit mode: undefined/unknown
	Isolation level: undefined/unknown
	Minimum pool size: undefined/unknown
	Maximum pool size: undefined/unknown
2026-02-07T23:21:17.300+05:30  INFO 21628 --- [studysync-backend] [  restartedMain] o.h.e.t.j.p.i.JtaPlatformInitiator       : HHH000489: No JTA platform available (set 'hibernate.transaction.jta.platform' to enable JTA platform integration)
Hibernate: alter table badges modify column target_role enum ('ADMIN','STUDENT','TUTOR')
2026-02-07T23:21:17.448+05:30  INFO 21628 --- [studysync-backend] [  restartedMain] j.LocalContainerEntityManagerFactoryBean : Initialized JPA EntityManagerFactory for persistence unit 'default'
2026-02-07T23:21:18.110+05:30  INFO 21628 --- [studysync-backend] [  restartedMain] r$InitializeUserDetailsManagerConfigurer : Global AuthenticationManager configured with UserDetailsService bean with name userDetailsService
2026-02-07T23:21:18.842+05:30  WARN 21628 --- [studysync-backend] [  restartedMain] JpaBaseConfiguration$JpaWebConfiguration : spring.jpa.open-in-view is enabled by default. Therefore, database queries may be performed during view rendering. Explicitly configure spring.jpa.open-in-view to disable this warning
2026-02-07T23:21:19.678+05:30  INFO 21628 --- [studysync-backend] [  restartedMain] o.s.b.a.e.web.EndpointLinksResolver      : Exposing 1 endpoint beneath base path '/actuator'
2026-02-07T23:21:20.425+05:30  INFO 21628 --- [studysync-backend] [  restartedMain] o.s.b.d.a.OptionalLiveReloadServer       : LiveReload server is running on port 35729
2026-02-07T23:21:20.474+05:30  INFO 21628 --- [studysync-backend] [  restartedMain] o.s.m.s.b.SimpleBrokerMessageHandler     : Starting...
2026-02-07T23:21:20.475+05:30  INFO 21628 --- [studysync-backend] [  restartedMain] o.s.m.s.b.SimpleBrokerMessageHandler     : BrokerAvailabilityEvent[available=true, SimpleBrokerMessageHandler [org.springframework.messaging.simp.broker.DefaultSubscriptionRegistry@3775388d]]
2026-02-07T23:21:20.476+05:30  INFO 21628 --- [studysync-backend] [  restartedMain] o.s.m.s.b.SimpleBrokerMessageHandler     : Started.
2026-02-07T23:21:20.486+05:30  INFO 21628 --- [studysync-backend] [  restartedMain] o.s.b.w.embedded.tomcat.TomcatWebServer  : Tomcat started on port 8080 (http) with context path '/'
2026-02-07T23:21:20.507+05:30  INFO 21628 --- [studysync-backend] [  restartedMain] c.s.s.StudysyncBackendApplication        : Started StudysyncBackendApplication in 6.109 seconds (process running for 658.45)
Hibernate: select u1_0.id,u1_0.avatar_url,u1_0.bio,u1_0.current_streak,u1_0.email,u1_0.first_name,u1_0.is_banned,u1_0.last_login_date,u1_0.last_name,u1_0.password,u1_0.points,u1_0.profession,u1_0.role from users u1_0 where u1_0.email=?
Hibernate: select u1_0.id,u1_0.avatar_url,u1_0.bio,u1_0.current_streak,u1_0.email,u1_0.first_name,u1_0.is_banned,u1_0.last_login_date,u1_0.last_name,u1_0.password,u1_0.points,u1_0.profession,u1_0.role from users u1_0 where u1_0.id=?
Hibernate: update users set avatar_url=?,bio=?,current_streak=?,email=?,first_name=?,is_banned=?,last_login_date=?,last_name=?,password=?,points=?,profession=?,role=? where id=?
Admin user updated/created: admin@studysync.com / password (Role: ADMIN)
Hibernate: select u1_0.id,u1_0.avatar_url,u1_0.bio,u1_0.current_streak,u1_0.email,u1_0.first_name,u1_0.is_banned,u1_0.last_login_date,u1_0.last_name,u1_0.password,u1_0.points,u1_0.profession,u1_0.role from users u1_0 where u1_0.email=?
Hibernate: select u1_0.id,u1_0.avatar_url,u1_0.bio,u1_0.current_streak,u1_0.email,u1_0.first_name,u1_0.is_banned,u1_0.last_login_date,u1_0.last_name,u1_0.password,u1_0.points,u1_0.profession,u1_0.role from users u1_0 where u1_0.id=?
Hibernate: update users set avatar_url=?,bio=?,current_streak=?,email=?,first_name=?,is_banned=?,last_login_date=?,last_name=?,password=?,points=?,profession=?,role=? where id=?
Standard user updated/created: user@studysync.com / password
Hibernate: select u1_0.id,u1_0.avatar_url,u1_0.bio,u1_0.current_streak,u1_0.email,u1_0.first_name,u1_0.is_banned,u1_0.last_login_date,u1_0.last_name,u1_0.password,u1_0.points,u1_0.profession,u1_0.role from users u1_0 where u1_0.email=?
Hibernate: select u1_0.id,u1_0.avatar_url,u1_0.bio,u1_0.current_streak,u1_0.email,u1_0.first_name,u1_0.is_banned,u1_0.last_login_date,u1_0.last_name,u1_0.password,u1_0.points,u1_0.profession,u1_0.role from users u1_0 where u1_0.id=?
Hibernate: update users set avatar_url=?,bio=?,current_streak=?,email=?,first_name=?,is_banned=?,last_login_date=?,last_name=?,password=?,points=?,profession=?,role=? where id=?
Dedicated tutor updated/created: tutor@studysync.com / password
Hibernate: select c1_0.id,c1_0.approval_status,c1_0.average_rating,c1_0.category,c1_0.description,c1_0.is_published,c1_0.level,c1_0.price,c1_0.thumbnail,c1_0.title,c1_0.tutor_id,c1_0.view_count from courses c1_0
Hibernate: select c1_0.id,c1_0.approval_status,c1_0.average_rating,c1_0.category,c1_0.description,c1_0.is_published,c1_0.level,c1_0.price,c1_0.thumbnail,c1_0.title,c1_0.tutor_id,c1_0.view_count,m1_0.course_id,m1_0.id,m1_0.content,m1_0.notes_url,q1_0.id,q1_0.module_id,q1_0.title,m1_0.title,m1_0.video_url from courses c1_0 left join modules m1_0 on c1_0.id=m1_0.course_id left join quizzes q1_0 on m1_0.id=q1_0.module_id where c1_0.id=?
Ensured demo course is published: Introduction to StudySync
Hibernate: select count(*) from badges b1_0
2026-02-07T23:21:21.468+05:30  INFO 21628 --- [studysync-backend] [  restartedMain] .ConditionEvaluationDeltaLoggingListener : Condition evaluation unchanged
2026-02-07T23:21:24.048+05:30  INFO 21628 --- [studysync-backend] [   File Watcher] rtingClassPathChangeChangedEventListener : Restarting due to 1 class path change (0 additions, 0 deletions, 1 modification)
2026-02-07T23:21:24.058+05:30  INFO 21628 --- [studysync-backend] [      Thread-23] o.s.b.w.e.tomcat.GracefulShutdown        : Commencing graceful shutdown. Waiting for active requests to complete
2026-02-07T23:21:24.299+05:30  INFO 21628 --- [studysync-backend] [tomcat-shutdown] o.s.b.w.e.tomcat.GracefulShutdown        : Graceful shutdown complete
2026-02-07T23:21:24.301+05:30  INFO 21628 --- [studysync-backend] [      Thread-23] o.s.m.s.b.SimpleBrokerMessageHandler     : Stopping...
2026-02-07T23:21:24.302+05:30  INFO 21628 --- [studysync-backend] [      Thread-23] o.s.m.s.b.SimpleBrokerMessageHandler     : BrokerAvailabilityEvent[available=false, SimpleBrokerMessageHandler [org.springframework.messaging.simp.broker.DefaultSubscriptionRegistry@3775388d]]
2026-02-07T23:21:24.302+05:30  INFO 21628 --- [studysync-backend] [      Thread-23] o.s.m.s.b.SimpleBrokerMessageHandler     : Stopped.
2026-02-07T23:21:24.313+05:30  INFO 21628 --- [studysync-backend] [      Thread-23] j.LocalContainerEntityManagerFactoryBean : Closing JPA EntityManagerFactory for persistence unit 'default'
2026-02-07T23:21:24.315+05:30  INFO 21628 --- [studysync-backend] [      Thread-23] com.zaxxer.hikari.HikariDataSource       : HikariPool-6 - Shutdown initiated...
2026-02-07T23:21:24.343+05:30  INFO 21628 --- [studysync-backend] [      Thread-23] com.zaxxer.hikari.HikariDataSource       : HikariPool-6 - Shutdown completed.

  .   ____          _            __ _ _
 /\\ / ___'_ __ _ _(_)_ __  __ _ \ \ \ \
( ( )\___ | '_ | '_| | '_ \/ _` | \ \ \ \
 \\/  ___)| |_)| | | | | || (_| |  ) ) ) )
  '  |____| .__|_| |_|_| |_\__, | / / / /
 =========|_|==============|___/=/_/_/_/

 :: Spring Boot ::                (v3.5.6)

2026-02-07T23:21:24.646+05:30  INFO 21628 --- [studysync-backend] [  restartedMain] c.s.s.StudysyncBackendApplication        : Starting StudysyncBackendApplication using Java 21.0.1 with PID 21628 (E:\Studysync new\studysync-backend\target\classes started by harsh in E:\Studysync new\studysync-backend)
2026-02-07T23:21:24.646+05:30  INFO 21628 --- [studysync-backend] [  restartedMain] c.s.s.StudysyncBackendApplication        : No active profile set, falling back to 1 default profile: "default"
2026-02-07T23:21:25.508+05:30  INFO 21628 --- [studysync-backend] [  restartedMain] .s.d.r.c.RepositoryConfigurationDelegate : Bootstrapping Spring Data JPA repositories in DEFAULT mode.
2026-02-07T23:21:25.565+05:30  INFO 21628 --- [studysync-backend] [  restartedMain] .s.d.r.c.RepositoryConfigurationDelegate : Finished Spring Data repository scanning in 54 ms. Found 11 JPA repository interfaces.
2026-02-07T23:21:25.840+05:30  INFO 21628 --- [studysync-backend] [  restartedMain] o.s.b.w.embedded.tomcat.TomcatWebServer  : Tomcat initialized with port 8080 (http)
2026-02-07T23:21:25.840+05:30  INFO 21628 --- [studysync-backend] [  restartedMain] o.apache.catalina.core.StandardService   : Starting service [Tomcat]
2026-02-07T23:21:25.841+05:30  INFO 21628 --- [studysync-backend] [  restartedMain] o.apache.catalina.core.StandardEngine    : Starting Servlet engine: [Apache Tomcat/10.1.46]
2026-02-07T23:21:25.875+05:30  INFO 21628 --- [studysync-backend] [  restartedMain] o.a.c.c.C.[Tomcat].[localhost].[/]       : Initializing Spring embedded WebApplicationContext
2026-02-07T23:21:25.875+05:30  INFO 21628 --- [studysync-backend] [  restartedMain] w.s.c.ServletWebServerApplicationContext : Root WebApplicationContext: initialization completed in 1225 ms
2026-02-07T23:21:26.079+05:30  INFO 21628 --- [studysync-backend] [  restartedMain] o.hibernate.jpa.internal.util.LogHelper  : HHH000204: Processing PersistenceUnitInfo [name: default]
2026-02-07T23:21:26.081+05:30  INFO 21628 --- [studysync-backend] [  restartedMain] o.h.c.internal.RegionFactoryInitiator    : HHH000026: Second-level cache disabled
2026-02-07T23:21:26.095+05:30  INFO 21628 --- [studysync-backend] [  restartedMain] o.s.o.j.p.SpringPersistenceUnitInfo      : No LoadTimeWeaver setup: ignoring JPA class transformer
2026-02-07T23:21:26.096+05:30  INFO 21628 --- [studysync-backend] [  restartedMain] com.zaxxer.hikari.HikariDataSource       : HikariPool-7 - Starting...
2026-02-07T23:21:26.119+05:30  INFO 21628 --- [studysync-backend] [  restartedMain] com.zaxxer.hikari.pool.HikariPool        : HikariPool-7 - Added connection com.mysql.cj.jdbc.ConnectionImpl@70b149b
2026-02-07T23:21:26.119+05:30  INFO 21628 --- [studysync-backend] [  restartedMain] com.zaxxer.hikari.HikariDataSource       : HikariPool-7 - Start completed.
2026-02-07T23:21:26.121+05:30  WARN 21628 --- [studysync-backend] [  restartedMain] org.hibernate.orm.deprecation            : HHH90000025: MySQLDialect does not need to be specified explicitly using 'hibernate.dialect' (remove the property setting and it will be selected by default)
2026-02-07T23:21:26.121+05:30  INFO 21628 --- [studysync-backend] [  restartedMain] org.hibernate.orm.connections.pooling    : HHH10001005: Database info:
	Database JDBC URL [Connecting through datasource 'HikariDataSource (HikariPool-7)']
	Database driver: undefined/unknown
	Database version: 8.0.35
	Autocommit mode: undefined/unknown
	Isolation level: undefined/unknown
	Minimum pool size: undefined/unknown
	Maximum pool size: undefined/unknown
2026-02-07T23:21:26.452+05:30  INFO 21628 --- [studysync-backend] [  restartedMain] o.h.e.t.j.p.i.JtaPlatformInitiator       : HHH000489: No JTA platform available (set 'hibernate.transaction.jta.platform' to enable JTA platform integration)
Hibernate: alter table badges modify column target_role enum ('ADMIN','STUDENT','TUTOR')
2026-02-07T23:21:26.606+05:30  INFO 21628 --- [studysync-backend] [  restartedMain] j.LocalContainerEntityManagerFactoryBean : Initialized JPA EntityManagerFactory for persistence unit 'default'
2026-02-07T23:21:26.985+05:30  INFO 21628 --- [studysync-backend] [  restartedMain] r$InitializeUserDetailsManagerConfigurer : Global AuthenticationManager configured with UserDetailsService bean with name userDetailsService
2026-02-07T23:21:27.369+05:30  WARN 21628 --- [studysync-backend] [  restartedMain] ConfigServletWebServerApplicationContext : Exception encountered during context initialization - cancelling refresh attempt: org.springframework.beans.factory.BeanCreationException: Error creating bean with name 'discussionController' defined in file [E:\Studysync new\studysync-backend\target\classes\com\studysync\studysyncbackend\controller\DiscussionController.class]: Unexpected exception during bean creation
2026-02-07T23:21:27.370+05:30  INFO 21628 --- [studysync-backend] [  restartedMain] j.LocalContainerEntityManagerFactoryBean : Closing JPA EntityManagerFactory for persistence unit 'default'
2026-02-07T23:21:27.371+05:30  INFO 21628 --- [studysync-backend] [  restartedMain] com.zaxxer.hikari.HikariDataSource       : HikariPool-7 - Shutdown initiated...
2026-02-07T23:21:27.395+05:30  INFO 21628 --- [studysync-backend] [  restartedMain] com.zaxxer.hikari.HikariDataSource       : HikariPool-7 - Shutdown completed.
2026-02-07T23:21:27.396+05:30  INFO 21628 --- [studysync-backend] [  restartedMain] o.apache.catalina.core.StandardService   : Stopping service [Tomcat]
2026-02-07T23:21:27.407+05:30  INFO 21628 --- [studysync-backend] [  restartedMain] .s.b.a.l.ConditionEvaluationReportLogger : 

Error starting ApplicationContext. To display the condition evaluation report re-run your application with 'debug' enabled.
2026-02-07T23:21:27.486+05:30 ERROR 21628 --- [studysync-backend] [  restartedMain] o.s.boot.SpringApplication               : Application run failed

org.springframework.beans.factory.BeanCreationException: Error creating bean with name 'discussionController' defined in file [E:\Studysync new\studysync-backend\target\classes\com\studysync\studysyncbackend\controller\DiscussionController.class]: Unexpected exception during bean creation
	at org.springframework.beans.factory.support.AbstractAutowireCapableBeanFactory.createBean(AbstractAutowireCapableBeanFactory.java:542) ~[spring-beans-6.2.11.jar:6.2.11]
	at org.springframework.beans.factory.support.AbstractBeanFactory.lambda$doGetBean$0(AbstractBeanFactory.java:339) ~[spring-beans-6.2.11.jar:6.2.11]
	at org.springframework.beans.factory.support.DefaultSingletonBeanRegistry.getSingleton(DefaultSingletonBeanRegistry.java:373) ~[spring-beans-6.2.11.jar:6.2.11]
	at org.springframework.beans.factory.support.AbstractBeanFactory.doGetBean(AbstractBeanFactory.java:337) ~[spring-beans-6.2.11.jar:6.2.11]
	at org.springframework.beans.factory.support.AbstractBeanFactory.getBean(AbstractBeanFactory.java:202) ~[spring-beans-6.2.11.jar:6.2.11]
	at org.springframework.beans.factory.support.DefaultListableBeanFactory.instantiateSingleton(DefaultListableBeanFactory.java:1221) ~[spring-beans-6.2.11.jar:6.2.11]
	at org.springframework.beans.factory.support.DefaultListableBeanFactory.preInstantiateSingleton(DefaultListableBeanFactory.java:1187) ~[spring-beans-6.2.11.jar:6.2.11]
	at org.springframework.beans.factory.support.DefaultListableBeanFactory.preInstantiateSingletons(DefaultListableBeanFactory.java:1123) ~[spring-beans-6.2.11.jar:6.2.11]
	at org.springframework.context.support.AbstractApplicationContext.finishBeanFactoryInitialization(AbstractApplicationContext.java:987) ~[spring-context-6.2.11.jar:6.2.11]
	at org.springframework.context.support.AbstractApplicationContext.refresh(AbstractApplicationContext.java:627) ~[spring-context-6.2.11.jar:6.2.11]
	at org.springframework.boot.web.servlet.context.ServletWebServerApplicationContext.refresh(ServletWebServerApplicationContext.java:146) ~[spring-boot-3.5.6.jar:3.5.6]
	at org.springframework.boot.SpringApplication.refresh(SpringApplication.java:752) ~[spring-boot-3.5.6.jar:3.5.6]
	at org.springframework.boot.SpringApplication.refreshContext(SpringApplication.java:439) ~[spring-boot-3.5.6.jar:3.5.6]
	at org.springframework.boot.SpringApplication.run(SpringApplication.java:318) ~[spring-boot-3.5.6.jar:3.5.6]
	at org.springframework.boot.SpringApplication.run(SpringApplication.java:1361) ~[spring-boot-3.5.6.jar:3.5.6]
	at org.springframework.boot.SpringApplication.run(SpringApplication.java:1350) ~[spring-boot-3.5.6.jar:3.5.6]
	at com.studysync.studysyncbackend.StudysyncBackendApplication.main(StudysyncBackendApplication.java:11) ~[classes/:na]
	at java.base/jdk.internal.reflect.DirectMethodHandleAccessor.invoke(DirectMethodHandleAccessor.java:103) ~[na:na]
	at java.base/java.lang.reflect.Method.invoke(Method.java:580) ~[na:na]
	at org.springframework.boot.devtools.restart.RestartLauncher.run(RestartLauncher.java:50) ~[spring-boot-devtools-3.5.6.jar:3.5.6]
Caused by: java.lang.annotation.AnnotationFormatError: Duplicate annotation for class: interface org.springframework.web.bind.annotation.PostMapping: @org.springframework.web.bind.annotation.PostMapping(path={}, headers={}, name="", produces={}, params={}, value={"/{id}/reply"}, consumes={})
	at java.base/sun.reflect.annotation.AnnotationParser.parseAnnotations2(AnnotationParser.java:126) ~[na:na]
	at java.base/sun.reflect.annotation.AnnotationParser.parseAnnotations(AnnotationParser.java:73) ~[na:na]
	at java.base/java.lang.reflect.Executable.declaredAnnotations(Executable.java:634) ~[na:na]
	at java.base/java.lang.reflect.Executable.declaredAnnotations(Executable.java:632) ~[na:na]
	at java.base/java.lang.reflect.Executable.getAnnotation(Executable.java:600) ~[na:na]
	at java.base/java.lang.reflect.Method.getAnnotation(Method.java:793) ~[na:na]
	at org.springframework.beans.factory.annotation.AutowiredAnnotationBeanPostProcessor.lambda$checkLookupMethods$0(AutowiredAnnotationBeanPostProcessor.java:477) ~[spring-beans-6.2.11.jar:6.2.11]
	at org.springframework.util.ReflectionUtils.doWithLocalMethods(ReflectionUtils.java:323) ~[spring-core-6.2.11.jar:6.2.11]
	at org.springframework.beans.factory.annotation.AutowiredAnnotationBeanPostProcessor.checkLookupMethods(AutowiredAnnotationBeanPostProcessor.java:476) ~[spring-beans-6.2.11.jar:6.2.11]
	at org.springframework.beans.factory.annotation.AutowiredAnnotationBeanPostProcessor.determineCandidateConstructors(AutowiredAnnotationBeanPostProcessor.java:368) ~[spring-beans-6.2.11.jar:6.2.11]
	at org.springframework.beans.factory.support.AbstractAutowireCapableBeanFactory.determineConstructorsFromBeanPostProcessors(AbstractAutowireCapableBeanFactory.java:1334) ~[spring-beans-6.2.11.jar:6.2.11]
	at org.springframework.beans.factory.support.AbstractAutowireCapableBeanFactory.createBeanInstance(AbstractAutowireCapableBeanFactory.java:1229) ~[spring-beans-6.2.11.jar:6.2.11]
	at org.springframework.beans.factory.support.AbstractAutowireCapableBeanFactory.doCreateBean(AbstractAutowireCapableBeanFactory.java:569) ~[spring-beans-6.2.11.jar:6.2.11]
	at org.springframework.beans.factory.support.AbstractAutowireCapableBeanFactory.createBean(AbstractAutowireCapableBeanFactory.java:529) ~[spring-beans-6.2.11.jar:6.2.11]
	... 19 common frames omitted


  .   ____          _            __ _ _
 /\\ / ___'_ __ _ _(_)_ __  __ _ \ \ \ \
( ( )\___ | '_ | '_| | '_ \/ _` | \ \ \ \
 \\/  ___)| |_)| | | | | || (_| |  ) ) ) )
  '  |____| .__|_| |_|_| |_\__, | / / / /
 =========|_|==============|___/=/_/_/_/

 :: Spring Boot ::                (v3.5.6)

2026-02-07T23:21:29.012+05:30  INFO 21628 --- [studysync-backend] [  restartedMain] c.s.s.StudysyncBackendApplication        : Starting StudysyncBackendApplication using Java 21.0.1 with PID 21628 (E:\Studysync new\studysync-backend\target\classes started by harsh in E:\Studysync new\studysync-backend)
2026-02-07T23:21:29.013+05:30  INFO 21628 --- [studysync-backend] [  restartedMain] c.s.s.StudysyncBackendApplication        : No active profile set, falling back to 1 default profile: "default"
2026-02-07T23:21:29.919+05:30  INFO 21628 --- [studysync-backend] [  restartedMain] .s.d.r.c.RepositoryConfigurationDelegate : Bootstrapping Spring Data JPA repositories in DEFAULT mode.
2026-02-07T23:21:30.024+05:30  INFO 21628 --- [studysync-backend] [  restartedMain] .s.d.r.c.RepositoryConfigurationDelegate : Finished Spring Data repository scanning in 103 ms. Found 11 JPA repository interfaces.
2026-02-07T23:21:30.493+05:30  INFO 21628 --- [studysync-backend] [  restartedMain] o.s.b.w.embedded.tomcat.TomcatWebServer  : Tomcat initialized with port 8080 (http)
2026-02-07T23:21:30.498+05:30  INFO 21628 --- [studysync-backend] [  restartedMain] o.apache.catalina.core.StandardService   : Starting service [Tomcat]
2026-02-07T23:21:30.498+05:30  INFO 21628 --- [studysync-backend] [  restartedMain] o.apache.catalina.core.StandardEngine    : Starting Servlet engine: [Apache Tomcat/10.1.46]
2026-02-07T23:21:30.544+05:30  INFO 21628 --- [studysync-backend] [  restartedMain] o.a.c.c.C.[Tomcat-1].[localhost].[/]     : Initializing Spring embedded WebApplicationContext
2026-02-07T23:21:30.544+05:30  INFO 21628 --- [studysync-backend] [  restartedMain] w.s.c.ServletWebServerApplicationContext : Root WebApplicationContext: initialization completed in 1528 ms
2026-02-07T23:21:30.781+05:30  INFO 21628 --- [studysync-backend] [  restartedMain] o.hibernate.jpa.internal.util.LogHelper  : HHH000204: Processing PersistenceUnitInfo [name: default]
2026-02-07T23:21:30.784+05:30  INFO 21628 --- [studysync-backend] [  restartedMain] o.h.c.internal.RegionFactoryInitiator    : HHH000026: Second-level cache disabled
2026-02-07T23:21:30.796+05:30  INFO 21628 --- [studysync-backend] [  restartedMain] o.s.o.j.p.SpringPersistenceUnitInfo      : No LoadTimeWeaver setup: ignoring JPA class transformer
2026-02-07T23:21:30.798+05:30  INFO 21628 --- [studysync-backend] [  restartedMain] com.zaxxer.hikari.HikariDataSource       : HikariPool-8 - Starting...
2026-02-07T23:21:30.821+05:30  INFO 21628 --- [studysync-backend] [  restartedMain] com.zaxxer.hikari.pool.HikariPool        : HikariPool-8 - Added connection com.mysql.cj.jdbc.ConnectionImpl@532e622c
2026-02-07T23:21:30.822+05:30  INFO 21628 --- [studysync-backend] [  restartedMain] com.zaxxer.hikari.HikariDataSource       : HikariPool-8 - Start completed.
2026-02-07T23:21:30.823+05:30  WARN 21628 --- [studysync-backend] [  restartedMain] org.hibernate.orm.deprecation            : HHH90000025: MySQLDialect does not need to be specified explicitly using 'hibernate.dialect' (remove the property setting and it will be selected by default)
2026-02-07T23:21:30.824+05:30  INFO 21628 --- [studysync-backend] [  restartedMain] org.hibernate.orm.connections.pooling    : HHH10001005: Database info:
	Database JDBC URL [Connecting through datasource 'HikariDataSource (HikariPool-8)']
	Database driver: undefined/unknown
	Database version: 8.0.35
	Autocommit mode: undefined/unknown
	Isolation level: undefined/unknown
	Minimum pool size: undefined/unknown
	Maximum pool size: undefined/unknown
2026-02-07T23:21:31.234+05:30  INFO 21628 --- [studysync-backend] [  restartedMain] o.h.e.t.j.p.i.JtaPlatformInitiator       : HHH000489: No JTA platform available (set 'hibernate.transaction.jta.platform' to enable JTA platform integration)
Hibernate: alter table badges modify column target_role enum ('ADMIN','STUDENT','TUTOR')
2026-02-07T23:21:31.414+05:30  INFO 21628 --- [studysync-backend] [  restartedMain] j.LocalContainerEntityManagerFactoryBean : Initialized JPA EntityManagerFactory for persistence unit 'default'
2026-02-07T23:21:32.959+05:30  INFO 21628 --- [studysync-backend] [  restartedMain] r$InitializeUserDetailsManagerConfigurer : Global AuthenticationManager configured with UserDetailsService bean with name userDetailsService
2026-02-07T23:21:33.289+05:30  WARN 21628 --- [studysync-backend] [  restartedMain] ConfigServletWebServerApplicationContext : Exception encountered during context initialization - cancelling refresh attempt: org.springframework.beans.factory.BeanCreationException: Error creating bean with name 'discussionController' defined in file [E:\Studysync new\studysync-backend\target\classes\com\studysync\studysyncbackend\controller\DiscussionController.class]: Unexpected exception during bean creation
2026-02-07T23:21:33.289+05:30  INFO 21628 --- [studysync-backend] [  restartedMain] j.LocalContainerEntityManagerFactoryBean : Closing JPA EntityManagerFactory for persistence unit 'default'
2026-02-07T23:21:33.290+05:30  INFO 21628 --- [studysync-backend] [  restartedMain] com.zaxxer.hikari.HikariDataSource       : HikariPool-8 - Shutdown initiated...
2026-02-07T23:21:33.298+05:30  INFO 21628 --- [studysync-backend] [  restartedMain] com.zaxxer.hikari.HikariDataSource       : HikariPool-8 - Shutdown completed.
2026-02-07T23:21:33.300+05:30  INFO 21628 --- [studysync-backend] [  restartedMain] o.apache.catalina.core.StandardService   : Stopping service [Tomcat]
2026-02-07T23:21:33.309+05:30  INFO 21628 --- [studysync-backend] [  restartedMain] .s.b.a.l.ConditionEvaluationReportLogger : 

Error starting ApplicationContext. To display the condition evaluation report re-run your application with 'debug' enabled.
2026-02-07T23:21:33.312+05:30 ERROR 21628 --- [studysync-backend] [  restartedMain] o.s.boot.SpringApplication               : Application run failed

org.springframework.beans.factory.BeanCreationException: Error creating bean with name 'discussionController' defined in file [E:\Studysync new\studysync-backend\target\classes\com\studysync\studysyncbackend\controller\DiscussionController.class]: Unexpected exception during bean creation
	at org.springframework.beans.factory.support.AbstractAutowireCapableBeanFactory.createBean(AbstractAutowireCapableBeanFactory.java:542) ~[spring-beans-6.2.11.jar:6.2.11]
	at org.springframework.beans.factory.support.AbstractBeanFactory.lambda$doGetBean$0(AbstractBeanFactory.java:339) ~[spring-beans-6.2.11.jar:6.2.11]
	at org.springframework.beans.factory.support.DefaultSingletonBeanRegistry.getSingleton(DefaultSingletonBeanRegistry.java:373) ~[spring-beans-6.2.11.jar:6.2.11]
	at org.springframework.beans.factory.support.AbstractBeanFactory.doGetBean(AbstractBeanFactory.java:337) ~[spring-beans-6.2.11.jar:6.2.11]
	at org.springframework.beans.factory.support.AbstractBeanFactory.getBean(AbstractBeanFactory.java:202) ~[spring-beans-6.2.11.jar:6.2.11]
	at org.springframework.beans.factory.support.DefaultListableBeanFactory.instantiateSingleton(DefaultListableBeanFactory.java:1221) ~[spring-beans-6.2.11.jar:6.2.11]
	at org.springframework.beans.factory.support.DefaultListableBeanFactory.preInstantiateSingleton(DefaultListableBeanFactory.java:1187) ~[spring-beans-6.2.11.jar:6.2.11]
	at org.springframework.beans.factory.support.DefaultListableBeanFactory.preInstantiateSingletons(DefaultListableBeanFactory.java:1123) ~[spring-beans-6.2.11.jar:6.2.11]
	at org.springframework.context.support.AbstractApplicationContext.finishBeanFactoryInitialization(AbstractApplicationContext.java:987) ~[spring-context-6.2.11.jar:6.2.11]
	at org.springframework.context.support.AbstractApplicationContext.refresh(AbstractApplicationContext.java:627) ~[spring-context-6.2.11.jar:6.2.11]
	at org.springframework.boot.web.servlet.context.ServletWebServerApplicationContext.refresh(ServletWebServerApplicationContext.java:146) ~[spring-boot-3.5.6.jar:3.5.6]
	at org.springframework.boot.SpringApplication.refresh(SpringApplication.java:752) ~[spring-boot-3.5.6.jar:3.5.6]
	at org.springframework.boot.SpringApplication.refreshContext(SpringApplication.java:439) ~[spring-boot-3.5.6.jar:3.5.6]
	at org.springframework.boot.SpringApplication.run(SpringApplication.java:318) ~[spring-boot-3.5.6.jar:3.5.6]
	at org.springframework.boot.SpringApplication.run(SpringApplication.java:1361) ~[spring-boot-3.5.6.jar:3.5.6]
	at org.springframework.boot.SpringApplication.run(SpringApplication.java:1350) ~[spring-boot-3.5.6.jar:3.5.6]
	at com.studysync.studysyncbackend.StudysyncBackendApplication.main(StudysyncBackendApplication.java:11) ~[classes/:na]
	at java.base/jdk.internal.reflect.DirectMethodHandleAccessor.invoke(DirectMethodHandleAccessor.java:103) ~[na:na]
	at java.base/java.lang.reflect.Method.invoke(Method.java:580) ~[na:na]
	at org.springframework.boot.devtools.restart.RestartLauncher.run(RestartLauncher.java:50) ~[spring-boot-devtools-3.5.6.jar:3.5.6]
Caused by: java.lang.annotation.AnnotationFormatError: Duplicate annotation for class: interface org.springframework.web.bind.annotation.PostMapping: @org.springframework.web.bind.annotation.PostMapping(path={}, headers={}, name="", produces={}, params={}, value={"/{id}/reply"}, consumes={})
	at java.base/sun.reflect.annotation.AnnotationParser.parseAnnotations2(AnnotationParser.java:126) ~[na:na]
	at java.base/sun.reflect.annotation.AnnotationParser.parseAnnotations(AnnotationParser.java:73) ~[na:na]
	at java.base/java.lang.reflect.Executable.declaredAnnotations(Executable.java:634) ~[na:na]
	at java.base/java.lang.reflect.Executable.declaredAnnotations(Executable.java:632) ~[na:na]
	at java.base/java.lang.reflect.Executable.getAnnotation(Executable.java:600) ~[na:na]
	at java.base/java.lang.reflect.Method.getAnnotation(Method.java:793) ~[na:na]
	at org.springframework.beans.factory.annotation.AutowiredAnnotationBeanPostProcessor.lambda$checkLookupMethods$0(AutowiredAnnotationBeanPostProcessor.java:477) ~[spring-beans-6.2.11.jar:6.2.11]
	at org.springframework.util.ReflectionUtils.doWithLocalMethods(ReflectionUtils.java:323) ~[spring-core-6.2.11.jar:6.2.11]
	at org.springframework.beans.factory.annotation.AutowiredAnnotationBeanPostProcessor.checkLookupMethods(AutowiredAnnotationBeanPostProcessor.java:476) ~[spring-beans-6.2.11.jar:6.2.11]
	at org.springframework.beans.factory.annotation.AutowiredAnnotationBeanPostProcessor.determineCandidateConstructors(AutowiredAnnotationBeanPostProcessor.java:368) ~[spring-beans-6.2.11.jar:6.2.11]
	at org.springframework.beans.factory.support.AbstractAutowireCapableBeanFactory.determineConstructorsFromBeanPostProcessors(AbstractAutowireCapableBeanFactory.java:1334) ~[spring-beans-6.2.11.jar:6.2.11]
	at org.springframework.beans.factory.support.AbstractAutowireCapableBeanFactory.createBeanInstance(AbstractAutowireCapableBeanFactory.java:1229) ~[spring-beans-6.2.11.jar:6.2.11]
	at org.springframework.beans.factory.support.AbstractAutowireCapableBeanFactory.doCreateBean(AbstractAutowireCapableBeanFactory.java:569) ~[spring-beans-6.2.11.jar:6.2.11]
	at org.springframework.beans.factory.support.AbstractAutowireCapableBeanFactory.createBean(AbstractAutowireCapableBeanFactory.java:529) ~[spring-beans-6.2.11.jar:6.2.11]
	... 19 common frames omitted


  .   ____          _            __ _ _
 /\\ / ___'_ __ _ _(_)_ __  __ _ \ \ \ \
( ( )\___ | '_ | '_| | '_ \/ _` | \ \ \ \
 \\/  ___)| |_)| | | | | || (_| |  ) ) ) )
  '  |____| .__|_| |_|_| |_\__, | / / / /
 =========|_|==============|___/=/_/_/_/

 :: Spring Boot ::                (v3.5.6)

2026-02-07T23:22:56.295+05:30  INFO 21628 --- [studysync-backend] [  restartedMain] c.s.s.StudysyncBackendApplication        : Starting StudysyncBackendApplication using Java 21.0.1 with PID 21628 (E:\Studysync new\studysync-backend\target\classes started by harsh in E:\Studysync new\studysync-backend)
2026-02-07T23:22:56.295+05:30  INFO 21628 --- [studysync-backend] [  restartedMain] c.s.s.StudysyncBackendApplication        : No active profile set, falling back to 1 default profile: "default"
2026-02-07T23:22:56.850+05:30  INFO 21628 --- [studysync-backend] [  restartedMain] .s.d.r.c.RepositoryConfigurationDelegate : Bootstrapping Spring Data JPA repositories in DEFAULT mode.
2026-02-07T23:22:56.923+05:30  INFO 21628 --- [studysync-backend] [  restartedMain] .s.d.r.c.RepositoryConfigurationDelegate : Finished Spring Data repository scanning in 71 ms. Found 11 JPA repository interfaces.
2026-02-07T23:22:57.137+05:30  INFO 21628 --- [studysync-backend] [  restartedMain] o.s.b.w.embedded.tomcat.TomcatWebServer  : Tomcat initialized with port 8080 (http)
2026-02-07T23:22:57.139+05:30  INFO 21628 --- [studysync-backend] [  restartedMain] o.apache.catalina.core.StandardService   : Starting service [Tomcat]
2026-02-07T23:22:57.139+05:30  INFO 21628 --- [studysync-backend] [  restartedMain] o.apache.catalina.core.StandardEngine    : Starting Servlet engine: [Apache Tomcat/10.1.46]
2026-02-07T23:22:57.201+05:30  INFO 21628 --- [studysync-backend] [  restartedMain] o.a.c.c.C.[Tomcat-2].[localhost].[/]     : Initializing Spring embedded WebApplicationContext
2026-02-07T23:22:57.201+05:30  INFO 21628 --- [studysync-backend] [  restartedMain] w.s.c.ServletWebServerApplicationContext : Root WebApplicationContext: initialization completed in 904 ms
2026-02-07T23:22:57.440+05:30  INFO 21628 --- [studysync-backend] [  restartedMain] o.hibernate.jpa.internal.util.LogHelper  : HHH000204: Processing PersistenceUnitInfo [name: default]
2026-02-07T23:22:57.453+05:30  INFO 21628 --- [studysync-backend] [  restartedMain] o.h.c.internal.RegionFactoryInitiator    : HHH000026: Second-level cache disabled
2026-02-07T23:22:57.494+05:30  INFO 21628 --- [studysync-backend] [  restartedMain] o.s.o.j.p.SpringPersistenceUnitInfo      : No LoadTimeWeaver setup: ignoring JPA class transformer
2026-02-07T23:22:57.496+05:30  INFO 21628 --- [studysync-backend] [  restartedMain] com.zaxxer.hikari.HikariDataSource       : HikariPool-9 - Starting...
2026-02-07T23:22:57.518+05:30  INFO 21628 --- [studysync-backend] [  restartedMain] com.zaxxer.hikari.pool.HikariPool        : HikariPool-9 - Added connection com.mysql.cj.jdbc.ConnectionImpl@24b09d22
2026-02-07T23:22:57.518+05:30  INFO 21628 --- [studysync-backend] [  restartedMain] com.zaxxer.hikari.HikariDataSource       : HikariPool-9 - Start completed.
2026-02-07T23:22:57.521+05:30  WARN 21628 --- [studysync-backend] [  restartedMain] org.hibernate.orm.deprecation            : HHH90000025: MySQLDialect does not need to be specified explicitly using 'hibernate.dialect' (remove the property setting and it will be selected by default)
2026-02-07T23:22:57.521+05:30  INFO 21628 --- [studysync-backend] [  restartedMain] org.hibernate.orm.connections.pooling    : HHH10001005: Database info:
	Database JDBC URL [Connecting through datasource 'HikariDataSource (HikariPool-9)']
	Database driver: undefined/unknown
	Database version: 8.0.35
	Autocommit mode: undefined/unknown
	Isolation level: undefined/unknown
	Minimum pool size: undefined/unknown
	Maximum pool size: undefined/unknown
2026-02-07T23:22:58.362+05:30  INFO 21628 --- [studysync-backend] [  restartedMain] o.h.e.t.j.p.i.JtaPlatformInitiator       : HHH000489: No JTA platform available (set 'hibernate.transaction.jta.platform' to enable JTA platform integration)
Hibernate: alter table badges modify column target_role enum ('ADMIN','STUDENT','TUTOR')
Hibernate: create table system_settings (id bigint not null auto_increment, allow_registrations bit not null, config_key varchar(255) not null, global_announcement varchar(255), maintenance_mode bit not null, primary key (id)) engine=InnoDB
Hibernate: alter table system_settings drop index UKcv6i1lu658ukkwnk4cuvj0ow0
Hibernate: alter table system_settings add constraint UKcv6i1lu658ukkwnk4cuvj0ow0 unique (config_key)
2026-02-07T23:23:00.067+05:30  INFO 21628 --- [studysync-backend] [  restartedMain] j.LocalContainerEntityManagerFactoryBean : Initialized JPA EntityManagerFactory for persistence unit 'default'
2026-02-07T23:23:00.372+05:30  INFO 21628 --- [studysync-backend] [  restartedMain] r$InitializeUserDetailsManagerConfigurer : Global AuthenticationManager configured with UserDetailsService bean with name userDetailsService
2026-02-07T23:23:00.610+05:30  WARN 21628 --- [studysync-backend] [  restartedMain] ConfigServletWebServerApplicationContext : Exception encountered during context initialization - cancelling refresh attempt: org.springframework.beans.factory.BeanCreationException: Error creating bean with name 'discussionController' defined in file [E:\Studysync new\studysync-backend\target\classes\com\studysync\studysyncbackend\controller\DiscussionController.class]: Unexpected exception during bean creation
2026-02-07T23:23:00.610+05:30  INFO 21628 --- [studysync-backend] [  restartedMain] j.LocalContainerEntityManagerFactoryBean : Closing JPA EntityManagerFactory for persistence unit 'default'
2026-02-07T23:23:00.611+05:30  INFO 21628 --- [studysync-backend] [  restartedMain] com.zaxxer.hikari.HikariDataSource       : HikariPool-9 - Shutdown initiated...
2026-02-07T23:23:00.615+05:30  INFO 21628 --- [studysync-backend] [  restartedMain] com.zaxxer.hikari.HikariDataSource       : HikariPool-9 - Shutdown completed.
2026-02-07T23:23:00.615+05:30  INFO 21628 --- [studysync-backend] [  restartedMain] o.apache.catalina.core.StandardService   : Stopping service [Tomcat]
2026-02-07T23:23:00.620+05:30  INFO 21628 --- [studysync-backend] [  restartedMain] .s.b.a.l.ConditionEvaluationReportLogger : 

Error starting ApplicationContext. To display the condition evaluation report re-run your application with 'debug' enabled.
2026-02-07T23:23:00.622+05:30 ERROR 21628 --- [studysync-backend] [  restartedMain] o.s.boot.SpringApplication               : Application run failed

org.springframework.beans.factory.BeanCreationException: Error creating bean with name 'discussionController' defined in file [E:\Studysync new\studysync-backend\target\classes\com\studysync\studysyncbackend\controller\DiscussionController.class]: Unexpected exception during bean creation
	at org.springframework.beans.factory.support.AbstractAutowireCapableBeanFactory.createBean(AbstractAutowireCapableBeanFactory.java:542) ~[spring-beans-6.2.11.jar:6.2.11]
	at org.springframework.beans.factory.support.AbstractBeanFactory.lambda$doGetBean$0(AbstractBeanFactory.java:339) ~[spring-beans-6.2.11.jar:6.2.11]
	at org.springframework.beans.factory.support.DefaultSingletonBeanRegistry.getSingleton(DefaultSingletonBeanRegistry.java:373) ~[spring-beans-6.2.11.jar:6.2.11]
	at org.springframework.beans.factory.support.AbstractBeanFactory.doGetBean(AbstractBeanFactory.java:337) ~[spring-beans-6.2.11.jar:6.2.11]
	at org.springframework.beans.factory.support.AbstractBeanFactory.getBean(AbstractBeanFactory.java:202) ~[spring-beans-6.2.11.jar:6.2.11]
	at org.springframework.beans.factory.support.DefaultListableBeanFactory.instantiateSingleton(DefaultListableBeanFactory.java:1221) ~[spring-beans-6.2.11.jar:6.2.11]
	at org.springframework.beans.factory.support.DefaultListableBeanFactory.preInstantiateSingleton(DefaultListableBeanFactory.java:1187) ~[spring-beans-6.2.11.jar:6.2.11]
	at org.springframework.beans.factory.support.DefaultListableBeanFactory.preInstantiateSingletons(DefaultListableBeanFactory.java:1123) ~[spring-beans-6.2.11.jar:6.2.11]
	at org.springframework.context.support.AbstractApplicationContext.finishBeanFactoryInitialization(AbstractApplicationContext.java:987) ~[spring-context-6.2.11.jar:6.2.11]
	at org.springframework.context.support.AbstractApplicationContext.refresh(AbstractApplicationContext.java:627) ~[spring-context-6.2.11.jar:6.2.11]
	at org.springframework.boot.web.servlet.context.ServletWebServerApplicationContext.refresh(ServletWebServerApplicationContext.java:146) ~[spring-boot-3.5.6.jar:3.5.6]
	at org.springframework.boot.SpringApplication.refresh(SpringApplication.java:752) ~[spring-boot-3.5.6.jar:3.5.6]
	at org.springframework.boot.SpringApplication.refreshContext(SpringApplication.java:439) ~[spring-boot-3.5.6.jar:3.5.6]
	at org.springframework.boot.SpringApplication.run(SpringApplication.java:318) ~[spring-boot-3.5.6.jar:3.5.6]
	at org.springframework.boot.SpringApplication.run(SpringApplication.java:1361) ~[spring-boot-3.5.6.jar:3.5.6]
	at org.springframework.boot.SpringApplication.run(SpringApplication.java:1350) ~[spring-boot-3.5.6.jar:3.5.6]
	at com.studysync.studysyncbackend.StudysyncBackendApplication.main(StudysyncBackendApplication.java:11) ~[classes/:na]
	at java.base/jdk.internal.reflect.DirectMethodHandleAccessor.invoke(DirectMethodHandleAccessor.java:103) ~[na:na]
	at java.base/java.lang.reflect.Method.invoke(Method.java:580) ~[na:na]
	at org.springframework.boot.devtools.restart.RestartLauncher.run(RestartLauncher.java:50) ~[spring-boot-devtools-3.5.6.jar:3.5.6]
Caused by: java.lang.annotation.AnnotationFormatError: Duplicate annotation for class: interface org.springframework.web.bind.annotation.PostMapping: @org.springframework.web.bind.annotation.PostMapping(path={}, headers={}, name="", produces={}, params={}, value={"/{id}/reply"}, consumes={})
	at java.base/sun.reflect.annotation.AnnotationParser.parseAnnotations2(AnnotationParser.java:126) ~[na:na]
	at java.base/sun.reflect.annotation.AnnotationParser.parseAnnotations(AnnotationParser.java:73) ~[na:na]
	at java.base/java.lang.reflect.Executable.declaredAnnotations(Executable.java:634) ~[na:na]
	at java.base/java.lang.reflect.Executable.declaredAnnotations(Executable.java:632) ~[na:na]
	at java.base/java.lang.reflect.Executable.getAnnotation(Executable.java:600) ~[na:na]
	at java.base/java.lang.reflect.Method.getAnnotation(Method.java:793) ~[na:na]
	at org.springframework.beans.factory.annotation.AutowiredAnnotationBeanPostProcessor.lambda$checkLookupMethods$0(AutowiredAnnotationBeanPostProcessor.java:477) ~[spring-beans-6.2.11.jar:6.2.11]
	at org.springframework.util.ReflectionUtils.doWithLocalMethods(ReflectionUtils.java:323) ~[spring-core-6.2.11.jar:6.2.11]
	at org.springframework.beans.factory.annotation.AutowiredAnnotationBeanPostProcessor.checkLookupMethods(AutowiredAnnotationBeanPostProcessor.java:476) ~[spring-beans-6.2.11.jar:6.2.11]
	at org.springframework.beans.factory.annotation.AutowiredAnnotationBeanPostProcessor.determineCandidateConstructors(AutowiredAnnotationBeanPostProcessor.java:368) ~[spring-beans-6.2.11.jar:6.2.11]
	at org.springframework.beans.factory.support.AbstractAutowireCapableBeanFactory.determineConstructorsFromBeanPostProcessors(AbstractAutowireCapableBeanFactory.java:1334) ~[spring-beans-6.2.11.jar:6.2.11]
	at org.springframework.beans.factory.support.AbstractAutowireCapableBeanFactory.createBeanInstance(AbstractAutowireCapableBeanFactory.java:1229) ~[spring-beans-6.2.11.jar:6.2.11]
	at org.springframework.beans.factory.support.AbstractAutowireCapableBeanFactory.doCreateBean(AbstractAutowireCapableBeanFactory.java:569) ~[spring-beans-6.2.11.jar:6.2.11]
	at org.springframework.beans.factory.support.AbstractAutowireCapableBeanFactory.createBean(AbstractAutowireCapableBeanFactory.java:529) ~[spring-beans-6.2.11.jar:6.2.11]
	... 19 common frames omitted


  .   ____          _            __ _ _
 /\\ / ___'_ __ _ _(_)_ __  __ _ \ \ \ \
( ( )\___ | '_ | '_| | '_ \/ _` | \ \ \ \
 \\/  ___)| |_)| | | | | || (_| |  ) ) ) )
  '  |____| .__|_| |_|_| |_\__, | / / / /
 =========|_|==============|___/=/_/_/_/

 :: Spring Boot ::                (v3.5.6)

2026-02-07T23:23:11.399+05:30  INFO 21628 --- [studysync-backend] [  restartedMain] c.s.s.StudysyncBackendApplication        : Starting StudysyncBackendApplication using Java 21.0.1 with PID 21628 (E:\Studysync new\studysync-backend\target\classes started by harsh in E:\Studysync new\studysync-backend)
2026-02-07T23:23:11.400+05:30  INFO 21628 --- [studysync-backend] [  restartedMain] c.s.s.StudysyncBackendApplication        : No active profile set, falling back to 1 default profile: "default"
2026-02-07T23:23:12.124+05:30  INFO 21628 --- [studysync-backend] [  restartedMain] .s.d.r.c.RepositoryConfigurationDelegate : Bootstrapping Spring Data JPA repositories in DEFAULT mode.
2026-02-07T23:23:12.181+05:30  INFO 21628 --- [studysync-backend] [  restartedMain] .s.d.r.c.RepositoryConfigurationDelegate : Finished Spring Data repository scanning in 54 ms. Found 12 JPA repository interfaces.
2026-02-07T23:23:12.565+05:30  INFO 21628 --- [studysync-backend] [  restartedMain] o.s.b.w.embedded.tomcat.TomcatWebServer  : Tomcat initialized with port 8080 (http)
2026-02-07T23:23:12.566+05:30  INFO 21628 --- [studysync-backend] [  restartedMain] o.apache.catalina.core.StandardService   : Starting service [Tomcat]
2026-02-07T23:23:12.566+05:30  INFO 21628 --- [studysync-backend] [  restartedMain] o.apache.catalina.core.StandardEngine    : Starting Servlet engine: [Apache Tomcat/10.1.46]
2026-02-07T23:23:12.602+05:30  INFO 21628 --- [studysync-backend] [  restartedMain] o.a.c.c.C.[Tomcat-3].[localhost].[/]     : Initializing Spring embedded WebApplicationContext
2026-02-07T23:23:12.602+05:30  INFO 21628 --- [studysync-backend] [  restartedMain] w.s.c.ServletWebServerApplicationContext : Root WebApplicationContext: initialization completed in 1197 ms
2026-02-07T23:23:12.893+05:30  INFO 21628 --- [studysync-backend] [  restartedMain] o.hibernate.jpa.internal.util.LogHelper  : HHH000204: Processing PersistenceUnitInfo [name: default]
2026-02-07T23:23:12.896+05:30  INFO 21628 --- [studysync-backend] [  restartedMain] o.h.c.internal.RegionFactoryInitiator    : HHH000026: Second-level cache disabled
2026-02-07T23:23:12.931+05:30  INFO 21628 --- [studysync-backend] [  restartedMain] o.s.o.j.p.SpringPersistenceUnitInfo      : No LoadTimeWeaver setup: ignoring JPA class transformer
2026-02-07T23:23:12.931+05:30  INFO 21628 --- [studysync-backend] [  restartedMain] com.zaxxer.hikari.HikariDataSource       : HikariPool-10 - Starting...
2026-02-07T23:23:12.955+05:30  INFO 21628 --- [studysync-backend] [  restartedMain] com.zaxxer.hikari.pool.HikariPool        : HikariPool-10 - Added connection com.mysql.cj.jdbc.ConnectionImpl@5b73eb32
2026-02-07T23:23:12.955+05:30  INFO 21628 --- [studysync-backend] [  restartedMain] com.zaxxer.hikari.HikariDataSource       : HikariPool-10 - Start completed.
2026-02-07T23:23:12.957+05:30  WARN 21628 --- [studysync-backend] [  restartedMain] org.hibernate.orm.deprecation            : HHH90000025: MySQLDialect does not need to be specified explicitly using 'hibernate.dialect' (remove the property setting and it will be selected by default)
2026-02-07T23:23:12.958+05:30  INFO 21628 --- [studysync-backend] [  restartedMain] org.hibernate.orm.connections.pooling    : HHH10001005: Database info:
	Database JDBC URL [Connecting through datasource 'HikariDataSource (HikariPool-10)']
	Database driver: undefined/unknown
	Database version: 8.0.35
	Autocommit mode: undefined/unknown
	Isolation level: undefined/unknown
	Minimum pool size: undefined/unknown
	Maximum pool size: undefined/unknown
2026-02-07T23:23:13.683+05:30  INFO 21628 --- [studysync-backend] [  restartedMain] o.h.e.t.j.p.i.JtaPlatformInitiator       : HHH000489: No JTA platform available (set 'hibernate.transaction.jta.platform' to enable JTA platform integration)
Hibernate: alter table badges modify column target_role enum ('ADMIN','STUDENT','TUTOR')
2026-02-07T23:23:13.839+05:30  INFO 21628 --- [studysync-backend] [  restartedMain] j.LocalContainerEntityManagerFactoryBean : Initialized JPA EntityManagerFactory for persistence unit 'default'
2026-02-07T23:23:14.936+05:30  INFO 21628 --- [studysync-backend] [  restartedMain] r$InitializeUserDetailsManagerConfigurer : Global AuthenticationManager configured with UserDetailsService bean with name userDetailsService
2026-02-07T23:23:15.692+05:30  WARN 21628 --- [studysync-backend] [  restartedMain] ConfigServletWebServerApplicationContext : Exception encountered during context initialization - cancelling refresh attempt: org.springframework.beans.factory.BeanCreationException: Error creating bean with name 'discussionController' defined in file [E:\Studysync new\studysync-backend\target\classes\com\studysync\studysyncbackend\controller\DiscussionController.class]: Unexpected exception during bean creation
2026-02-07T23:23:15.694+05:30  INFO 21628 --- [studysync-backend] [  restartedMain] j.LocalContainerEntityManagerFactoryBean : Closing JPA EntityManagerFactory for persistence unit 'default'
2026-02-07T23:23:15.698+05:30  INFO 21628 --- [studysync-backend] [  restartedMain] com.zaxxer.hikari.HikariDataSource       : HikariPool-10 - Shutdown initiated...
2026-02-07T23:23:15.728+05:30  INFO 21628 --- [studysync-backend] [  restartedMain] com.zaxxer.hikari.HikariDataSource       : HikariPool-10 - Shutdown completed.
2026-02-07T23:23:15.729+05:30  INFO 21628 --- [studysync-backend] [  restartedMain] o.apache.catalina.core.StandardService   : Stopping service [Tomcat]
2026-02-07T23:23:15.775+05:30  INFO 21628 --- [studysync-backend] [  restartedMain] .s.b.a.l.ConditionEvaluationReportLogger : 

Error starting ApplicationContext. To display the condition evaluation report re-run your application with 'debug' enabled.
2026-02-07T23:23:15.795+05:30 ERROR 21628 --- [studysync-backend] [  restartedMain] o.s.boot.SpringApplication               : Application run failed

org.springframework.beans.factory.BeanCreationException: Error creating bean with name 'discussionController' defined in file [E:\Studysync new\studysync-backend\target\classes\com\studysync\studysyncbackend\controller\DiscussionController.class]: Unexpected exception during bean creation
	at org.springframework.beans.factory.support.AbstractAutowireCapableBeanFactory.createBean(AbstractAutowireCapableBeanFactory.java:542) ~[spring-beans-6.2.11.jar:6.2.11]
	at org.springframework.beans.factory.support.AbstractBeanFactory.lambda$doGetBean$0(AbstractBeanFactory.java:339) ~[spring-beans-6.2.11.jar:6.2.11]
	at org.springframework.beans.factory.support.DefaultSingletonBeanRegistry.getSingleton(DefaultSingletonBeanRegistry.java:373) ~[spring-beans-6.2.11.jar:6.2.11]
	at org.springframework.beans.factory.support.AbstractBeanFactory.doGetBean(AbstractBeanFactory.java:337) ~[spring-beans-6.2.11.jar:6.2.11]
	at org.springframework.beans.factory.support.AbstractBeanFactory.getBean(AbstractBeanFactory.java:202) ~[spring-beans-6.2.11.jar:6.2.11]
	at org.springframework.beans.factory.support.DefaultListableBeanFactory.instantiateSingleton(DefaultListableBeanFactory.java:1221) ~[spring-beans-6.2.11.jar:6.2.11]
	at org.springframework.beans.factory.support.DefaultListableBeanFactory.preInstantiateSingleton(DefaultListableBeanFactory.java:1187) ~[spring-beans-6.2.11.jar:6.2.11]
	at org.springframework.beans.factory.support.DefaultListableBeanFactory.preInstantiateSingletons(DefaultListableBeanFactory.java:1123) ~[spring-beans-6.2.11.jar:6.2.11]
	at org.springframework.context.support.AbstractApplicationContext.finishBeanFactoryInitialization(AbstractApplicationContext.java:987) ~[spring-context-6.2.11.jar:6.2.11]
	at org.springframework.context.support.AbstractApplicationContext.refresh(AbstractApplicationContext.java:627) ~[spring-context-6.2.11.jar:6.2.11]
	at org.springframework.boot.web.servlet.context.ServletWebServerApplicationContext.refresh(ServletWebServerApplicationContext.java:146) ~[spring-boot-3.5.6.jar:3.5.6]
	at org.springframework.boot.SpringApplication.refresh(SpringApplication.java:752) ~[spring-boot-3.5.6.jar:3.5.6]
	at org.springframework.boot.SpringApplication.refreshContext(SpringApplication.java:439) ~[spring-boot-3.5.6.jar:3.5.6]
	at org.springframework.boot.SpringApplication.run(SpringApplication.java:318) ~[spring-boot-3.5.6.jar:3.5.6]
	at org.springframework.boot.SpringApplication.run(SpringApplication.java:1361) ~[spring-boot-3.5.6.jar:3.5.6]
	at org.springframework.boot.SpringApplication.run(SpringApplication.java:1350) ~[spring-boot-3.5.6.jar:3.5.6]
	at com.studysync.studysyncbackend.StudysyncBackendApplication.main(StudysyncBackendApplication.java:11) ~[classes/:na]
	at java.base/jdk.internal.reflect.DirectMethodHandleAccessor.invoke(DirectMethodHandleAccessor.java:103) ~[na:na]
	at java.base/java.lang.reflect.Method.invoke(Method.java:580) ~[na:na]
	at org.springframework.boot.devtools.restart.RestartLauncher.run(RestartLauncher.java:50) ~[spring-boot-devtools-3.5.6.jar:3.5.6]
Caused by: java.lang.annotation.AnnotationFormatError: Duplicate annotation for class: interface org.springframework.web.bind.annotation.PostMapping: @org.springframework.web.bind.annotation.PostMapping(path={}, headers={}, name="", produces={}, params={}, value={"/{id}/reply"}, consumes={})
	at java.base/sun.reflect.annotation.AnnotationParser.parseAnnotations2(AnnotationParser.java:126) ~[na:na]
	at java.base/sun.reflect.annotation.AnnotationParser.parseAnnotations(AnnotationParser.java:73) ~[na:na]
	at java.base/java.lang.reflect.Executable.declaredAnnotations(Executable.java:634) ~[na:na]
	at java.base/java.lang.reflect.Executable.declaredAnnotations(Executable.java:632) ~[na:na]
	at java.base/java.lang.reflect.Executable.getAnnotation(Executable.java:600) ~[na:na]
	at java.base/java.lang.reflect.Method.getAnnotation(Method.java:793) ~[na:na]
	at org.springframework.beans.factory.annotation.AutowiredAnnotationBeanPostProcessor.lambda$checkLookupMethods$0(AutowiredAnnotationBeanPostProcessor.java:477) ~[spring-beans-6.2.11.jar:6.2.11]
	at org.springframework.util.ReflectionUtils.doWithLocalMethods(ReflectionUtils.java:323) ~[spring-core-6.2.11.jar:6.2.11]
	at org.springframework.beans.factory.annotation.AutowiredAnnotationBeanPostProcessor.checkLookupMethods(AutowiredAnnotationBeanPostProcessor.java:476) ~[spring-beans-6.2.11.jar:6.2.11]
	at org.springframework.beans.factory.annotation.AutowiredAnnotationBeanPostProcessor.determineCandidateConstructors(AutowiredAnnotationBeanPostProcessor.java:368) ~[spring-beans-6.2.11.jar:6.2.11]
	at org.springframework.beans.factory.support.AbstractAutowireCapableBeanFactory.determineConstructorsFromBeanPostProcessors(AbstractAutowireCapableBeanFactory.java:1334) ~[spring-beans-6.2.11.jar:6.2.11]
	at org.springframework.beans.factory.support.AbstractAutowireCapableBeanFactory.createBeanInstance(AbstractAutowireCapableBeanFactory.java:1229) ~[spring-beans-6.2.11.jar:6.2.11]
	at org.springframework.beans.factory.support.AbstractAutowireCapableBeanFactory.doCreateBean(AbstractAutowireCapableBeanFactory.java:569) ~[spring-beans-6.2.11.jar:6.2.11]
	at org.springframework.beans.factory.support.AbstractAutowireCapableBeanFactory.createBean(AbstractAutowireCapableBeanFactory.java:529) ~[spring-beans-6.2.11.jar:6.2.11]
	... 19 common frames omitted


  .   ____          _            __ _ _
 /\\ / ___'_ __ _ _(_)_ __  __ _ \ \ \ \
( ( )\___ | '_ | '_| | '_ \/ _` | \ \ \ \
 \\/  ___)| |_)| | | | | || (_| |  ) ) ) )
  '  |____| .__|_| |_|_| |_\__, | / / / /
 =========|_|==============|___/=/_/_/_/

 :: Spring Boot ::                (v3.5.6)

2026-02-07T23:27:08.919+05:30  INFO 21628 --- [studysync-backend] [  restartedMain] c.s.s.StudysyncBackendApplication        : Starting StudysyncBackendApplication using Java 21.0.1 with PID 21628 (E:\Studysync new\studysync-backend\target\classes started by harsh in E:\Studysync new\studysync-backend)
2026-02-07T23:27:08.919+05:30  INFO 21628 --- [studysync-backend] [  restartedMain] c.s.s.StudysyncBackendApplication        : No active profile set, falling back to 1 default profile: "default"
2026-02-07T23:27:09.277+05:30  INFO 21628 --- [studysync-backend] [  restartedMain] .s.d.r.c.RepositoryConfigurationDelegate : Bootstrapping Spring Data JPA repositories in DEFAULT mode.
2026-02-07T23:27:09.295+05:30  INFO 21628 --- [studysync-backend] [  restartedMain] .s.d.r.c.RepositoryConfigurationDelegate : Finished Spring Data repository scanning in 17 ms. Found 12 JPA repository interfaces.
2026-02-07T23:27:09.400+05:30  INFO 21628 --- [studysync-backend] [  restartedMain] o.s.b.w.embedded.tomcat.TomcatWebServer  : Tomcat initialized with port 8080 (http)
2026-02-07T23:27:09.401+05:30  INFO 21628 --- [studysync-backend] [  restartedMain] o.apache.catalina.core.StandardService   : Starting service [Tomcat]
2026-02-07T23:27:09.402+05:30  INFO 21628 --- [studysync-backend] [  restartedMain] o.apache.catalina.core.StandardEngine    : Starting Servlet engine: [Apache Tomcat/10.1.46]
2026-02-07T23:27:09.414+05:30  INFO 21628 --- [studysync-backend] [  restartedMain] o.a.c.c.C.[Tomcat-4].[localhost].[/]     : Initializing Spring embedded WebApplicationContext
2026-02-07T23:27:09.414+05:30  INFO 21628 --- [studysync-backend] [  restartedMain] w.s.c.ServletWebServerApplicationContext : Root WebApplicationContext: initialization completed in 493 ms
2026-02-07T23:27:09.501+05:30  INFO 21628 --- [studysync-backend] [  restartedMain] o.hibernate.jpa.internal.util.LogHelper  : HHH000204: Processing PersistenceUnitInfo [name: default]
2026-02-07T23:27:09.504+05:30  INFO 21628 --- [studysync-backend] [  restartedMain] o.h.c.internal.RegionFactoryInitiator    : HHH000026: Second-level cache disabled
2026-02-07T23:27:09.510+05:30  INFO 21628 --- [studysync-backend] [  restartedMain] o.s.o.j.p.SpringPersistenceUnitInfo      : No LoadTimeWeaver setup: ignoring JPA class transformer
2026-02-07T23:27:09.511+05:30  INFO 21628 --- [studysync-backend] [  restartedMain] com.zaxxer.hikari.HikariDataSource       : HikariPool-11 - Starting...
2026-02-07T23:27:09.528+05:30  INFO 21628 --- [studysync-backend] [  restartedMain] com.zaxxer.hikari.pool.HikariPool        : HikariPool-11 - Added connection com.mysql.cj.jdbc.ConnectionImpl@3c62f8e7
2026-02-07T23:27:09.528+05:30  INFO 21628 --- [studysync-backend] [  restartedMain] com.zaxxer.hikari.HikariDataSource       : HikariPool-11 - Start completed.
2026-02-07T23:27:09.529+05:30  WARN 21628 --- [studysync-backend] [  restartedMain] org.hibernate.orm.deprecation            : HHH90000025: MySQLDialect does not need to be specified explicitly using 'hibernate.dialect' (remove the property setting and it will be selected by default)
2026-02-07T23:27:09.529+05:30  INFO 21628 --- [studysync-backend] [  restartedMain] org.hibernate.orm.connections.pooling    : HHH10001005: Database info:
	Database JDBC URL [Connecting through datasource 'HikariDataSource (HikariPool-11)']
	Database driver: undefined/unknown
	Database version: 8.0.35
	Autocommit mode: undefined/unknown
	Isolation level: undefined/unknown
	Minimum pool size: undefined/unknown
	Maximum pool size: undefined/unknown
2026-02-07T23:27:09.799+05:30  INFO 21628 --- [studysync-backend] [  restartedMain] o.h.e.t.j.p.i.JtaPlatformInitiator       : HHH000489: No JTA platform available (set 'hibernate.transaction.jta.platform' to enable JTA platform integration)
Hibernate: alter table badges modify column target_role enum ('ADMIN','STUDENT','TUTOR')
2026-02-07T23:27:09.924+05:30  INFO 21628 --- [studysync-backend] [  restartedMain] j.LocalContainerEntityManagerFactoryBean : Initialized JPA EntityManagerFactory for persistence unit 'default'
2026-02-07T23:27:10.258+05:30  INFO 21628 --- [studysync-backend] [  restartedMain] r$InitializeUserDetailsManagerConfigurer : Global AuthenticationManager configured with UserDetailsService bean with name userDetailsService
2026-02-07T23:27:10.536+05:30  WARN 21628 --- [studysync-backend] [  restartedMain] ConfigServletWebServerApplicationContext : Exception encountered during context initialization - cancelling refresh attempt: org.springframework.beans.factory.BeanCreationException: Error creating bean with name 'discussionController' defined in file [E:\Studysync new\studysync-backend\target\classes\com\studysync\studysyncbackend\controller\DiscussionController.class]: Unexpected exception during bean creation
2026-02-07T23:27:10.536+05:30  INFO 21628 --- [studysync-backend] [  restartedMain] j.LocalContainerEntityManagerFactoryBean : Closing JPA EntityManagerFactory for persistence unit 'default'
2026-02-07T23:27:10.537+05:30  INFO 21628 --- [studysync-backend] [  restartedMain] com.zaxxer.hikari.HikariDataSource       : HikariPool-11 - Shutdown initiated...
2026-02-07T23:27:10.544+05:30  INFO 21628 --- [studysync-backend] [  restartedMain] com.zaxxer.hikari.HikariDataSource       : HikariPool-11 - Shutdown completed.
2026-02-07T23:27:10.545+05:30  INFO 21628 --- [studysync-backend] [  restartedMain] o.apache.catalina.core.StandardService   : Stopping service [Tomcat]
2026-02-07T23:27:10.553+05:30  INFO 21628 --- [studysync-backend] [  restartedMain] .s.b.a.l.ConditionEvaluationReportLogger : 

Error starting ApplicationContext. To display the condition evaluation report re-run your application with 'debug' enabled.
2026-02-07T23:27:10.556+05:30 ERROR 21628 --- [studysync-backend] [  restartedMain] o.s.boot.SpringApplication               : Application run failed

org.springframework.beans.factory.BeanCreationException: Error creating bean with name 'discussionController' defined in file [E:\Studysync new\studysync-backend\target\classes\com\studysync\studysyncbackend\controller\DiscussionController.class]: Unexpected exception during bean creation
	at org.springframework.beans.factory.support.AbstractAutowireCapableBeanFactory.createBean(AbstractAutowireCapableBeanFactory.java:542) ~[spring-beans-6.2.11.jar:6.2.11]
	at org.springframework.beans.factory.support.AbstractBeanFactory.lambda$doGetBean$0(AbstractBeanFactory.java:339) ~[spring-beans-6.2.11.jar:6.2.11]
	at org.springframework.beans.factory.support.DefaultSingletonBeanRegistry.getSingleton(DefaultSingletonBeanRegistry.java:373) ~[spring-beans-6.2.11.jar:6.2.11]
	at org.springframework.beans.factory.support.AbstractBeanFactory.doGetBean(AbstractBeanFactory.java:337) ~[spring-beans-6.2.11.jar:6.2.11]
	at org.springframework.beans.factory.support.AbstractBeanFactory.getBean(AbstractBeanFactory.java:202) ~[spring-beans-6.2.11.jar:6.2.11]
	at org.springframework.beans.factory.support.DefaultListableBeanFactory.instantiateSingleton(DefaultListableBeanFactory.java:1221) ~[spring-beans-6.2.11.jar:6.2.11]
	at org.springframework.beans.factory.support.DefaultListableBeanFactory.preInstantiateSingleton(DefaultListableBeanFactory.java:1187) ~[spring-beans-6.2.11.jar:6.2.11]
	at org.springframework.beans.factory.support.DefaultListableBeanFactory.preInstantiateSingletons(DefaultListableBeanFactory.java:1123) ~[spring-beans-6.2.11.jar:6.2.11]
	at org.springframework.context.support.AbstractApplicationContext.finishBeanFactoryInitialization(AbstractApplicationContext.java:987) ~[spring-context-6.2.11.jar:6.2.11]
	at org.springframework.context.support.AbstractApplicationContext.refresh(AbstractApplicationContext.java:627) ~[spring-context-6.2.11.jar:6.2.11]
	at org.springframework.boot.web.servlet.context.ServletWebServerApplicationContext.refresh(ServletWebServerApplicationContext.java:146) ~[spring-boot-3.5.6.jar:3.5.6]
	at org.springframework.boot.SpringApplication.refresh(SpringApplication.java:752) ~[spring-boot-3.5.6.jar:3.5.6]
	at org.springframework.boot.SpringApplication.refreshContext(SpringApplication.java:439) ~[spring-boot-3.5.6.jar:3.5.6]
	at org.springframework.boot.SpringApplication.run(SpringApplication.java:318) ~[spring-boot-3.5.6.jar:3.5.6]
	at org.springframework.boot.SpringApplication.run(SpringApplication.java:1361) ~[spring-boot-3.5.6.jar:3.5.6]
	at org.springframework.boot.SpringApplication.run(SpringApplication.java:1350) ~[spring-boot-3.5.6.jar:3.5.6]
	at com.studysync.studysyncbackend.StudysyncBackendApplication.main(StudysyncBackendApplication.java:11) ~[classes/:na]
	at java.base/jdk.internal.reflect.DirectMethodHandleAccessor.invoke(DirectMethodHandleAccessor.java:103) ~[na:na]
	at java.base/java.lang.reflect.Method.invoke(Method.java:580) ~[na:na]
	at org.springframework.boot.devtools.restart.RestartLauncher.run(RestartLauncher.java:50) ~[spring-boot-devtools-3.5.6.jar:3.5.6]
Caused by: java.lang.annotation.AnnotationFormatError: Duplicate annotation for class: interface org.springframework.web.bind.annotation.PostMapping: @org.springframework.web.bind.annotation.PostMapping(path={}, headers={}, name="", produces={}, params={}, value={"/{id}/reply"}, consumes={})
	at java.base/sun.reflect.annotation.AnnotationParser.parseAnnotations2(AnnotationParser.java:126) ~[na:na]
	at java.base/sun.reflect.annotation.AnnotationParser.parseAnnotations(AnnotationParser.java:73) ~[na:na]
	at java.base/java.lang.reflect.Executable.declaredAnnotations(Executable.java:634) ~[na:na]
	at java.base/java.lang.reflect.Executable.declaredAnnotations(Executable.java:632) ~[na:na]
	at java.base/java.lang.reflect.Executable.getAnnotation(Executable.java:600) ~[na:na]
	at java.base/java.lang.reflect.Method.getAnnotation(Method.java:793) ~[na:na]
	at org.springframework.beans.factory.annotation.AutowiredAnnotationBeanPostProcessor.lambda$checkLookupMethods$0(AutowiredAnnotationBeanPostProcessor.java:477) ~[spring-beans-6.2.11.jar:6.2.11]
	at org.springframework.util.ReflectionUtils.doWithLocalMethods(ReflectionUtils.java:323) ~[spring-core-6.2.11.jar:6.2.11]
	at org.springframework.beans.factory.annotation.AutowiredAnnotationBeanPostProcessor.checkLookupMethods(AutowiredAnnotationBeanPostProcessor.java:476) ~[spring-beans-6.2.11.jar:6.2.11]
	at org.springframework.beans.factory.annotation.AutowiredAnnotationBeanPostProcessor.determineCandidateConstructors(AutowiredAnnotationBeanPostProcessor.java:368) ~[spring-beans-6.2.11.jar:6.2.11]
	at org.springframework.beans.factory.support.AbstractAutowireCapableBeanFactory.determineConstructorsFromBeanPostProcessors(AbstractAutowireCapableBeanFactory.java:1334) ~[spring-beans-6.2.11.jar:6.2.11]
	at org.springframework.beans.factory.support.AbstractAutowireCapableBeanFactory.createBeanInstance(AbstractAutowireCapableBeanFactory.java:1229) ~[spring-beans-6.2.11.jar:6.2.11]
	at org.springframework.beans.factory.support.AbstractAutowireCapableBeanFactory.doCreateBean(AbstractAutowireCapableBeanFactory.java:569) ~[spring-beans-6.2.11.jar:6.2.11]
	at org.springframework.beans.factory.support.AbstractAutowireCapableBeanFactory.createBean(AbstractAutowireCapableBeanFactory.java:529) ~[spring-beans-6.2.11.jar:6.2.11]
	... 19 common frames omitted


  .   ____          _            __ _ _
 /\\ / ___'_ __ _ _(_)_ __  __ _ \ \ \ \
( ( )\___ | '_ | '_| | '_ \/ _` | \ \ \ \
 \\/  ___)| |_)| | | | | || (_| |  ) ) ) )
  '  |____| .__|_| |_|_| |_\__, | / / / /
 =========|_|==============|___/=/_/_/_/

 :: Spring Boot ::                (v3.5.6)

2026-02-07T23:27:22.470+05:30  INFO 21628 --- [studysync-backend] [  restartedMain] c.s.s.StudysyncBackendApplication        : Starting StudysyncBackendApplication using Java 21.0.1 with PID 21628 (E:\Studysync new\studysync-backend\target\classes started by harsh in E:\Studysync new\studysync-backend)
2026-02-07T23:27:22.470+05:30  INFO 21628 --- [studysync-backend] [  restartedMain] c.s.s.StudysyncBackendApplication        : No active profile set, falling back to 1 default profile: "default"
2026-02-07T23:27:23.036+05:30  INFO 21628 --- [studysync-backend] [  restartedMain] .s.d.r.c.RepositoryConfigurationDelegate : Bootstrapping Spring Data JPA repositories in DEFAULT mode.
2026-02-07T23:27:23.092+05:30  INFO 21628 --- [studysync-backend] [  restartedMain] .s.d.r.c.RepositoryConfigurationDelegate : Finished Spring Data repository scanning in 52 ms. Found 12 JPA repository interfaces.
2026-02-07T23:27:23.308+05:30  INFO 21628 --- [studysync-backend] [  restartedMain] o.s.b.w.embedded.tomcat.TomcatWebServer  : Tomcat initialized with port 8080 (http)
2026-02-07T23:27:23.309+05:30  INFO 21628 --- [studysync-backend] [  restartedMain] o.apache.catalina.core.StandardService   : Starting service [Tomcat]
2026-02-07T23:27:23.310+05:30  INFO 21628 --- [studysync-backend] [  restartedMain] o.apache.catalina.core.StandardEngine    : Starting Servlet engine: [Apache Tomcat/10.1.46]
2026-02-07T23:27:23.356+05:30  INFO 21628 --- [studysync-backend] [  restartedMain] o.a.c.c.C.[Tomcat-5].[localhost].[/]     : Initializing Spring embedded WebApplicationContext
2026-02-07T23:27:23.356+05:30  INFO 21628 --- [studysync-backend] [  restartedMain] w.s.c.ServletWebServerApplicationContext : Root WebApplicationContext: initialization completed in 885 ms
2026-02-07T23:27:23.468+05:30  INFO 21628 --- [studysync-backend] [  restartedMain] o.hibernate.jpa.internal.util.LogHelper  : HHH000204: Processing PersistenceUnitInfo [name: default]
2026-02-07T23:27:23.471+05:30  INFO 21628 --- [studysync-backend] [  restartedMain] o.h.c.internal.RegionFactoryInitiator    : HHH000026: Second-level cache disabled
2026-02-07T23:27:23.477+05:30  INFO 21628 --- [studysync-backend] [  restartedMain] o.s.o.j.p.SpringPersistenceUnitInfo      : No LoadTimeWeaver setup: ignoring JPA class transformer
2026-02-07T23:27:23.477+05:30  INFO 21628 --- [studysync-backend] [  restartedMain] com.zaxxer.hikari.HikariDataSource       : HikariPool-12 - Starting...
2026-02-07T23:27:23.500+05:30  INFO 21628 --- [studysync-backend] [  restartedMain] com.zaxxer.hikari.pool.HikariPool        : HikariPool-12 - Added connection com.mysql.cj.jdbc.ConnectionImpl@2428c796
2026-02-07T23:27:23.500+05:30  INFO 21628 --- [studysync-backend] [  restartedMain] com.zaxxer.hikari.HikariDataSource       : HikariPool-12 - Start completed.
2026-02-07T23:27:23.503+05:30  WARN 21628 --- [studysync-backend] [  restartedMain] org.hibernate.orm.deprecation            : HHH90000025: MySQLDialect does not need to be specified explicitly using 'hibernate.dialect' (remove the property setting and it will be selected by default)
2026-02-07T23:27:23.504+05:30  INFO 21628 --- [studysync-backend] [  restartedMain] org.hibernate.orm.connections.pooling    : HHH10001005: Database info:
	Database JDBC URL [Connecting through datasource 'HikariDataSource (HikariPool-12)']
	Database driver: undefined/unknown
	Database version: 8.0.35
	Autocommit mode: undefined/unknown
	Isolation level: undefined/unknown
	Minimum pool size: undefined/unknown
	Maximum pool size: undefined/unknown
2026-02-07T23:27:23.965+05:30  INFO 21628 --- [studysync-backend] [  restartedMain] o.h.e.t.j.p.i.JtaPlatformInitiator       : HHH000489: No JTA platform available (set 'hibernate.transaction.jta.platform' to enable JTA platform integration)
Hibernate: alter table badges modify column target_role enum ('ADMIN','STUDENT','TUTOR')
2026-02-07T23:27:24.106+05:30  INFO 21628 --- [studysync-backend] [  restartedMain] j.LocalContainerEntityManagerFactoryBean : Initialized JPA EntityManagerFactory for persistence unit 'default'
2026-02-07T23:27:24.942+05:30  INFO 21628 --- [studysync-backend] [  restartedMain] r$InitializeUserDetailsManagerConfigurer : Global AuthenticationManager configured with UserDetailsService bean with name userDetailsService
2026-02-07T23:27:25.106+05:30  WARN 21628 --- [studysync-backend] [  restartedMain] ConfigServletWebServerApplicationContext : Exception encountered during context initialization - cancelling refresh attempt: org.springframework.beans.factory.BeanCreationException: Error creating bean with name 'discussionController' defined in file [E:\Studysync new\studysync-backend\target\classes\com\studysync\studysyncbackend\controller\DiscussionController.class]: Unexpected exception during bean creation
2026-02-07T23:27:25.113+05:30  INFO 21628 --- [studysync-backend] [  restartedMain] j.LocalContainerEntityManagerFactoryBean : Closing JPA EntityManagerFactory for persistence unit 'default'
2026-02-07T23:27:25.118+05:30  INFO 21628 --- [studysync-backend] [  restartedMain] com.zaxxer.hikari.HikariDataSource       : HikariPool-12 - Shutdown initiated...
2026-02-07T23:27:25.154+05:30  INFO 21628 --- [studysync-backend] [  restartedMain] com.zaxxer.hikari.HikariDataSource       : HikariPool-12 - Shutdown completed.
2026-02-07T23:27:25.155+05:30  INFO 21628 --- [studysync-backend] [  restartedMain] o.apache.catalina.core.StandardService   : Stopping service [Tomcat]
2026-02-07T23:27:25.170+05:30  INFO 21628 --- [studysync-backend] [  restartedMain] .s.b.a.l.ConditionEvaluationReportLogger : 

Error starting ApplicationContext. To display the condition evaluation report re-run your application with 'debug' enabled.
2026-02-07T23:27:25.176+05:30 ERROR 21628 --- [studysync-backend] [  restartedMain] o.s.boot.SpringApplication               : Application run failed

org.springframework.beans.factory.BeanCreationException: Error creating bean with name 'discussionController' defined in file [E:\Studysync new\studysync-backend\target\classes\com\studysync\studysyncbackend\controller\DiscussionController.class]: Unexpected exception during bean creation
	at org.springframework.beans.factory.support.AbstractAutowireCapableBeanFactory.createBean(AbstractAutowireCapableBeanFactory.java:542) ~[spring-beans-6.2.11.jar:6.2.11]
	at org.springframework.beans.factory.support.AbstractBeanFactory.lambda$doGetBean$0(AbstractBeanFactory.java:339) ~[spring-beans-6.2.11.jar:6.2.11]
	at org.springframework.beans.factory.support.DefaultSingletonBeanRegistry.getSingleton(DefaultSingletonBeanRegistry.java:373) ~[spring-beans-6.2.11.jar:6.2.11]
	at org.springframework.beans.factory.support.AbstractBeanFactory.doGetBean(AbstractBeanFactory.java:337) ~[spring-beans-6.2.11.jar:6.2.11]
	at org.springframework.beans.factory.support.AbstractBeanFactory.getBean(AbstractBeanFactory.java:202) ~[spring-beans-6.2.11.jar:6.2.11]
	at org.springframework.beans.factory.support.DefaultListableBeanFactory.instantiateSingleton(DefaultListableBeanFactory.java:1221) ~[spring-beans-6.2.11.jar:6.2.11]
	at org.springframework.beans.factory.support.DefaultListableBeanFactory.preInstantiateSingleton(DefaultListableBeanFactory.java:1187) ~[spring-beans-6.2.11.jar:6.2.11]
	at org.springframework.beans.factory.support.DefaultListableBeanFactory.preInstantiateSingletons(DefaultListableBeanFactory.java:1123) ~[spring-beans-6.2.11.jar:6.2.11]
	at org.springframework.context.support.AbstractApplicationContext.finishBeanFactoryInitialization(AbstractApplicationContext.java:987) ~[spring-context-6.2.11.jar:6.2.11]
	at org.springframework.context.support.AbstractApplicationContext.refresh(AbstractApplicationContext.java:627) ~[spring-context-6.2.11.jar:6.2.11]
	at org.springframework.boot.web.servlet.context.ServletWebServerApplicationContext.refresh(ServletWebServerApplicationContext.java:146) ~[spring-boot-3.5.6.jar:3.5.6]
	at org.springframework.boot.SpringApplication.refresh(SpringApplication.java:752) ~[spring-boot-3.5.6.jar:3.5.6]
	at org.springframework.boot.SpringApplication.refreshContext(SpringApplication.java:439) ~[spring-boot-3.5.6.jar:3.5.6]
	at org.springframework.boot.SpringApplication.run(SpringApplication.java:318) ~[spring-boot-3.5.6.jar:3.5.6]
	at org.springframework.boot.SpringApplication.run(SpringApplication.java:1361) ~[spring-boot-3.5.6.jar:3.5.6]
	at org.springframework.boot.SpringApplication.run(SpringApplication.java:1350) ~[spring-boot-3.5.6.jar:3.5.6]
	at com.studysync.studysyncbackend.StudysyncBackendApplication.main(StudysyncBackendApplication.java:11) ~[classes/:na]
	at java.base/jdk.internal.reflect.DirectMethodHandleAccessor.invoke(DirectMethodHandleAccessor.java:103) ~[na:na]
	at java.base/java.lang.reflect.Method.invoke(Method.java:580) ~[na:na]
	at org.springframework.boot.devtools.restart.RestartLauncher.run(RestartLauncher.java:50) ~[spring-boot-devtools-3.5.6.jar:3.5.6]
Caused by: java.lang.annotation.AnnotationFormatError: Duplicate annotation for class: interface org.springframework.web.bind.annotation.PostMapping: @org.springframework.web.bind.annotation.PostMapping(path={}, headers={}, name="", produces={}, params={}, value={"/{id}/reply"}, consumes={})
	at java.base/sun.reflect.annotation.AnnotationParser.parseAnnotations2(AnnotationParser.java:126) ~[na:na]
	at java.base/sun.reflect.annotation.AnnotationParser.parseAnnotations(AnnotationParser.java:73) ~[na:na]
	at java.base/java.lang.reflect.Executable.declaredAnnotations(Executable.java:634) ~[na:na]
	at java.base/java.lang.reflect.Executable.declaredAnnotations(Executable.java:632) ~[na:na]
	at java.base/java.lang.reflect.Executable.getAnnotation(Executable.java:600) ~[na:na]
	at java.base/java.lang.reflect.Method.getAnnotation(Method.java:793) ~[na:na]
	at org.springframework.beans.factory.annotation.AutowiredAnnotationBeanPostProcessor.lambda$checkLookupMethods$0(AutowiredAnnotationBeanPostProcessor.java:477) ~[spring-beans-6.2.11.jar:6.2.11]
	at org.springframework.util.ReflectionUtils.doWithLocalMethods(ReflectionUtils.java:323) ~[spring-core-6.2.11.jar:6.2.11]
	at org.springframework.beans.factory.annotation.AutowiredAnnotationBeanPostProcessor.checkLookupMethods(AutowiredAnnotationBeanPostProcessor.java:476) ~[spring-beans-6.2.11.jar:6.2.11]
	at org.springframework.beans.factory.annotation.AutowiredAnnotationBeanPostProcessor.determineCandidateConstructors(AutowiredAnnotationBeanPostProcessor.java:368) ~[spring-beans-6.2.11.jar:6.2.11]
	at org.springframework.beans.factory.support.AbstractAutowireCapableBeanFactory.determineConstructorsFromBeanPostProcessors(AbstractAutowireCapableBeanFactory.java:1334) ~[spring-beans-6.2.11.jar:6.2.11]
	at org.springframework.beans.factory.support.AbstractAutowireCapableBeanFactory.createBeanInstance(AbstractAutowireCapableBeanFactory.java:1229) ~[spring-beans-6.2.11.jar:6.2.11]
	at org.springframework.beans.factory.support.AbstractAutowireCapableBeanFactory.doCreateBean(AbstractAutowireCapableBeanFactory.java:569) ~[spring-beans-6.2.11.jar:6.2.11]
	at org.springframework.beans.factory.support.AbstractAutowireCapableBeanFactory.createBean(AbstractAutowireCapableBeanFactory.java:529) ~[spring-beans-6.2.11.jar:6.2.11]
	... 19 common frames omitted


  .   ____          _            __ _ _
 /\\ / ___'_ __ _ _(_)_ __  __ _ \ \ \ \
( ( )\___ | '_ | '_| | '_ \/ _` | \ \ \ \
 \\/  ___)| |_)| | | | | || (_| |  ) ) ) )
  '  |____| .__|_| |_|_| |_\__, | / / / /
 =========|_|==============|___/=/_/_/_/

 :: Spring Boot ::                (v3.5.6)

2026-02-07T23:28:57.257+05:30  INFO 21628 --- [studysync-backend] [  restartedMain] c.s.s.StudysyncBackendApplication        : Starting StudysyncBackendApplication using Java 21.0.1 with PID 21628 (E:\Studysync new\studysync-backend\target\classes started by harsh in E:\Studysync new\studysync-backend)
2026-02-07T23:28:57.258+05:30  INFO 21628 --- [studysync-backend] [  restartedMain] c.s.s.StudysyncBackendApplication        : No active profile set, falling back to 1 default profile: "default"
2026-02-07T23:28:57.878+05:30  INFO 21628 --- [studysync-backend] [  restartedMain] .s.d.r.c.RepositoryConfigurationDelegate : Bootstrapping Spring Data JPA repositories in DEFAULT mode.
2026-02-07T23:28:57.923+05:30  INFO 21628 --- [studysync-backend] [  restartedMain] .s.d.r.c.RepositoryConfigurationDelegate : Finished Spring Data repository scanning in 42 ms. Found 12 JPA repository interfaces.
2026-02-07T23:28:58.217+05:30  INFO 21628 --- [studysync-backend] [  restartedMain] o.s.b.w.embedded.tomcat.TomcatWebServer  : Tomcat initialized with port 8080 (http)
2026-02-07T23:28:58.219+05:30  INFO 21628 --- [studysync-backend] [  restartedMain] o.apache.catalina.core.StandardService   : Starting service [Tomcat]
2026-02-07T23:28:58.219+05:30  INFO 21628 --- [studysync-backend] [  restartedMain] o.apache.catalina.core.StandardEngine    : Starting Servlet engine: [Apache Tomcat/10.1.46]
2026-02-07T23:28:58.254+05:30  INFO 21628 --- [studysync-backend] [  restartedMain] o.a.c.c.C.[Tomcat-6].[localhost].[/]     : Initializing Spring embedded WebApplicationContext
2026-02-07T23:28:58.254+05:30  INFO 21628 --- [studysync-backend] [  restartedMain] w.s.c.ServletWebServerApplicationContext : Root WebApplicationContext: initialization completed in 995 ms
2026-02-07T23:28:58.417+05:30  INFO 21628 --- [studysync-backend] [  restartedMain] o.hibernate.jpa.internal.util.LogHelper  : HHH000204: Processing PersistenceUnitInfo [name: default]
2026-02-07T23:28:58.419+05:30  INFO 21628 --- [studysync-backend] [  restartedMain] o.h.c.internal.RegionFactoryInitiator    : HHH000026: Second-level cache disabled
2026-02-07T23:28:58.425+05:30  INFO 21628 --- [studysync-backend] [  restartedMain] o.s.o.j.p.SpringPersistenceUnitInfo      : No LoadTimeWeaver setup: ignoring JPA class transformer
2026-02-07T23:28:58.425+05:30  INFO 21628 --- [studysync-backend] [  restartedMain] com.zaxxer.hikari.HikariDataSource       : HikariPool-13 - Starting...
2026-02-07T23:28:58.444+05:30  INFO 21628 --- [studysync-backend] [  restartedMain] com.zaxxer.hikari.pool.HikariPool        : HikariPool-13 - Added connection com.mysql.cj.jdbc.ConnectionImpl@48ee8a90
2026-02-07T23:28:58.444+05:30  INFO 21628 --- [studysync-backend] [  restartedMain] com.zaxxer.hikari.HikariDataSource       : HikariPool-13 - Start completed.
2026-02-07T23:28:58.446+05:30  WARN 21628 --- [studysync-backend] [  restartedMain] org.hibernate.orm.deprecation            : HHH90000025: MySQLDialect does not need to be specified explicitly using 'hibernate.dialect' (remove the property setting and it will be selected by default)
2026-02-07T23:28:58.447+05:30  INFO 21628 --- [studysync-backend] [  restartedMain] org.hibernate.orm.connections.pooling    : HHH10001005: Database info:
	Database JDBC URL [Connecting through datasource 'HikariDataSource (HikariPool-13)']
	Database driver: undefined/unknown
	Database version: 8.0.35
	Autocommit mode: undefined/unknown
	Isolation level: undefined/unknown
	Minimum pool size: undefined/unknown
	Maximum pool size: undefined/unknown
2026-02-07T23:28:58.585+05:30  INFO 21628 --- [studysync-backend] [  restartedMain] o.h.e.t.j.p.i.JtaPlatformInitiator       : HHH000489: No JTA platform available (set 'hibernate.transaction.jta.platform' to enable JTA platform integration)
Hibernate: alter table badges modify column target_role enum ('ADMIN','STUDENT','TUTOR')
2026-02-07T23:28:58.688+05:30  INFO 21628 --- [studysync-backend] [  restartedMain] j.LocalContainerEntityManagerFactoryBean : Initialized JPA EntityManagerFactory for persistence unit 'default'
2026-02-07T23:28:59.230+05:30  INFO 21628 --- [studysync-backend] [  restartedMain] r$InitializeUserDetailsManagerConfigurer : Global AuthenticationManager configured with UserDetailsService bean with name userDetailsService
2026-02-07T23:28:59.291+05:30  WARN 21628 --- [studysync-backend] [  restartedMain] ConfigServletWebServerApplicationContext : Exception encountered during context initialization - cancelling refresh attempt: org.springframework.beans.factory.BeanCreationException: Error creating bean with name 'discussionController' defined in file [E:\Studysync new\studysync-backend\target\classes\com\studysync\studysyncbackend\controller\DiscussionController.class]: Unexpected exception during bean creation
2026-02-07T23:28:59.292+05:30  INFO 21628 --- [studysync-backend] [  restartedMain] j.LocalContainerEntityManagerFactoryBean : Closing JPA EntityManagerFactory for persistence unit 'default'
2026-02-07T23:28:59.293+05:30  INFO 21628 --- [studysync-backend] [  restartedMain] com.zaxxer.hikari.HikariDataSource       : HikariPool-13 - Shutdown initiated...
2026-02-07T23:28:59.301+05:30  INFO 21628 --- [studysync-backend] [  restartedMain] com.zaxxer.hikari.HikariDataSource       : HikariPool-13 - Shutdown completed.
2026-02-07T23:28:59.302+05:30  INFO 21628 --- [studysync-backend] [  restartedMain] o.apache.catalina.core.StandardService   : Stopping service [Tomcat]
2026-02-07T23:28:59.312+05:30  INFO 21628 --- [studysync-backend] [  restartedMain] .s.b.a.l.ConditionEvaluationReportLogger : 

Error starting ApplicationContext. To display the condition evaluation report re-run your application with 'debug' enabled.
2026-02-07T23:28:59.321+05:30 ERROR 21628 --- [studysync-backend] [  restartedMain] o.s.boot.SpringApplication               : Application run failed

org.springframework.beans.factory.BeanCreationException: Error creating bean with name 'discussionController' defined in file [E:\Studysync new\studysync-backend\target\classes\com\studysync\studysyncbackend\controller\DiscussionController.class]: Unexpected exception during bean creation
	at org.springframework.beans.factory.support.AbstractAutowireCapableBeanFactory.createBean(AbstractAutowireCapableBeanFactory.java:542) ~[spring-beans-6.2.11.jar:6.2.11]
	at org.springframework.beans.factory.support.AbstractBeanFactory.lambda$doGetBean$0(AbstractBeanFactory.java:339) ~[spring-beans-6.2.11.jar:6.2.11]
	at org.springframework.beans.factory.support.DefaultSingletonBeanRegistry.getSingleton(DefaultSingletonBeanRegistry.java:373) ~[spring-beans-6.2.11.jar:6.2.11]
	at org.springframework.beans.factory.support.AbstractBeanFactory.doGetBean(AbstractBeanFactory.java:337) ~[spring-beans-6.2.11.jar:6.2.11]
	at org.springframework.beans.factory.support.AbstractBeanFactory.getBean(AbstractBeanFactory.java:202) ~[spring-beans-6.2.11.jar:6.2.11]
	at org.springframework.beans.factory.support.DefaultListableBeanFactory.instantiateSingleton(DefaultListableBeanFactory.java:1221) ~[spring-beans-6.2.11.jar:6.2.11]
	at org.springframework.beans.factory.support.DefaultListableBeanFactory.preInstantiateSingleton(DefaultListableBeanFactory.java:1187) ~[spring-beans-6.2.11.jar:6.2.11]
	at org.springframework.beans.factory.support.DefaultListableBeanFactory.preInstantiateSingletons(DefaultListableBeanFactory.java:1123) ~[spring-beans-6.2.11.jar:6.2.11]
	at org.springframework.context.support.AbstractApplicationContext.finishBeanFactoryInitialization(AbstractApplicationContext.java:987) ~[spring-context-6.2.11.jar:6.2.11]
	at org.springframework.context.support.AbstractApplicationContext.refresh(AbstractApplicationContext.java:627) ~[spring-context-6.2.11.jar:6.2.11]
	at org.springframework.boot.web.servlet.context.ServletWebServerApplicationContext.refresh(ServletWebServerApplicationContext.java:146) ~[spring-boot-3.5.6.jar:3.5.6]
	at org.springframework.boot.SpringApplication.refresh(SpringApplication.java:752) ~[spring-boot-3.5.6.jar:3.5.6]
	at org.springframework.boot.SpringApplication.refreshContext(SpringApplication.java:439) ~[spring-boot-3.5.6.jar:3.5.6]
	at org.springframework.boot.SpringApplication.run(SpringApplication.java:318) ~[spring-boot-3.5.6.jar:3.5.6]
	at org.springframework.boot.SpringApplication.run(SpringApplication.java:1361) ~[spring-boot-3.5.6.jar:3.5.6]
	at org.springframework.boot.SpringApplication.run(SpringApplication.java:1350) ~[spring-boot-3.5.6.jar:3.5.6]
	at com.studysync.studysyncbackend.StudysyncBackendApplication.main(StudysyncBackendApplication.java:11) ~[classes/:na]
	at java.base/jdk.internal.reflect.DirectMethodHandleAccessor.invoke(DirectMethodHandleAccessor.java:103) ~[na:na]
	at java.base/java.lang.reflect.Method.invoke(Method.java:580) ~[na:na]
	at org.springframework.boot.devtools.restart.RestartLauncher.run(RestartLauncher.java:50) ~[spring-boot-devtools-3.5.6.jar:3.5.6]
Caused by: java.lang.annotation.AnnotationFormatError: Duplicate annotation for class: interface org.springframework.web.bind.annotation.PostMapping: @org.springframework.web.bind.annotation.PostMapping(path={}, headers={}, name="", produces={}, params={}, value={"/{id}/reply"}, consumes={})
	at java.base/sun.reflect.annotation.AnnotationParser.parseAnnotations2(AnnotationParser.java:126) ~[na:na]
	at java.base/sun.reflect.annotation.AnnotationParser.parseAnnotations(AnnotationParser.java:73) ~[na:na]
	at java.base/java.lang.reflect.Executable.declaredAnnotations(Executable.java:634) ~[na:na]
	at java.base/java.lang.reflect.Executable.declaredAnnotations(Executable.java:632) ~[na:na]
	at java.base/java.lang.reflect.Executable.getAnnotation(Executable.java:600) ~[na:na]
	at java.base/java.lang.reflect.Method.getAnnotation(Method.java:793) ~[na:na]
	at org.springframework.beans.factory.annotation.AutowiredAnnotationBeanPostProcessor.lambda$checkLookupMethods$0(AutowiredAnnotationBeanPostProcessor.java:477) ~[spring-beans-6.2.11.jar:6.2.11]
	at org.springframework.util.ReflectionUtils.doWithLocalMethods(ReflectionUtils.java:323) ~[spring-core-6.2.11.jar:6.2.11]
	at org.springframework.beans.factory.annotation.AutowiredAnnotationBeanPostProcessor.checkLookupMethods(AutowiredAnnotationBeanPostProcessor.java:476) ~[spring-beans-6.2.11.jar:6.2.11]
	at org.springframework.beans.factory.annotation.AutowiredAnnotationBeanPostProcessor.determineCandidateConstructors(AutowiredAnnotationBeanPostProcessor.java:368) ~[spring-beans-6.2.11.jar:6.2.11]
	at org.springframework.beans.factory.support.AbstractAutowireCapableBeanFactory.determineConstructorsFromBeanPostProcessors(AbstractAutowireCapableBeanFactory.java:1334) ~[spring-beans-6.2.11.jar:6.2.11]
	at org.springframework.beans.factory.support.AbstractAutowireCapableBeanFactory.createBeanInstance(AbstractAutowireCapableBeanFactory.java:1229) ~[spring-beans-6.2.11.jar:6.2.11]
	at org.springframework.beans.factory.support.AbstractAutowireCapableBeanFactory.doCreateBean(AbstractAutowireCapableBeanFactory.java:569) ~[spring-beans-6.2.11.jar:6.2.11]
	at org.springframework.beans.factory.support.AbstractAutowireCapableBeanFactory.createBean(AbstractAutowireCapableBeanFactory.java:529) ~[spring-beans-6.2.11.jar:6.2.11]
	... 19 common frames omitted


  .   ____          _            __ _ _
 /\\ / ___'_ __ _ _(_)_ __  __ _ \ \ \ \
( ( )\___ | '_ | '_| | '_ \/ _` | \ \ \ \
 \\/  ___)| |_)| | | | | || (_| |  ) ) ) )
  '  |____| .__|_| |_|_| |_\__, | / / / /
 =========|_|==============|___/=/_/_/_/

 :: Spring Boot ::                (v3.5.6)

2026-02-07T23:29:55.317+05:30  INFO 21628 --- [studysync-backend] [  restartedMain] c.s.s.StudysyncBackendApplication        : Starting StudysyncBackendApplication using Java 21.0.1 with PID 21628 (E:\Studysync new\studysync-backend\target\classes started by harsh in E:\Studysync new\studysync-backend)
2026-02-07T23:29:55.317+05:30  INFO 21628 --- [studysync-backend] [  restartedMain] c.s.s.StudysyncBackendApplication        : No active profile set, falling back to 1 default profile: "default"
2026-02-07T23:29:55.954+05:30  INFO 21628 --- [studysync-backend] [  restartedMain] .s.d.r.c.RepositoryConfigurationDelegate : Bootstrapping Spring Data JPA repositories in DEFAULT mode.
2026-02-07T23:29:55.999+05:30  INFO 21628 --- [studysync-backend] [  restartedMain] .s.d.r.c.RepositoryConfigurationDelegate : Finished Spring Data repository scanning in 44 ms. Found 12 JPA repository interfaces.
2026-02-07T23:29:56.316+05:30  INFO 21628 --- [studysync-backend] [  restartedMain] o.s.b.w.embedded.tomcat.TomcatWebServer  : Tomcat initialized with port 8080 (http)
2026-02-07T23:29:56.317+05:30  INFO 21628 --- [studysync-backend] [  restartedMain] o.apache.catalina.core.StandardService   : Starting service [Tomcat]
2026-02-07T23:29:56.317+05:30  INFO 21628 --- [studysync-backend] [  restartedMain] o.apache.catalina.core.StandardEngine    : Starting Servlet engine: [Apache Tomcat/10.1.46]
2026-02-07T23:29:56.397+05:30  INFO 21628 --- [studysync-backend] [  restartedMain] o.a.c.c.C.[Tomcat-7].[localhost].[/]     : Initializing Spring embedded WebApplicationContext
2026-02-07T23:29:56.397+05:30  INFO 21628 --- [studysync-backend] [  restartedMain] w.s.c.ServletWebServerApplicationContext : Root WebApplicationContext: initialization completed in 1078 ms
2026-02-07T23:29:56.843+05:30  INFO 21628 --- [studysync-backend] [  restartedMain] o.hibernate.jpa.internal.util.LogHelper  : HHH000204: Processing PersistenceUnitInfo [name: default]
2026-02-07T23:29:56.850+05:30  INFO 21628 --- [studysync-backend] [  restartedMain] o.h.c.internal.RegionFactoryInitiator    : HHH000026: Second-level cache disabled
2026-02-07T23:29:56.878+05:30  INFO 21628 --- [studysync-backend] [  restartedMain] o.s.o.j.p.SpringPersistenceUnitInfo      : No LoadTimeWeaver setup: ignoring JPA class transformer
2026-02-07T23:29:56.880+05:30  INFO 21628 --- [studysync-backend] [  restartedMain] com.zaxxer.hikari.HikariDataSource       : HikariPool-14 - Starting...
2026-02-07T23:29:56.902+05:30  INFO 21628 --- [studysync-backend] [  restartedMain] com.zaxxer.hikari.pool.HikariPool        : HikariPool-14 - Added connection com.mysql.cj.jdbc.ConnectionImpl@2613130b
2026-02-07T23:29:56.902+05:30  INFO 21628 --- [studysync-backend] [  restartedMain] com.zaxxer.hikari.HikariDataSource       : HikariPool-14 - Start completed.
2026-02-07T23:29:56.904+05:30  WARN 21628 --- [studysync-backend] [  restartedMain] org.hibernate.orm.deprecation            : HHH90000025: MySQLDialect does not need to be specified explicitly using 'hibernate.dialect' (remove the property setting and it will be selected by default)
2026-02-07T23:29:56.904+05:30  INFO 21628 --- [studysync-backend] [  restartedMain] org.hibernate.orm.connections.pooling    : HHH10001005: Database info:
	Database JDBC URL [Connecting through datasource 'HikariDataSource (HikariPool-14)']
	Database driver: undefined/unknown
	Database version: 8.0.35
	Autocommit mode: undefined/unknown
	Isolation level: undefined/unknown
	Minimum pool size: undefined/unknown
	Maximum pool size: undefined/unknown
2026-02-07T23:29:57.547+05:30  INFO 21628 --- [studysync-backend] [  restartedMain] o.h.e.t.j.p.i.JtaPlatformInitiator       : HHH000489: No JTA platform available (set 'hibernate.transaction.jta.platform' to enable JTA platform integration)
Hibernate: alter table badges modify column target_role enum ('ADMIN','STUDENT','TUTOR')
2026-02-07T23:29:57.681+05:30  INFO 21628 --- [studysync-backend] [  restartedMain] j.LocalContainerEntityManagerFactoryBean : Initialized JPA EntityManagerFactory for persistence unit 'default'
2026-02-07T23:29:58.796+05:30  INFO 21628 --- [studysync-backend] [  restartedMain] r$InitializeUserDetailsManagerConfigurer : Global AuthenticationManager configured with UserDetailsService bean with name userDetailsService
2026-02-07T23:29:58.862+05:30  WARN 21628 --- [studysync-backend] [  restartedMain] ConfigServletWebServerApplicationContext : Exception encountered during context initialization - cancelling refresh attempt: org.springframework.beans.factory.BeanCreationException: Error creating bean with name 'discussionController' defined in file [E:\Studysync new\studysync-backend\target\classes\com\studysync\studysyncbackend\controller\DiscussionController.class]: Unexpected exception during bean creation
2026-02-07T23:29:58.862+05:30  INFO 21628 --- [studysync-backend] [  restartedMain] j.LocalContainerEntityManagerFactoryBean : Closing JPA EntityManagerFactory for persistence unit 'default'
2026-02-07T23:29:58.862+05:30  INFO 21628 --- [studysync-backend] [  restartedMain] com.zaxxer.hikari.HikariDataSource       : HikariPool-14 - Shutdown initiated...
2026-02-07T23:29:58.870+05:30  INFO 21628 --- [studysync-backend] [  restartedMain] com.zaxxer.hikari.HikariDataSource       : HikariPool-14 - Shutdown completed.
2026-02-07T23:29:58.871+05:30  INFO 21628 --- [studysync-backend] [  restartedMain] o.apache.catalina.core.StandardService   : Stopping service [Tomcat]
2026-02-07T23:29:58.889+05:30  INFO 21628 --- [studysync-backend] [  restartedMain] .s.b.a.l.ConditionEvaluationReportLogger : 

Error starting ApplicationContext. To display the condition evaluation report re-run your application with 'debug' enabled.
2026-02-07T23:29:58.902+05:30 ERROR 21628 --- [studysync-backend] [  restartedMain] o.s.boot.SpringApplication               : Application run failed

org.springframework.beans.factory.BeanCreationException: Error creating bean with name 'discussionController' defined in file [E:\Studysync new\studysync-backend\target\classes\com\studysync\studysyncbackend\controller\DiscussionController.class]: Unexpected exception during bean creation
	at org.springframework.beans.factory.support.AbstractAutowireCapableBeanFactory.createBean(AbstractAutowireCapableBeanFactory.java:542) ~[spring-beans-6.2.11.jar:6.2.11]
	at org.springframework.beans.factory.support.AbstractBeanFactory.lambda$doGetBean$0(AbstractBeanFactory.java:339) ~[spring-beans-6.2.11.jar:6.2.11]
	at org.springframework.beans.factory.support.DefaultSingletonBeanRegistry.getSingleton(DefaultSingletonBeanRegistry.java:373) ~[spring-beans-6.2.11.jar:6.2.11]
	at org.springframework.beans.factory.support.AbstractBeanFactory.doGetBean(AbstractBeanFactory.java:337) ~[spring-beans-6.2.11.jar:6.2.11]
	at org.springframework.beans.factory.support.AbstractBeanFactory.getBean(AbstractBeanFactory.java:202) ~[spring-beans-6.2.11.jar:6.2.11]
	at org.springframework.beans.factory.support.DefaultListableBeanFactory.instantiateSingleton(DefaultListableBeanFactory.java:1221) ~[spring-beans-6.2.11.jar:6.2.11]
	at org.springframework.beans.factory.support.DefaultListableBeanFactory.preInstantiateSingleton(DefaultListableBeanFactory.java:1187) ~[spring-beans-6.2.11.jar:6.2.11]
	at org.springframework.beans.factory.support.DefaultListableBeanFactory.preInstantiateSingletons(DefaultListableBeanFactory.java:1123) ~[spring-beans-6.2.11.jar:6.2.11]
	at org.springframework.context.support.AbstractApplicationContext.finishBeanFactoryInitialization(AbstractApplicationContext.java:987) ~[spring-context-6.2.11.jar:6.2.11]
	at org.springframework.context.support.AbstractApplicationContext.refresh(AbstractApplicationContext.java:627) ~[spring-context-6.2.11.jar:6.2.11]
	at org.springframework.boot.web.servlet.context.ServletWebServerApplicationContext.refresh(ServletWebServerApplicationContext.java:146) ~[spring-boot-3.5.6.jar:3.5.6]
	at org.springframework.boot.SpringApplication.refresh(SpringApplication.java:752) ~[spring-boot-3.5.6.jar:3.5.6]
	at org.springframework.boot.SpringApplication.refreshContext(SpringApplication.java:439) ~[spring-boot-3.5.6.jar:3.5.6]
	at org.springframework.boot.SpringApplication.run(SpringApplication.java:318) ~[spring-boot-3.5.6.jar:3.5.6]
	at org.springframework.boot.SpringApplication.run(SpringApplication.java:1361) ~[spring-boot-3.5.6.jar:3.5.6]
	at org.springframework.boot.SpringApplication.run(SpringApplication.java:1350) ~[spring-boot-3.5.6.jar:3.5.6]
	at com.studysync.studysyncbackend.StudysyncBackendApplication.main(StudysyncBackendApplication.java:11) ~[classes/:na]
	at java.base/jdk.internal.reflect.DirectMethodHandleAccessor.invoke(DirectMethodHandleAccessor.java:103) ~[na:na]
	at java.base/java.lang.reflect.Method.invoke(Method.java:580) ~[na:na]
	at org.springframework.boot.devtools.restart.RestartLauncher.run(RestartLauncher.java:50) ~[spring-boot-devtools-3.5.6.jar:3.5.6]
Caused by: java.lang.annotation.AnnotationFormatError: Duplicate annotation for class: interface org.springframework.web.bind.annotation.PostMapping: @org.springframework.web.bind.annotation.PostMapping(path={}, headers={}, name="", produces={}, params={}, value={"/{id}/reply"}, consumes={})
	at java.base/sun.reflect.annotation.AnnotationParser.parseAnnotations2(AnnotationParser.java:126) ~[na:na]
	at java.base/sun.reflect.annotation.AnnotationParser.parseAnnotations(AnnotationParser.java:73) ~[na:na]
	at java.base/java.lang.reflect.Executable.declaredAnnotations(Executable.java:634) ~[na:na]
	at java.base/java.lang.reflect.Executable.declaredAnnotations(Executable.java:632) ~[na:na]
	at java.base/java.lang.reflect.Executable.getAnnotation(Executable.java:600) ~[na:na]
	at java.base/java.lang.reflect.Method.getAnnotation(Method.java:793) ~[na:na]
	at org.springframework.beans.factory.annotation.AutowiredAnnotationBeanPostProcessor.lambda$checkLookupMethods$0(AutowiredAnnotationBeanPostProcessor.java:477) ~[spring-beans-6.2.11.jar:6.2.11]
	at org.springframework.util.ReflectionUtils.doWithLocalMethods(ReflectionUtils.java:323) ~[spring-core-6.2.11.jar:6.2.11]
	at org.springframework.beans.factory.annotation.AutowiredAnnotationBeanPostProcessor.checkLookupMethods(AutowiredAnnotationBeanPostProcessor.java:476) ~[spring-beans-6.2.11.jar:6.2.11]
	at org.springframework.beans.factory.annotation.AutowiredAnnotationBeanPostProcessor.determineCandidateConstructors(AutowiredAnnotationBeanPostProcessor.java:368) ~[spring-beans-6.2.11.jar:6.2.11]
	at org.springframework.beans.factory.support.AbstractAutowireCapableBeanFactory.determineConstructorsFromBeanPostProcessors(AbstractAutowireCapableBeanFactory.java:1334) ~[spring-beans-6.2.11.jar:6.2.11]
	at org.springframework.beans.factory.support.AbstractAutowireCapableBeanFactory.createBeanInstance(AbstractAutowireCapableBeanFactory.java:1229) ~[spring-beans-6.2.11.jar:6.2.11]
	at org.springframework.beans.factory.support.AbstractAutowireCapableBeanFactory.doCreateBean(AbstractAutowireCapableBeanFactory.java:569) ~[spring-beans-6.2.11.jar:6.2.11]
	at org.springframework.beans.factory.support.AbstractAutowireCapableBeanFactory.createBean(AbstractAutowireCapableBeanFactory.java:529) ~[spring-beans-6.2.11.jar:6.2.11]
	... 19 common frames omitted


  .   ____          _            __ _ _
 /\\ / ___'_ __ _ _(_)_ __  __ _ \ \ \ \
( ( )\___ | '_ | '_| | '_ \/ _` | \ \ \ \
 \\/  ___)| |_)| | | | | || (_| |  ) ) ) )
  '  |____| .__|_| |_|_| |_\__, | / / / /
 =========|_|==============|___/=/_/_/_/

 :: Spring Boot ::                (v3.5.6)

2026-02-07T23:30:13.836+05:30  INFO 21628 --- [studysync-backend] [  restartedMain] c.s.s.StudysyncBackendApplication        : Starting StudysyncBackendApplication using Java 21.0.1 with PID 21628 (E:\Studysync new\studysync-backend\target\classes started by harsh in E:\Studysync new\studysync-backend)
2026-02-07T23:30:13.836+05:30  INFO 21628 --- [studysync-backend] [  restartedMain] c.s.s.StudysyncBackendApplication        : No active profile set, falling back to 1 default profile: "default"
2026-02-07T23:30:14.456+05:30  INFO 21628 --- [studysync-backend] [  restartedMain] .s.d.r.c.RepositoryConfigurationDelegate : Bootstrapping Spring Data JPA repositories in DEFAULT mode.
2026-02-07T23:30:14.489+05:30  INFO 21628 --- [studysync-backend] [  restartedMain] .s.d.r.c.RepositoryConfigurationDelegate : Finished Spring Data repository scanning in 30 ms. Found 12 JPA repository interfaces.
2026-02-07T23:30:14.653+05:30  INFO 21628 --- [studysync-backend] [  restartedMain] o.s.b.w.embedded.tomcat.TomcatWebServer  : Tomcat initialized with port 8080 (http)
2026-02-07T23:30:14.655+05:30  INFO 21628 --- [studysync-backend] [  restartedMain] o.apache.catalina.core.StandardService   : Starting service [Tomcat]
2026-02-07T23:30:14.655+05:30  INFO 21628 --- [studysync-backend] [  restartedMain] o.apache.catalina.core.StandardEngine    : Starting Servlet engine: [Apache Tomcat/10.1.46]
2026-02-07T23:30:14.729+05:30  INFO 21628 --- [studysync-backend] [  restartedMain] o.a.c.c.C.[Tomcat-8].[localhost].[/]     : Initializing Spring embedded WebApplicationContext
2026-02-07T23:30:14.729+05:30  INFO 21628 --- [studysync-backend] [  restartedMain] w.s.c.ServletWebServerApplicationContext : Root WebApplicationContext: initialization completed in 892 ms
2026-02-07T23:30:15.084+05:30  INFO 21628 --- [studysync-backend] [  restartedMain] o.hibernate.jpa.internal.util.LogHelper  : HHH000204: Processing PersistenceUnitInfo [name: default]
2026-02-07T23:30:15.098+05:30  INFO 21628 --- [studysync-backend] [  restartedMain] o.h.c.internal.RegionFactoryInitiator    : HHH000026: Second-level cache disabled
2026-02-07T23:30:15.132+05:30  INFO 21628 --- [studysync-backend] [  restartedMain] o.s.o.j.p.SpringPersistenceUnitInfo      : No LoadTimeWeaver setup: ignoring JPA class transformer
2026-02-07T23:30:15.134+05:30  INFO 21628 --- [studysync-backend] [  restartedMain] com.zaxxer.hikari.HikariDataSource       : HikariPool-15 - Starting...
2026-02-07T23:30:15.156+05:30  INFO 21628 --- [studysync-backend] [  restartedMain] com.zaxxer.hikari.pool.HikariPool        : HikariPool-15 - Added connection com.mysql.cj.jdbc.ConnectionImpl@6b8e3d10
2026-02-07T23:30:15.156+05:30  INFO 21628 --- [studysync-backend] [  restartedMain] com.zaxxer.hikari.HikariDataSource       : HikariPool-15 - Start completed.
2026-02-07T23:30:15.157+05:30  WARN 21628 --- [studysync-backend] [  restartedMain] org.hibernate.orm.deprecation            : HHH90000025: MySQLDialect does not need to be specified explicitly using 'hibernate.dialect' (remove the property setting and it will be selected by default)
2026-02-07T23:30:15.158+05:30  INFO 21628 --- [studysync-backend] [  restartedMain] org.hibernate.orm.connections.pooling    : HHH10001005: Database info:
	Database JDBC URL [Connecting through datasource 'HikariDataSource (HikariPool-15)']
	Database driver: undefined/unknown
	Database version: 8.0.35
	Autocommit mode: undefined/unknown
	Isolation level: undefined/unknown
	Minimum pool size: undefined/unknown
	Maximum pool size: undefined/unknown
2026-02-07T23:30:15.991+05:30  INFO 21628 --- [studysync-backend] [  restartedMain] o.h.e.t.j.p.i.JtaPlatformInitiator       : HHH000489: No JTA platform available (set 'hibernate.transaction.jta.platform' to enable JTA platform integration)
Hibernate: alter table badges modify column target_role enum ('ADMIN','STUDENT','TUTOR')
2026-02-07T23:30:16.141+05:30  INFO 21628 --- [studysync-backend] [  restartedMain] j.LocalContainerEntityManagerFactoryBean : Initialized JPA EntityManagerFactory for persistence unit 'default'
2026-02-07T23:30:17.105+05:30  INFO 21628 --- [studysync-backend] [  restartedMain] r$InitializeUserDetailsManagerConfigurer : Global AuthenticationManager configured with UserDetailsService bean with name userDetailsService
2026-02-07T23:30:17.330+05:30  WARN 21628 --- [studysync-backend] [  restartedMain] ConfigServletWebServerApplicationContext : Exception encountered during context initialization - cancelling refresh attempt: org.springframework.beans.factory.BeanCreationException: Error creating bean with name 'discussionController' defined in file [E:\Studysync new\studysync-backend\target\classes\com\studysync\studysyncbackend\controller\DiscussionController.class]: Unexpected exception during bean creation
2026-02-07T23:30:17.330+05:30  INFO 21628 --- [studysync-backend] [  restartedMain] j.LocalContainerEntityManagerFactoryBean : Closing JPA EntityManagerFactory for persistence unit 'default'
2026-02-07T23:30:17.333+05:30  INFO 21628 --- [studysync-backend] [  restartedMain] com.zaxxer.hikari.HikariDataSource       : HikariPool-15 - Shutdown initiated...
2026-02-07T23:30:17.357+05:30  INFO 21628 --- [studysync-backend] [  restartedMain] com.zaxxer.hikari.HikariDataSource       : HikariPool-15 - Shutdown completed.
2026-02-07T23:30:17.358+05:30  INFO 21628 --- [studysync-backend] [  restartedMain] o.apache.catalina.core.StandardService   : Stopping service [Tomcat]
2026-02-07T23:30:17.374+05:30  INFO 21628 --- [studysync-backend] [  restartedMain] .s.b.a.l.ConditionEvaluationReportLogger : 

Error starting ApplicationContext. To display the condition evaluation report re-run your application with 'debug' enabled.
2026-02-07T23:30:17.381+05:30 ERROR 21628 --- [studysync-backend] [  restartedMain] o.s.boot.SpringApplication               : Application run failed

org.springframework.beans.factory.BeanCreationException: Error creating bean with name 'discussionController' defined in file [E:\Studysync new\studysync-backend\target\classes\com\studysync\studysyncbackend\controller\DiscussionController.class]: Unexpected exception during bean creation
	at org.springframework.beans.factory.support.AbstractAutowireCapableBeanFactory.createBean(AbstractAutowireCapableBeanFactory.java:542) ~[spring-beans-6.2.11.jar:6.2.11]
	at org.springframework.beans.factory.support.AbstractBeanFactory.lambda$doGetBean$0(AbstractBeanFactory.java:339) ~[spring-beans-6.2.11.jar:6.2.11]
	at org.springframework.beans.factory.support.DefaultSingletonBeanRegistry.getSingleton(DefaultSingletonBeanRegistry.java:373) ~[spring-beans-6.2.11.jar:6.2.11]
	at org.springframework.beans.factory.support.AbstractBeanFactory.doGetBean(AbstractBeanFactory.java:337) ~[spring-beans-6.2.11.jar:6.2.11]
	at org.springframework.beans.factory.support.AbstractBeanFactory.getBean(AbstractBeanFactory.java:202) ~[spring-beans-6.2.11.jar:6.2.11]
	at org.springframework.beans.factory.support.DefaultListableBeanFactory.instantiateSingleton(DefaultListableBeanFactory.java:1221) ~[spring-beans-6.2.11.jar:6.2.11]
	at org.springframework.beans.factory.support.DefaultListableBeanFactory.preInstantiateSingleton(DefaultListableBeanFactory.java:1187) ~[spring-beans-6.2.11.jar:6.2.11]
	at org.springframework.beans.factory.support.DefaultListableBeanFactory.preInstantiateSingletons(DefaultListableBeanFactory.java:1123) ~[spring-beans-6.2.11.jar:6.2.11]
	at org.springframework.context.support.AbstractApplicationContext.finishBeanFactoryInitialization(AbstractApplicationContext.java:987) ~[spring-context-6.2.11.jar:6.2.11]
	at org.springframework.context.support.AbstractApplicationContext.refresh(AbstractApplicationContext.java:627) ~[spring-context-6.2.11.jar:6.2.11]
	at org.springframework.boot.web.servlet.context.ServletWebServerApplicationContext.refresh(ServletWebServerApplicationContext.java:146) ~[spring-boot-3.5.6.jar:3.5.6]
	at org.springframework.boot.SpringApplication.refresh(SpringApplication.java:752) ~[spring-boot-3.5.6.jar:3.5.6]
	at org.springframework.boot.SpringApplication.refreshContext(SpringApplication.java:439) ~[spring-boot-3.5.6.jar:3.5.6]
	at org.springframework.boot.SpringApplication.run(SpringApplication.java:318) ~[spring-boot-3.5.6.jar:3.5.6]
	at org.springframework.boot.SpringApplication.run(SpringApplication.java:1361) ~[spring-boot-3.5.6.jar:3.5.6]
	at org.springframework.boot.SpringApplication.run(SpringApplication.java:1350) ~[spring-boot-3.5.6.jar:3.5.6]
	at com.studysync.studysyncbackend.StudysyncBackendApplication.main(StudysyncBackendApplication.java:11) ~[classes/:na]
	at java.base/jdk.internal.reflect.DirectMethodHandleAccessor.invoke(DirectMethodHandleAccessor.java:103) ~[na:na]
	at java.base/java.lang.reflect.Method.invoke(Method.java:580) ~[na:na]
	at org.springframework.boot.devtools.restart.RestartLauncher.run(RestartLauncher.java:50) ~[spring-boot-devtools-3.5.6.jar:3.5.6]
Caused by: java.lang.annotation.AnnotationFormatError: Duplicate annotation for class: interface org.springframework.web.bind.annotation.PostMapping: @org.springframework.web.bind.annotation.PostMapping(path={}, headers={}, name="", produces={}, params={}, value={"/{id}/reply"}, consumes={})
	at java.base/sun.reflect.annotation.AnnotationParser.parseAnnotations2(AnnotationParser.java:126) ~[na:na]
	at java.base/sun.reflect.annotation.AnnotationParser.parseAnnotations(AnnotationParser.java:73) ~[na:na]
	at java.base/java.lang.reflect.Executable.declaredAnnotations(Executable.java:634) ~[na:na]
	at java.base/java.lang.reflect.Executable.declaredAnnotations(Executable.java:632) ~[na:na]
	at java.base/java.lang.reflect.Executable.getAnnotation(Executable.java:600) ~[na:na]
	at java.base/java.lang.reflect.Method.getAnnotation(Method.java:793) ~[na:na]
	at org.springframework.beans.factory.annotation.AutowiredAnnotationBeanPostProcessor.lambda$checkLookupMethods$0(AutowiredAnnotationBeanPostProcessor.java:477) ~[spring-beans-6.2.11.jar:6.2.11]
	at org.springframework.util.ReflectionUtils.doWithLocalMethods(ReflectionUtils.java:323) ~[spring-core-6.2.11.jar:6.2.11]
	at org.springframework.beans.factory.annotation.AutowiredAnnotationBeanPostProcessor.checkLookupMethods(AutowiredAnnotationBeanPostProcessor.java:476) ~[spring-beans-6.2.11.jar:6.2.11]
	at org.springframework.beans.factory.annotation.AutowiredAnnotationBeanPostProcessor.determineCandidateConstructors(AutowiredAnnotationBeanPostProcessor.java:368) ~[spring-beans-6.2.11.jar:6.2.11]
	at org.springframework.beans.factory.support.AbstractAutowireCapableBeanFactory.determineConstructorsFromBeanPostProcessors(AbstractAutowireCapableBeanFactory.java:1334) ~[spring-beans-6.2.11.jar:6.2.11]
	at org.springframework.beans.factory.support.AbstractAutowireCapableBeanFactory.createBeanInstance(AbstractAutowireCapableBeanFactory.java:1229) ~[spring-beans-6.2.11.jar:6.2.11]
	at org.springframework.beans.factory.support.AbstractAutowireCapableBeanFactory.doCreateBean(AbstractAutowireCapableBeanFactory.java:569) ~[spring-beans-6.2.11.jar:6.2.11]
	at org.springframework.beans.factory.support.AbstractAutowireCapableBeanFactory.createBean(AbstractAutowireCapableBeanFactory.java:529) ~[spring-beans-6.2.11.jar:6.2.11]
	... 19 common frames omitted

