Apache Maven 3.9.6 (bc0240f3c744dd6b6ec2920b3cd08dcc295161ae)
Maven home: C:\apache-maven-3.9.6
Java version: 21.0.1, vendor: Oracle Corporation, runtime: C:\Program Files\Java\jdk-21
Default locale: en_IN, platform encoding: UTF-8
OS name: "windows 11", version: "10.0", arch: "amd64", family: "windows"
[DEBUG] Created new class realm maven.api
[DEBUG] Importing foreign packages into class realm maven.api
[DEBUG]   Imported: javax.annotation.* < plexus.core
[DEBUG]   Imported: javax.annotation.security.* < plexus.core
[DEBUG]   Imported: javax.inject.* < plexus.core
[DEBUG]   Imported: org.apache.maven.* < plexus.core
[DEBUG]   Imported: org.apache.maven.artifact < plexus.core
[DEBUG]   Imported: org.apache.maven.classrealm < plexus.core
[DEBUG]   Imported: org.apache.maven.cli < plexus.core
[DEBUG]   Imported: org.apache.maven.configuration < plexus.core
[DEBUG]   Imported: org.apache.maven.exception < plexus.core
[DEBUG]   Imported: org.apache.maven.execution < plexus.core
[DEBUG]   Imported: org.apache.maven.execution.scope < plexus.core
[DEBUG]   Imported: org.apache.maven.graph < plexus.core
[DEBUG]   Imported: org.apache.maven.lifecycle < plexus.core
[DEBUG]   Imported: org.apache.maven.model < plexus.core
[DEBUG]   Imported: org.apache.maven.monitor < plexus.core
[DEBUG]   Imported: org.apache.maven.plugin < plexus.core
[DEBUG]   Imported: org.apache.maven.profiles < plexus.core
[DEBUG]   Imported: org.apache.maven.project < plexus.core
[DEBUG]   Imported: org.apache.maven.reporting < plexus.core
[DEBUG]   Imported: org.apache.maven.repository < plexus.core
[DEBUG]   Imported: org.apache.maven.rtinfo < plexus.core
[DEBUG]   Imported: org.apache.maven.settings < plexus.core
[DEBUG]   Imported: org.apache.maven.toolchain < plexus.core
[DEBUG]   Imported: org.apache.maven.usability < plexus.core
[DEBUG]   Imported: org.apache.maven.wagon.* < plexus.core
[DEBUG]   Imported: org.apache.maven.wagon.authentication < plexus.core
[DEBUG]   Imported: org.apache.maven.wagon.authorization < plexus.core
[DEBUG]   Imported: org.apache.maven.wagon.events < plexus.core
[DEBUG]   Imported: org.apache.maven.wagon.observers < plexus.core
[DEBUG]   Imported: org.apache.maven.wagon.proxy < plexus.core
[DEBUG]   Imported: org.apache.maven.wagon.repository < plexus.core
[DEBUG]   Imported: org.apache.maven.wagon.resource < plexus.core
[DEBUG]   Imported: org.codehaus.classworlds < plexus.core
[DEBUG]   Imported: org.codehaus.plexus.* < plexus.core
[DEBUG]   Imported: org.codehaus.plexus.classworlds < plexus.core
[DEBUG]   Imported: org.codehaus.plexus.component < plexus.core
[DEBUG]   Imported: org.codehaus.plexus.configuration < plexus.core
[DEBUG]   Imported: org.codehaus.plexus.container < plexus.core
[DEBUG]   Imported: org.codehaus.plexus.context < plexus.core
[DEBUG]   Imported: org.codehaus.plexus.lifecycle < plexus.core
[DEBUG]   Imported: org.codehaus.plexus.logging < plexus.core
[DEBUG]   Imported: org.codehaus.plexus.personality < plexus.core
[DEBUG]   Imported: org.codehaus.plexus.util.xml.Xpp3Dom < plexus.core
[DEBUG]   Imported: org.codehaus.plexus.util.xml.pull.XmlPullParser < plexus.core
[DEBUG]   Imported: org.codehaus.plexus.util.xml.pull.XmlPullParserException < plexus.core
[DEBUG]   Imported: org.codehaus.plexus.util.xml.pull.XmlSerializer < plexus.core
[DEBUG]   Imported: org.eclipse.aether.* < plexus.core
[DEBUG]   Imported: org.eclipse.aether.artifact < plexus.core
[DEBUG]   Imported: org.eclipse.aether.collection < plexus.core
[DEBUG]   Imported: org.eclipse.aether.deployment < plexus.core
[DEBUG]   Imported: org.eclipse.aether.graph < plexus.core
[DEBUG]   Imported: org.eclipse.aether.impl < plexus.core
[DEBUG]   Imported: org.eclipse.aether.installation < plexus.core
[DEBUG]   Imported: org.eclipse.aether.internal.impl < plexus.core
[DEBUG]   Imported: org.eclipse.aether.metadata < plexus.core
[DEBUG]   Imported: org.eclipse.aether.repository < plexus.core
[DEBUG]   Imported: org.eclipse.aether.resolution < plexus.core
[DEBUG]   Imported: org.eclipse.aether.spi < plexus.core
[DEBUG]   Imported: org.eclipse.aether.transfer < plexus.core
[DEBUG]   Imported: org.eclipse.aether.util < plexus.core
[DEBUG]   Imported: org.eclipse.aether.version < plexus.core
[DEBUG]   Imported: org.fusesource.jansi.* < plexus.core
[DEBUG]   Imported: org.slf4j.* < plexus.core
[DEBUG]   Imported: org.slf4j.event.* < plexus.core
[DEBUG]   Imported: org.slf4j.helpers.* < plexus.core
[DEBUG]   Imported: org.slf4j.spi.* < plexus.core
[DEBUG] Populating class realm maven.api
[DEBUG] Created adapter factory; available factories [file-lock, rwlock-local, semaphore-local, noop]; available name mappers [discriminating, file-gav, file-hgav, file-static, gav, static]
[INFO] Error stacktraces are turned on.
[DEBUG] Message scheme: color
[DEBUG] Message styles: debug info warning error success failure strong mojo project
[DEBUG] Reading global settings from C:\apache-maven-3.9.6\conf\settings.xml
[DEBUG] Reading user settings from C:\Users\harsh\.m2\settings.xml
[DEBUG] Reading global toolchains from C:\apache-maven-3.9.6\conf\toolchains.xml
[DEBUG] Reading user toolchains from C:\Users\harsh\.m2\toolchains.xml
[DEBUG] Using local repository at C:\Users\harsh\.m2\repository
[DEBUG] Using manager EnhancedLocalRepositoryManager with priority 10.0 for C:\Users\harsh\.m2\repository
[INFO] Scanning for projects...
[DEBUG] Creating adapter using nameMapper 'gav' and factory 'rwlock-local'
[DEBUG] Extension realms for project com.studysync:studysync-backend:jar:0.0.1-SNAPSHOT: (none)
[DEBUG] Looking up lifecycle mappings for packaging jar from ClassRealm[plexus.core, parent: null]
[DEBUG] Extension realms for project org.springframework.boot:spring-boot-starter-parent:pom:3.5.6: (none)
[DEBUG] Looking up lifecycle mappings for packaging pom from ClassRealm[plexus.core, parent: null]
[DEBUG] Extension realms for project org.springframework.boot:spring-boot-dependencies:pom:3.5.6: (none)
[DEBUG] Looking up lifecycle mappings for packaging pom from ClassRealm[plexus.core, parent: null]
[DEBUG] === REACTOR BUILD PLAN ================================================
[DEBUG] Project: com.studysync:studysync-backend:jar:0.0.1-SNAPSHOT
[DEBUG] Tasks:   [clean, compile]
[DEBUG] Style:   Regular
[DEBUG] =======================================================================
[INFO] 
[INFO] ------------------< com.studysync:studysync-backend >-------------------
[INFO] Building studysync-backend 0.0.1-SNAPSHOT
[INFO]   from pom.xml
[INFO] --------------------------------[ jar ]---------------------------------
[DEBUG] Lifecycle clean -> [pre-clean, clean, post-clean]
[DEBUG] Lifecycle default -> [validate, initialize, generate-sources, process-sources, generate-resources, process-resources, compile, process-classes, generate-test-sources, process-test-sources, generate-test-resources, process-test-resources, test-compile, process-test-classes, test, prepare-package, package, pre-integration-test, integration-test, post-integration-test, verify, install, deploy]
[DEBUG] Lifecycle site -> [pre-site, site, post-site, site-deploy]
[DEBUG] Lifecycle clean -> [pre-clean, clean, post-clean]
[DEBUG] Lifecycle default -> [validate, initialize, generate-sources, process-sources, generate-resources, process-resources, compile, process-classes, generate-test-sources, process-test-sources, generate-test-resources, process-test-resources, test-compile, process-test-classes, test, prepare-package, package, pre-integration-test, integration-test, post-integration-test, verify, install, deploy]
[DEBUG] Lifecycle site -> [pre-site, site, post-site, site-deploy]
[DEBUG] Lifecycle clean -> [pre-clean, clean, post-clean]
[DEBUG] Lifecycle default -> [validate, initialize, generate-sources, process-sources, generate-resources, process-resources, compile, process-classes, generate-test-sources, process-test-sources, generate-test-resources, process-test-resources, test-compile, process-test-classes, test, prepare-package, package, pre-integration-test, integration-test, post-integration-test, verify, install, deploy]
[DEBUG] Lifecycle site -> [pre-site, site, post-site, site-deploy]
[DEBUG] Lifecycle clean -> [pre-clean, clean, post-clean]
[DEBUG] Lifecycle default -> [validate, initialize, generate-sources, process-sources, generate-resources, process-resources, compile, process-classes, generate-test-sources, process-test-sources, generate-test-resources, process-test-resources, test-compile, process-test-classes, test, prepare-package, package, pre-integration-test, integration-test, post-integration-test, verify, install, deploy]
[DEBUG] Lifecycle site -> [pre-site, site, post-site, site-deploy]
[DEBUG] Lifecycle clean -> [pre-clean, clean, post-clean]
[DEBUG] Lifecycle default -> [validate, initialize, generate-sources, process-sources, generate-resources, process-resources, compile, process-classes, generate-test-sources, process-test-sources, generate-test-resources, process-test-resources, test-compile, process-test-classes, test, prepare-package, package, pre-integration-test, integration-test, post-integration-test, verify, install, deploy]
[DEBUG] Lifecycle site -> [pre-site, site, post-site, site-deploy]
[DEBUG] Lifecycle clean -> [pre-clean, clean, post-clean]
[DEBUG] Lifecycle default -> [validate, initialize, generate-sources, process-sources, generate-resources, process-resources, compile, process-classes, generate-test-sources, process-test-sources, generate-test-resources, process-test-resources, test-compile, process-test-classes, test, prepare-package, package, pre-integration-test, integration-test, post-integration-test, verify, install, deploy]
[DEBUG] Lifecycle site -> [pre-site, site, post-site, site-deploy]
[DEBUG] === PROJECT BUILD PLAN ================================================
[DEBUG] Project:       com.studysync:studysync-backend:0.0.1-SNAPSHOT
[DEBUG] Dependencies (collect): []
[DEBUG] Dependencies (resolve): [compile, runtime]
[DEBUG] Repositories (dependencies): [central (https://repo.maven.apache.org/maven2, default, releases)]
[DEBUG] Repositories (plugins)     : [central (https://repo.maven.apache.org/maven2, default, releases)]
[DEBUG] -----------------------------------------------------------------------
[DEBUG] Goal:          org.apache.maven.plugins:maven-clean-plugin:3.4.1:clean (default-clean)
[DEBUG] Style:         Regular
[DEBUG] Configuration: <?xml version="1.0" encoding="UTF-8"?>
<configuration>
  <directory default-value="${project.build.directory}"/>
  <excludeDefaultDirectories default-value="false">${maven.clean.excludeDefaultDirectories}</excludeDefaultDirectories>
  <failOnError default-value="true">${maven.clean.failOnError}</failOnError>
  <fast default-value="false">${maven.clean.fast}</fast>
  <fastDir>${maven.clean.fastDir}</fastDir>
  <fastMode default-value="background">${maven.clean.fastMode}</fastMode>
  <followSymLinks default-value="false">${maven.clean.followSymLinks}</followSymLinks>
  <outputDirectory default-value="${project.build.outputDirectory}"/>
  <reportDirectory default-value="${project.build.outputDirectory}"/>
  <retryOnError default-value="true">${maven.clean.retryOnError}</retryOnError>
  <session default-value="${session}"/>
  <skip default-value="false">${maven.clean.skip}</skip>
  <testOutputDirectory default-value="${project.build.testOutputDirectory}"/>
  <verbose>${maven.clean.verbose}</verbose>
</configuration>
[DEBUG] -----------------------------------------------------------------------
[DEBUG] Goal:          org.jacoco:jacoco-maven-plugin:0.8.10:prepare-agent (prepare-agent)
[DEBUG] Style:         Regular
[DEBUG] Configuration: <?xml version="1.0" encoding="UTF-8"?>
<configuration>
  <address>${jacoco.address}</address>
  <append>${jacoco.append}</append>
  <classDumpDir>${jacoco.classDumpDir}</classDumpDir>
  <destFile default-value="${project.build.directory}/jacoco.exec">${jacoco.destFile}</destFile>
  <dumpOnExit>${jacoco.dumpOnExit}</dumpOnExit>
  <exclClassLoaders>${jacoco.exclClassLoaders}</exclClassLoaders>
  <inclBootstrapClasses>${jacoco.inclBootstrapClasses}</inclBootstrapClasses>
  <inclNoLocationClasses>${jacoco.inclNoLocationClasses}</inclNoLocationClasses>
  <jmx>${jacoco.jmx}</jmx>
  <output>${jacoco.output}</output>
  <pluginArtifactMap>${plugin.artifactMap}</pluginArtifactMap>
  <port>${jacoco.port}</port>
  <project>${project}</project>
  <propertyName>${jacoco.propertyName}</propertyName>
  <sessionId>${jacoco.sessionId}</sessionId>
  <skip default-value="false">${jacoco.skip}</skip>
</configuration>
[DEBUG] -----------------------------------------------------------------------
[DEBUG] Goal:          org.apache.maven.plugins:maven-resources-plugin:3.3.1:resources (default-resources)
[DEBUG] Style:         Regular
[DEBUG] Configuration: <?xml version="1.0" encoding="UTF-8"?>
<configuration>
  <addDefaultExcludes default-value="true"/>
  <buildFilters default-value="${project.build.filters}"/>
  <delimiters>
    <delimiter>@</delimiter>
  </delimiters>
  <encoding default-value="${project.build.sourceEncoding}"/>
  <escapeWindowsPaths default-value="true"/>
  <fileNameFiltering default-value="false"/>
  <includeEmptyDirs default-value="false"/>
  <outputDirectory default-value="${project.build.outputDirectory}"/>
  <overwrite default-value="false"/>
  <project default-value="${project}"/>
  <propertiesEncoding>UTF-8</propertiesEncoding>
  <resources default-value="${project.resources}"/>
  <session default-value="${session}"/>
  <skip default-value="false">${maven.resources.skip}</skip>
  <supportMultiLineFiltering default-value="false"/>
  <useBuildFilters default-value="true"/>
  <useDefaultDelimiters default-value="true">false</useDefaultDelimiters>
</configuration>
[DEBUG] -----------------------------------------------------------------------
[DEBUG] Goal:          org.apache.maven.plugins:maven-compiler-plugin:3.14.0:compile (default-compile)
[DEBUG] Style:         Regular
[DEBUG] Configuration: <?xml version="1.0" encoding="UTF-8"?>
<configuration>
  <annotationProcessorPaths>
    <path>
      <groupId>org.projectlombok</groupId>
      <artifactId>lombok</artifactId>
      <version>1.18.40</version>
    </path>
    <path>
      <groupId>org.springframework.boot</groupId>
      <artifactId>spring-boot-configuration-processor</artifactId>
      <version>3.5.6</version>
    </path>
  </annotationProcessorPaths>
  <annotationProcessorPathsUseDepMgmt default-value="false"/>
  <basedir default-value="${basedir}"/>
  <buildDirectory default-value="${project.build.directory}"/>
  <compilePath default-value="${project.compileClasspathElements}"/>
  <compileSourceRoots default-value="${project.compileSourceRoots}"/>
  <compilerId default-value="javac">${maven.compiler.compilerId}</compilerId>
  <compilerReuseStrategy default-value="${reuseCreated}">${maven.compiler.compilerReuseStrategy}</compilerReuseStrategy>
  <compilerVersion>${maven.compiler.compilerVersion}</compilerVersion>
  <createMissingPackageInfoClass default-value="true">${maven.compiler.createMissingPackageInfoClass}</createMissingPackageInfoClass>
  <debug default-value="true">${maven.compiler.debug}</debug>
  <debugFileName default-value="javac"/>
  <debuglevel>${maven.compiler.debuglevel}</debuglevel>
  <enablePreview default-value="false">${maven.compiler.enablePreview}</enablePreview>
  <encoding default-value="${project.build.sourceEncoding}">${encoding}</encoding>
  <executable>${maven.compiler.executable}</executable>
  <failOnError default-value="true">${maven.compiler.failOnError}</failOnError>
  <failOnWarning default-value="false">${maven.compiler.failOnWarning}</failOnWarning>
  <fileExtensions default-value="class,jar"/>
  <forceJavacCompilerUse default-value="false">${maven.compiler.forceJavacCompilerUse}</forceJavacCompilerUse>
  <forceLegacyJavacApi default-value="false">${maven.compiler.forceLegacyJavacApi}</forceLegacyJavacApi>
  <fork default-value="false">${maven.compiler.fork}</fork>
  <generatedSourcesDirectory default-value="${project.build.directory}/generated-sources/annotations"/>
  <implicit>${maven.compiler.implicit}</implicit>
  <maxmem>${maven.compiler.maxmem}</maxmem>
  <meminitial>${maven.compiler.meminitial}</meminitial>
  <moduleVersion default-value="${project.version}">${maven.compiler.moduleVersion}</moduleVersion>
  <mojoExecution default-value="${mojoExecution}"/>
  <optimize default-value="false">${maven.compiler.optimize}</optimize>
  <outputDirectory default-value="${project.build.outputDirectory}">${maven.compiler.outputDirectory}</outputDirectory>
  <outputTimestamp default-value="${project.build.outputTimestamp}"/>
  <parameters default-value="false">true</parameters>
  <proc>${maven.compiler.proc}</proc>
  <project default-value="${project}"/>
  <projectArtifact default-value="${project.artifact}"/>
  <release>${maven.compiler.release}</release>
  <session default-value="${session}"/>
  <showCompilationChanges default-value="false">${maven.compiler.showCompilationChanges}</showCompilationChanges>
  <showDeprecation default-value="false">${maven.compiler.showDeprecation}</showDeprecation>
  <showWarnings default-value="true">${maven.compiler.showWarnings}</showWarnings>
  <skipMain>${maven.main.skip}</skipMain>
  <skipMultiThreadWarning default-value="false">${maven.compiler.skipMultiThreadWarning}</skipMultiThreadWarning>
  <source default-value="1.8">${maven.compiler.source}</source>
  <staleMillis default-value="0">${lastModGranularityMs}</staleMillis>
  <target default-value="1.8">${maven.compiler.target}</target>
  <useIncrementalCompilation default-value="true">${maven.compiler.useIncrementalCompilation}</useIncrementalCompilation>
  <verbose default-value="false">${maven.compiler.verbose}</verbose>
</configuration>
[DEBUG] =======================================================================
[DEBUG] Using mirror maven-default-http-blocker (http://0.0.0.0/) for vaadin-snapshots (http://oss.sonatype.org/content/repositories/vaadin-snapshots/).
[DEBUG] Using mirror maven-default-http-blocker (http://0.0.0.0/) for vaadin-releases (http://oss.sonatype.org/content/repositories/vaadin-releases/).
[DEBUG] Using mirror maven-default-http-blocker (http://0.0.0.0/) for apache.snapshots (http://repository.apache.org/snapshots).
[DEBUG] Dependency collection stats {ConflictMarker.analyzeTime=3139300, ConflictMarker.markTime=720100, ConflictMarker.nodeCount=288, ConflictIdSorter.graphTime=1609700, ConflictIdSorter.topsortTime=1212200, ConflictIdSorter.conflictIdCount=141, ConflictIdSorter.conflictIdCycleCount=0, ConflictResolver.totalTime=20893000, ConflictResolver.conflictItemCount=282, DfDependencyCollector.collectTime=851159800, DfDependencyCollector.transformTime=30664700}
[DEBUG] com.studysync:studysync-backend:jar:0.0.1-SNAPSHOT
[DEBUG]    org.springframework.boot:spring-boot-starter-actuator:jar:3.5.6:compile
[DEBUG]       org.springframework.boot:spring-boot-starter:jar:3.5.6:compile (version managed from 3.5.6)
[DEBUG]          org.springframework.boot:spring-boot-starter-logging:jar:3.5.6:compile (version managed from 3.5.6)
[DEBUG]             ch.qos.logback:logback-classic:jar:1.5.18:compile (version managed from 1.5.18)
[DEBUG]                ch.qos.logback:logback-core:jar:1.5.18:compile (version managed from 1.5.18)
[DEBUG]             org.apache.logging.log4j:log4j-to-slf4j:jar:2.24.3:compile (version managed from 2.24.3)
[DEBUG]                org.apache.logging.log4j:log4j-api:jar:2.24.3:compile (version managed from 2.24.3)
[DEBUG]             org.slf4j:jul-to-slf4j:jar:2.0.17:compile (version managed from 2.0.17)
[DEBUG]          jakarta.annotation:jakarta.annotation-api:jar:2.1.1:compile (version managed from 2.1.1)
[DEBUG]          org.yaml:snakeyaml:jar:2.4:compile (version managed from 2.4)
[DEBUG]       org.springframework.boot:spring-boot-actuator-autoconfigure:jar:3.5.6:compile (version managed from 3.5.6)
[DEBUG]          org.springframework.boot:spring-boot-actuator:jar:3.5.6:compile (version managed from 3.5.6)
[DEBUG]          com.fasterxml.jackson.datatype:jackson-datatype-jsr310:jar:2.19.2:compile (version managed from 2.19.2)
[DEBUG]       io.micrometer:micrometer-observation:jar:1.15.4:compile (version managed from 1.15.4)
[DEBUG]          io.micrometer:micrometer-commons:jar:1.15.4:compile (version managed from 1.15.4)
[DEBUG]       io.micrometer:micrometer-jakarta9:jar:1.15.4:compile (version managed from 1.15.4)
[DEBUG]          io.micrometer:micrometer-core:jar:1.15.4:compile (version managed from 1.15.4)
[DEBUG]             org.hdrhistogram:HdrHistogram:jar:2.2.2:runtime
[DEBUG]             org.latencyutils:LatencyUtils:jar:2.0.3:runtime
[DEBUG]    org.springframework.boot:spring-boot-starter-data-jpa:jar:3.5.6:compile
[DEBUG]       org.springframework.boot:spring-boot-starter-jdbc:jar:3.5.6:compile (version managed from 3.5.6)
[DEBUG]          com.zaxxer:HikariCP:jar:6.3.3:compile (version managed from 6.3.3)
[DEBUG]          org.springframework:spring-jdbc:jar:6.2.11:compile (version managed from 6.2.11)
[DEBUG]       org.hibernate.orm:hibernate-core:jar:6.6.29.Final:compile (version managed from 6.6.29.Final)
[DEBUG]          jakarta.persistence:jakarta.persistence-api:jar:3.1.0:compile (version managed from 3.1.0)
[DEBUG]          jakarta.transaction:jakarta.transaction-api:jar:2.0.1:compile (version managed from 2.0.1)
[DEBUG]          org.jboss.logging:jboss-logging:jar:3.6.1.Final:compile (version managed from 3.5.0.Final)
[DEBUG]          org.hibernate.common:hibernate-commons-annotations:jar:7.0.3.Final:runtime
[DEBUG]          io.smallrye:jandex:jar:3.2.0:runtime
[DEBUG]          com.fasterxml:classmate:jar:1.7.0:compile (version managed from 1.5.1)
[DEBUG]          net.bytebuddy:byte-buddy:jar:1.17.7:runtime (version managed from 1.15.11)
[DEBUG]          org.glassfish.jaxb:jaxb-runtime:jar:4.0.5:runtime (version managed from 4.0.2)
[DEBUG]             org.glassfish.jaxb:jaxb-core:jar:4.0.5:runtime (version managed from 4.0.5)
[DEBUG]                org.glassfish.jaxb:txw2:jar:4.0.5:runtime (version managed from 4.0.5)
[DEBUG]                com.sun.istack:istack-commons-runtime:jar:4.1.2:runtime (version managed from 4.1.2)
[DEBUG]          jakarta.inject:jakarta.inject-api:jar:2.0.1:runtime (version managed from 2.0.1)
[DEBUG]          org.antlr:antlr4-runtime:jar:4.13.0:compile
[DEBUG]       org.springframework.data:spring-data-jpa:jar:3.5.4:compile (version managed from 3.5.4)
[DEBUG]          org.springframework.data:spring-data-commons:jar:3.5.4:compile (version managed from 3.5.4)
[DEBUG]          org.springframework:spring-orm:jar:6.2.11:compile (version managed from 6.2.11)
[DEBUG]          org.springframework:spring-context:jar:6.2.11:compile (version managed from 6.2.11)
[DEBUG]          org.springframework:spring-tx:jar:6.2.11:compile (version managed from 6.2.11)
[DEBUG]          org.springframework:spring-beans:jar:6.2.11:compile (version managed from 6.2.11)
[DEBUG]          org.slf4j:slf4j-api:jar:2.0.17:compile (version managed from 2.0.2)
[DEBUG]       org.springframework:spring-aspects:jar:6.2.11:compile (version managed from 6.2.11)
[DEBUG]          org.aspectj:aspectjweaver:jar:1.9.24:compile (version managed from 1.9.22.1)
[DEBUG]    org.springframework.boot:spring-boot-configuration-processor:jar:3.5.6:compile (optional)
[DEBUG]    org.springframework.boot:spring-boot-starter-security:jar:3.5.6:compile
[DEBUG]       org.springframework:spring-aop:jar:6.2.11:compile (version managed from 6.2.11)
[DEBUG]       org.springframework.security:spring-security-config:jar:6.5.5:compile (version managed from 6.5.5)
[DEBUG]       org.springframework.security:spring-security-web:jar:6.5.5:compile (version managed from 6.5.5)
[DEBUG]          org.springframework:spring-expression:jar:6.2.11:compile (version managed from 6.2.11)
[DEBUG]    org.springframework.boot:spring-boot-starter-validation:jar:3.5.6:compile
[DEBUG]       org.apache.tomcat.embed:tomcat-embed-el:jar:10.1.46:compile (version managed from 10.1.46)
[DEBUG]       org.hibernate.validator:hibernate-validator:jar:8.0.3.Final:compile (version managed from 8.0.3.Final)
[DEBUG]          jakarta.validation:jakarta.validation-api:jar:3.0.2:compile (version managed from 3.0.2)
[DEBUG]    org.springframework.boot:spring-boot-starter-web:jar:3.5.6:compile
[DEBUG]       org.springframework.boot:spring-boot-starter-json:jar:3.5.6:compile (version managed from 3.5.6)
[DEBUG]          com.fasterxml.jackson.datatype:jackson-datatype-jdk8:jar:2.19.2:compile (version managed from 2.19.2)
[DEBUG]          com.fasterxml.jackson.module:jackson-module-parameter-names:jar:2.19.2:compile (version managed from 2.19.2)
[DEBUG]       org.springframework.boot:spring-boot-starter-tomcat:jar:3.5.6:compile (version managed from 3.5.6)
[DEBUG]          org.apache.tomcat.embed:tomcat-embed-core:jar:10.1.46:compile (version managed from 10.1.46)
[DEBUG]          org.apache.tomcat.embed:tomcat-embed-websocket:jar:10.1.46:compile (version managed from 10.1.46)
[DEBUG]       org.springframework:spring-web:jar:6.2.11:compile (version managed from 6.2.11)
[DEBUG]       org.springframework:spring-webmvc:jar:6.2.11:compile (version managed from 6.2.11)
[DEBUG]    org.springframework.boot:spring-boot-devtools:jar:3.5.6:runtime (optional)
[DEBUG]       org.springframework.boot:spring-boot:jar:3.5.6:compile (version managed from 3.5.6)
[DEBUG]       org.springframework.boot:spring-boot-autoconfigure:jar:3.5.6:compile (version managed from 3.5.6)
[DEBUG]    com.mysql:mysql-connector-j:jar:9.4.0:runtime (exclusions managed from [com.google.protobuf:protobuf-java:*:*])
[DEBUG]    com.github.librepdf:openpdf:jar:1.3.30:compile
[DEBUG]       com.google.code.findbugs:jsr305:jar:3.0.2:compile
[DEBUG]    org.projectlombok:lombok:jar:1.18.40:compile (optional)
[DEBUG]    org.springframework.boot:spring-boot-starter-test:jar:3.5.6:test
[DEBUG]       org.springframework.boot:spring-boot-test:jar:3.5.6:test (version managed from 3.5.6)
[DEBUG]       org.springframework.boot:spring-boot-test-autoconfigure:jar:3.5.6:test (version managed from 3.5.6)
[DEBUG]       com.jayway.jsonpath:json-path:jar:2.9.0:test (version managed from 2.9.0)
[DEBUG]       jakarta.xml.bind:jakarta.xml.bind-api:jar:4.0.2:runtime (version managed from 4.0.2)
[DEBUG]          jakarta.activation:jakarta.activation-api:jar:2.1.4:compile (version managed from 2.1.3)
[DEBUG]       net.minidev:json-smart:jar:2.5.2:test (version managed from 2.5.2)
[DEBUG]          net.minidev:accessors-smart:jar:2.5.2:test
[DEBUG]             org.ow2.asm:asm:jar:9.7.1:test
[DEBUG]       org.assertj:assertj-core:jar:3.27.4:test (version managed from 3.27.4)
[DEBUG]       org.awaitility:awaitility:jar:4.2.2:test (version managed from 4.2.2)
[DEBUG]       org.hamcrest:hamcrest:jar:3.0:test (version managed from 3.0)
[DEBUG]       org.junit.jupiter:junit-jupiter:jar:5.12.2:test (version managed from 5.12.2)
[DEBUG]          org.junit.jupiter:junit-jupiter-api:jar:5.12.2:test (version managed from 5.12.2)
[DEBUG]             org.opentest4j:opentest4j:jar:1.3.0:test
[DEBUG]             org.junit.platform:junit-platform-commons:jar:1.12.2:test (version managed from 1.12.2)
[DEBUG]             org.apiguardian:apiguardian-api:jar:1.1.2:test
[DEBUG]          org.junit.jupiter:junit-jupiter-params:jar:5.12.2:test (version managed from 5.12.2)
[DEBUG]          org.junit.jupiter:junit-jupiter-engine:jar:5.12.2:test (version managed from 5.12.2)
[DEBUG]             org.junit.platform:junit-platform-engine:jar:1.12.2:test (version managed from 1.12.2)
[DEBUG]       org.mockito:mockito-core:jar:5.17.0:test (version managed from 5.17.0)
[DEBUG]          net.bytebuddy:byte-buddy-agent:jar:1.17.7:test (version managed from 1.15.11)
[DEBUG]          org.objenesis:objenesis:jar:3.3:test
[DEBUG]       org.mockito:mockito-junit-jupiter:jar:5.17.0:test (version managed from 5.17.0)
[DEBUG]       org.skyscreamer:jsonassert:jar:1.5.3:test (version managed from 1.5.3)
[DEBUG]          com.vaadin.external.google:android-json:jar:0.0.20131108.vaadin1:test
[DEBUG]       org.springframework:spring-core:jar:6.2.11:compile (version managed from 6.2.11)
[DEBUG]          org.springframework:spring-jcl:jar:6.2.11:compile (version managed from 6.2.11)
[DEBUG]       org.springframework:spring-test:jar:6.2.11:test (version managed from 6.2.11)
[DEBUG]       org.xmlunit:xmlunit-core:jar:2.10.4:test (version managed from 2.10.4)
[DEBUG]    org.springframework.security:spring-security-test:jar:6.5.5:test
[DEBUG]       org.springframework.security:spring-security-core:jar:6.5.5:compile (version managed from 6.5.5)
[DEBUG]          org.springframework.security:spring-security-crypto:jar:6.5.5:compile (version managed from 6.5.5)
[DEBUG]    org.testcontainers:junit-jupiter:jar:1.19.0:test
[DEBUG]       org.testcontainers:testcontainers:jar:1.21.3:test (version managed from 1.19.0)
[DEBUG]          junit:junit:jar:4.13.2:test (version managed from 4.13.2)
[DEBUG]             org.hamcrest:hamcrest-core:jar:3.0:test (version managed from 1.3)
[DEBUG]          org.apache.commons:commons-compress:jar:1.24.0:test
[DEBUG]          org.rnorth.duct-tape:duct-tape:jar:1.0.8:test
[DEBUG]             org.jetbrains:annotations:jar:17.0.0:test
[DEBUG]          com.github.docker-java:docker-java-api:jar:3.4.2:test
[DEBUG]          com.github.docker-java:docker-java-transport-zerodep:jar:3.4.2:test
[DEBUG]             com.github.docker-java:docker-java-transport:jar:3.4.2:test
[DEBUG]             net.java.dev.jna:jna:jar:5.13.0:test
[DEBUG]    org.testcontainers:mysql:jar:1.19.0:test
[DEBUG]       org.testcontainers:jdbc:jar:1.21.3:test (version managed from 1.19.0)
[DEBUG]          org.testcontainers:database-commons:jar:1.21.3:test (version managed from 1.21.3)
[DEBUG]    io.jsonwebtoken:jjwt-api:jar:0.11.5:compile
[DEBUG]    io.jsonwebtoken:jjwt-impl:jar:0.11.5:runtime
[DEBUG]    io.jsonwebtoken:jjwt-jackson:jar:0.11.5:runtime
[DEBUG]       com.fasterxml.jackson.core:jackson-databind:jar:2.19.2:compile (version managed from 2.12.6.1)
[DEBUG]          com.fasterxml.jackson.core:jackson-annotations:jar:2.19.2:compile (version managed from 2.19.2)
[DEBUG]          com.fasterxml.jackson.core:jackson-core:jar:2.19.2:compile (version managed from 2.19.2)
[DEBUG]    com.cloudinary:cloudinary-http45:jar:1.38.0:compile
[DEBUG]       com.cloudinary:cloudinary-core:jar:1.38.0:compile
[DEBUG]       org.apache.commons:commons-lang3:jar:3.17.0:compile (version managed from 3.1)
[DEBUG]       org.apache.httpcomponents:httpclient:jar:4.5.13:compile
[DEBUG]          org.apache.httpcomponents:httpcore:jar:4.4.16:compile (version managed from 4.4.13)
[DEBUG]          commons-logging:commons-logging:jar:1.2:compile
[DEBUG]          commons-codec:commons-codec:jar:1.18.0:compile (version managed from 1.11)
[DEBUG]       org.apache.httpcomponents:httpmime:jar:4.5.13:compile
[DEBUG]    com.bucket4j:bucket4j-core:jar:8.7.0:compile
[DEBUG]    org.springframework.boot:spring-boot-starter-websocket:jar:3.5.6:compile
[DEBUG]       org.springframework:spring-messaging:jar:6.2.11:compile (version managed from 6.2.11)
[DEBUG]       org.springframework:spring-websocket:jar:6.2.11:compile (version managed from 6.2.11)
[DEBUG]    org.springframework.boot:spring-boot-starter-mail:jar:3.5.6:compile
[DEBUG]       org.springframework:spring-context-support:jar:6.2.11:compile (version managed from 6.2.11)
[DEBUG]       org.eclipse.angus:jakarta.mail:jar:2.0.4:compile (version managed from 2.0.4)
[DEBUG]          org.eclipse.angus:angus-activation:jar:2.0.2:runtime (version managed from 2.0.2)
[INFO] 
[INFO] --- clean:3.4.1:clean (default-clean) @ studysync-backend ---
[DEBUG] Dependency collection stats {ConflictMarker.analyzeTime=137700, ConflictMarker.markTime=42200, ConflictMarker.nodeCount=2, ConflictIdSorter.graphTime=77200, ConflictIdSorter.topsortTime=14700, ConflictIdSorter.conflictIdCount=2, ConflictIdSorter.conflictIdCycleCount=0, ConflictResolver.totalTime=234800, ConflictResolver.conflictItemCount=2, DfDependencyCollector.collectTime=21377900, DfDependencyCollector.transformTime=528100}
[DEBUG] org.apache.maven.plugins:maven-clean-plugin:jar:3.4.1
[DEBUG]    org.codehaus.plexus:plexus-utils:jar:4.0.1:compile
[DEBUG] Created new class realm plugin>org.apache.maven.plugins:maven-clean-plugin:3.4.1
[DEBUG] Importing foreign packages into class realm plugin>org.apache.maven.plugins:maven-clean-plugin:3.4.1
[DEBUG]   Imported:  < maven.api
[DEBUG] Populating class realm plugin>org.apache.maven.plugins:maven-clean-plugin:3.4.1
[DEBUG]   Included: org.apache.maven.plugins:maven-clean-plugin:jar:3.4.1
[DEBUG]   Included: org.codehaus.plexus:plexus-utils:jar:4.0.1
[DEBUG] Loading mojo org.apache.maven.plugins:maven-clean-plugin:3.4.1:clean from plugin realm ClassRealm[plugin>org.apache.maven.plugins:maven-clean-plugin:3.4.1, parent: jdk.internal.loader.ClassLoaders$AppClassLoader@33909752]
[DEBUG] Configuring mojo execution 'org.apache.maven.plugins:maven-clean-plugin:3.4.1:clean:default-clean' with basic configurator -->
[DEBUG]   (f) directory = E:\Studysync new\studysync-backend\target
[DEBUG]   (f) excludeDefaultDirectories = false
[DEBUG]   (f) failOnError = true
[DEBUG]   (f) fast = false
[DEBUG]   (f) fastMode = background
[DEBUG]   (f) followSymLinks = false
[DEBUG]   (f) outputDirectory = E:\Studysync new\studysync-backend\target\classes
[DEBUG]   (f) reportDirectory = E:\Studysync new\studysync-backend\target\classes
[DEBUG]   (f) retryOnError = true
[DEBUG]   (f) session = org.apache.maven.execution.MavenSession@2a869a16
[DEBUG]   (f) skip = false
[DEBUG]   (f) testOutputDirectory = E:\Studysync new\studysync-backend\target\test-classes
[DEBUG] -- end configuration --
[INFO] Deleting E:\Studysync new\studysync-backend\target
[INFO] Deleting file E:\Studysync new\studysync-backend\target\classes\application.properties
[INFO] Deleting directory E:\Studysync new\studysync-backend\target\classes
[INFO] Deleting directory E:\Studysync new\studysync-backend\target\generated-sources\annotations
[INFO] Deleting directory E:\Studysync new\studysync-backend\target\generated-sources
[INFO] Deleting file E:\Studysync new\studysync-backend\target\maven-status\maven-compiler-plugin\compile\default-compile\createdFiles.lst
[INFO] Deleting file E:\Studysync new\studysync-backend\target\maven-status\maven-compiler-plugin\compile\default-compile\inputFiles.lst
[INFO] Deleting directory E:\Studysync new\studysync-backend\target\maven-status\maven-compiler-plugin\compile\default-compile
[INFO] Deleting directory E:\Studysync new\studysync-backend\target\maven-status\maven-compiler-plugin\compile
[INFO] Deleting directory E:\Studysync new\studysync-backend\target\maven-status\maven-compiler-plugin
[INFO] Deleting directory E:\Studysync new\studysync-backend\target\maven-status
[INFO] Deleting directory E:\Studysync new\studysync-backend\target
[DEBUG] Skipping non-existing directory E:\Studysync new\studysync-backend\target\classes
[DEBUG] Skipping non-existing directory E:\Studysync new\studysync-backend\target\test-classes
[DEBUG] Skipping non-existing directory E:\Studysync new\studysync-backend\target\classes
[INFO] 
[INFO] --- jacoco:0.8.10:prepare-agent (prepare-agent) @ studysync-backend ---
[DEBUG] Using mirror maven-default-http-blocker (http://0.0.0.0/) for apache.snapshots (http://people.apache.org/repo/m2-snapshot-repository).
[DEBUG] Using mirror maven-default-http-blocker (http://0.0.0.0/) for snapshots (http://snapshots.maven.codehaus.org/maven2).
[DEBUG] Using mirror maven-default-http-blocker (http://0.0.0.0/) for apache.snapshots (http://cvs.apache.org/maven-snapshot-repository).
[DEBUG] Using mirror maven-default-http-blocker (http://0.0.0.0/) for central (http://repo1.maven.org/maven2).
[DEBUG] Using mirror maven-default-http-blocker (http://0.0.0.0/) for codehaus.snapshots (http://snapshots.repository.codehaus.org).
[DEBUG] Using mirror maven-default-http-blocker (http://0.0.0.0/) for apache.snapshots (http://people.apache.org/maven-snapshot-repository).
[DEBUG] Dependency collection stats {ConflictMarker.analyzeTime=183800, ConflictMarker.markTime=66800, ConflictMarker.nodeCount=38, ConflictIdSorter.graphTime=103600, ConflictIdSorter.topsortTime=26600, ConflictIdSorter.conflictIdCount=21, ConflictIdSorter.conflictIdCycleCount=0, ConflictResolver.totalTime=702700, ConflictResolver.conflictItemCount=34, DfDependencyCollector.collectTime=316084900, DfDependencyCollector.transformTime=1139200}
[DEBUG] org.jacoco:jacoco-maven-plugin:jar:0.8.10
[DEBUG]    org.codehaus.plexus:plexus-utils:jar:3.0.24:compile
[DEBUG]    org.apache.maven.shared:file-management:jar:1.2.1:compile
[DEBUG]       org.apache.maven:maven-plugin-api:jar:2.0.6:compile
[DEBUG]       org.apache.maven.shared:maven-shared-io:jar:1.1:compile
[DEBUG]          org.apache.maven:maven-artifact:jar:2.0.2:compile
[DEBUG]          org.apache.maven:maven-artifact-manager:jar:2.0.2:compile
[DEBUG]             org.apache.maven:maven-repository-metadata:jar:2.0.2:compile
[DEBUG]          org.apache.maven.wagon:wagon-provider-api:jar:1.0-alpha-6:compile
[DEBUG]       org.codehaus.plexus:plexus-container-default:jar:1.0-alpha-9:compile
[DEBUG]          junit:junit:jar:4.13.1:compile (version managed from default)
[DEBUG]             org.hamcrest:hamcrest-core:jar:1.3:compile
[DEBUG]          classworlds:classworlds:jar:1.1-alpha-2:compile
[DEBUG]    org.apache.maven.reporting:maven-reporting-api:jar:3.0:compile
[DEBUG]       org.apache.maven.doxia:doxia-sink-api:jar:1.0:compile
[DEBUG]    org.jacoco:org.jacoco.agent:jar:runtime:0.8.10:compile
[DEBUG]    org.jacoco:org.jacoco.core:jar:0.8.10:compile
[DEBUG]       org.ow2.asm:asm:jar:9.5:compile (version managed from default)
[DEBUG]       org.ow2.asm:asm-commons:jar:9.5:compile (version managed from default)
[DEBUG]       org.ow2.asm:asm-tree:jar:9.5:compile (version managed from default)
[DEBUG]    org.jacoco:org.jacoco.report:jar:0.8.10:compile
[DEBUG] Created new class realm plugin>org.jacoco:jacoco-maven-plugin:0.8.10
[DEBUG] Importing foreign packages into class realm plugin>org.jacoco:jacoco-maven-plugin:0.8.10
[DEBUG]   Imported:  < maven.api
[DEBUG] Populating class realm plugin>org.jacoco:jacoco-maven-plugin:0.8.10
[DEBUG]   Included: org.jacoco:jacoco-maven-plugin:jar:0.8.10
[DEBUG]   Included: org.codehaus.plexus:plexus-utils:jar:3.0.24
[DEBUG]   Included: org.apache.maven.shared:file-management:jar:1.2.1
[DEBUG]   Included: org.apache.maven.shared:maven-shared-io:jar:1.1
[DEBUG]   Included: junit:junit:jar:4.13.1
[DEBUG]   Included: org.hamcrest:hamcrest-core:jar:1.3
[DEBUG]   Included: org.apache.maven.reporting:maven-reporting-api:jar:3.0
[DEBUG]   Included: org.apache.maven.doxia:doxia-sink-api:jar:1.0
[DEBUG]   Included: org.jacoco:org.jacoco.agent:jar:runtime:0.8.10
[DEBUG]   Included: org.jacoco:org.jacoco.core:jar:0.8.10
[DEBUG]   Included: org.ow2.asm:asm:jar:9.5
[DEBUG]   Included: org.ow2.asm:asm-commons:jar:9.5
[DEBUG]   Included: org.ow2.asm:asm-tree:jar:9.5
[DEBUG]   Included: org.jacoco:org.jacoco.report:jar:0.8.10
[DEBUG] Loading mojo org.jacoco:jacoco-maven-plugin:0.8.10:prepare-agent from plugin realm ClassRealm[plugin>org.jacoco:jacoco-maven-plugin:0.8.10, parent: jdk.internal.loader.ClassLoaders$AppClassLoader@33909752]
[DEBUG] Configuring mojo execution 'org.jacoco:jacoco-maven-plugin:0.8.10:prepare-agent:prepare-agent' with basic configurator -->
[DEBUG]   (f) destFile = E:\Studysync new\studysync-backend\target\jacoco.exec
[DEBUG]   (f) pluginArtifactMap = {org.jacoco:jacoco-maven-plugin=org.jacoco:jacoco-maven-plugin:maven-plugin:0.8.10:, org.codehaus.plexus:plexus-utils=org.codehaus.plexus:plexus-utils:jar:3.0.24:compile, org.apache.maven.shared:file-management=org.apache.maven.shared:file-management:jar:1.2.1:compile, org.apache.maven:maven-plugin-api=org.apache.maven:maven-plugin-api:jar:2.0.6:compile, org.apache.maven.shared:maven-shared-io=org.apache.maven.shared:maven-shared-io:jar:1.1:compile, org.apache.maven:maven-artifact=org.apache.maven:maven-artifact:jar:2.0.2:compile, org.apache.maven:maven-artifact-manager=org.apache.maven:maven-artifact-manager:jar:2.0.2:compile, org.apache.maven:maven-repository-metadata=org.apache.maven:maven-repository-metadata:jar:2.0.2:compile, org.apache.maven.wagon:wagon-provider-api=org.apache.maven.wagon:wagon-provider-api:jar:1.0-alpha-6:compile, org.codehaus.plexus:plexus-container-default=org.codehaus.plexus:plexus-container-default:jar:1.0-alpha-9:compile, junit:junit=junit:junit:jar:4.13.1:compile, org.hamcrest:hamcrest-core=org.hamcrest:hamcrest-core:jar:1.3:compile, classworlds:classworlds=classworlds:classworlds:jar:1.1-alpha-2:compile, org.apache.maven.reporting:maven-reporting-api=org.apache.maven.reporting:maven-reporting-api:jar:3.0:compile, org.apache.maven.doxia:doxia-sink-api=org.apache.maven.doxia:doxia-sink-api:jar:1.0:compile, org.jacoco:org.jacoco.agent=org.jacoco:org.jacoco.agent:jar:runtime:0.8.10:compile, org.jacoco:org.jacoco.core=org.jacoco:org.jacoco.core:jar:0.8.10:compile, org.ow2.asm:asm=org.ow2.asm:asm:jar:9.5:compile, org.ow2.asm:asm-commons=org.ow2.asm:asm-commons:jar:9.5:compile, org.ow2.asm:asm-tree=org.ow2.asm:asm-tree:jar:9.5:compile, org.jacoco:org.jacoco.report=org.jacoco:org.jacoco.report:jar:0.8.10:compile}
[DEBUG]   (f) project = MavenProject: com.studysync:studysync-backend:0.0.1-SNAPSHOT @ E:\Studysync new\studysync-backend\pom.xml
[DEBUG]   (f) skip = false
[DEBUG] -- end configuration --
[INFO] argLine set to "-javaagent:C:\\Users\\harsh\\.m2\\repository\\org\\jacoco\\org.jacoco.agent\\0.8.10\\org.jacoco.agent-0.8.10-runtime.jar=destfile=E:\\Studysync new\\studysync-backend\\target\\jacoco.exec"
[INFO] 
[INFO] --- resources:3.3.1:resources (default-resources) @ studysync-backend ---
[DEBUG] Dependency collection stats {ConflictMarker.analyzeTime=150200, ConflictMarker.markTime=25100, ConflictMarker.nodeCount=13, ConflictIdSorter.graphTime=12100, ConflictIdSorter.topsortTime=17400, ConflictIdSorter.conflictIdCount=9, ConflictIdSorter.conflictIdCycleCount=0, ConflictResolver.totalTime=216600, ConflictResolver.conflictItemCount=13, DfDependencyCollector.collectTime=72173400, DfDependencyCollector.transformTime=445900}
[DEBUG] org.apache.maven.plugins:maven-resources-plugin:jar:3.3.1
[DEBUG]    org.codehaus.plexus:plexus-interpolation:jar:1.26:runtime
[DEBUG]    org.codehaus.plexus:plexus-utils:jar:3.5.1:compile
[DEBUG]    org.apache.maven.shared:maven-filtering:jar:3.3.1:compile
[DEBUG]       javax.inject:javax.inject:jar:1:compile
[DEBUG]       org.slf4j:slf4j-api:jar:1.7.36:compile
[DEBUG]       org.sonatype.plexus:plexus-build-api:jar:0.0.7:compile
[DEBUG]    commons-io:commons-io:jar:2.11.0:compile
[DEBUG]    org.apache.commons:commons-lang3:jar:3.12.0:compile
[DEBUG] Created new class realm plugin>org.apache.maven.plugins:maven-resources-plugin:3.3.1
[DEBUG] Importing foreign packages into class realm plugin>org.apache.maven.plugins:maven-resources-plugin:3.3.1
[DEBUG]   Imported:  < maven.api
[DEBUG] Populating class realm plugin>org.apache.maven.plugins:maven-resources-plugin:3.3.1
[DEBUG]   Included: org.apache.maven.plugins:maven-resources-plugin:jar:3.3.1
[DEBUG]   Included: org.codehaus.plexus:plexus-interpolation:jar:1.26
[DEBUG]   Included: org.codehaus.plexus:plexus-utils:jar:3.5.1
[DEBUG]   Included: org.apache.maven.shared:maven-filtering:jar:3.3.1
[DEBUG]   Included: org.sonatype.plexus:plexus-build-api:jar:0.0.7
[DEBUG]   Included: commons-io:commons-io:jar:2.11.0
[DEBUG]   Included: org.apache.commons:commons-lang3:jar:3.12.0
[DEBUG] Loading mojo org.apache.maven.plugins:maven-resources-plugin:3.3.1:resources from plugin realm ClassRealm[plugin>org.apache.maven.plugins:maven-resources-plugin:3.3.1, parent: jdk.internal.loader.ClassLoaders$AppClassLoader@33909752]
[DEBUG] Configuring mojo execution 'org.apache.maven.plugins:maven-resources-plugin:3.3.1:resources:default-resources' with basic configurator -->
[DEBUG]   (f) addDefaultExcludes = true
[DEBUG]   (f) buildFilters = []
[DEBUG]   (s) delimiters = [@]
[DEBUG]   (f) encoding = UTF-8
[DEBUG]   (f) escapeWindowsPaths = true
[DEBUG]   (f) fileNameFiltering = false
[DEBUG]   (s) includeEmptyDirs = false
[DEBUG]   (s) outputDirectory = E:\Studysync new\studysync-backend\target\classes
[DEBUG]   (s) overwrite = false
[DEBUG]   (f) project = MavenProject: com.studysync:studysync-backend:0.0.1-SNAPSHOT @ E:\Studysync new\studysync-backend\pom.xml
[DEBUG]   (f) propertiesEncoding = UTF-8
[DEBUG]   (s) resources = [Resource {targetPath: null, filtering: true, FileSet {directory: E:\Studysync new\studysync-backend\src\main\resources, PatternSet [includes: {**/application*.yml, **/application*.yaml, **/application*.properties}, excludes: {}]}}, Resource {targetPath: null, filtering: false, FileSet {directory: E:\Studysync new\studysync-backend\src\main\resources, PatternSet [includes: {}, excludes: {**/application*.yml, **/application*.yaml, **/application*.properties}]}}]
[DEBUG]   (f) session = org.apache.maven.execution.MavenSession@2a869a16
[DEBUG]   (f) skip = false
[DEBUG]   (f) supportMultiLineFiltering = false
[DEBUG]   (f) useBuildFilters = true
[DEBUG]   (s) useDefaultDelimiters = false
[DEBUG] -- end configuration --
[DEBUG] properties used:
[DEBUG] activemq.version: 6.1.7
[DEBUG] angus-mail.version: 2.0.4
[DEBUG] argLine: "-javaagent:C:\\Users\\harsh\\.m2\\repository\\org\\jacoco\\org.jacoco.agent\\0.8.10\\org.jacoco.agent-0.8.10-runtime.jar=destfile=E:\\Studysync new\\studysync-backend\\target\\jacoco.exec"
[DEBUG] artemis.version: 2.40.0
[DEBUG] aspectj.version: 1.9.24
[DEBUG] assertj.version: 3.27.4
[DEBUG] awaitility.version: 4.2.2
[DEBUG] brave.version: 6.1.0
[DEBUG] build-helper-maven-plugin.version: 3.6.1
[DEBUG] byte-buddy.version: 1.17.7
[DEBUG] cache2k.version: 2.6.1.Final
[DEBUG] caffeine.version: 3.2.2
[DEBUG] cassandra-driver.version: 4.19.0
[DEBUG] classmate.version: 1.7.0
[DEBUG] classworlds.conf: C:\apache-maven-3.9.6\bin\m2.conf
[DEBUG] commons-codec.version: 1.18.0
[DEBUG] commons-dbcp2.version: 2.13.0
[DEBUG] commons-lang3.version: 3.17.0
[DEBUG] commons-pool.version: 1.6
[DEBUG] commons-pool2.version: 2.12.1
[DEBUG] couchbase-client.version: 3.8.3
[DEBUG] crac.version: 1.5.0
[DEBUG] cyclonedx-maven-plugin.version: 2.9.1
[DEBUG] db2-jdbc.version: 12.1.2.0
[DEBUG] dependency-management-plugin.version: 1.1.7
[DEBUG] derby.version: 10.16.1.1
[DEBUG] ehcache3.version: 3.10.9
[DEBUG] elasticsearch-client.version: 8.18.6
[DEBUG] env.=E:: E:\Studysync new\studysync-backend
[DEBUG] env.ALLUSERSPROFILE: C:\ProgramData
[DEBUG] env.ANTIGRAVITY_AGENT: 1
[DEBUG] env.ANTIGRAVITY_CLI_ALIAS: agy
[DEBUG] env.APPDATA: C:\Users\harsh\AppData\Roaming
[DEBUG] env.ASL.LOG: Destination=file
[DEBUG] env.CHOCOLATEYINSTALL: C:\ProgramData\chocolatey
[DEBUG] env.CHOCOLATEYLASTPATHUPDATE: 133942259641943545
[DEBUG] env.CHROME_CRASHPAD_PIPE_NAME: \\.\pipe\crashpad_11932_XDGTIAQSXKBFMIKF
[DEBUG] env.CLASSWORLDS_JAR: "C:\apache-maven-3.9.6\boot\plexus-classworlds-2.7.0.jar"
[DEBUG] env.CLASSWORLDS_LAUNCHER: org.codehaus.plexus.classworlds.launcher.Launcher
[DEBUG] env.COLORTERM: truecolor
[DEBUG] env.COMMONPROGRAMFILES: C:\Program Files\Common Files
[DEBUG] env.COMMONPROGRAMFILES(X86): C:\Program Files (x86)\Common Files
[DEBUG] env.COMMONPROGRAMW6432: C:\Program Files\Common Files
[DEBUG] env.COMPUTERNAME: HARSHA
[DEBUG] env.COMSPEC: C:\WINDOWS\system32\cmd.exe
[DEBUG] env.DRIVERDATA: C:\Windows\System32\Drivers\DriverData
[DEBUG] env.EFC_11128_1592913036: 1
[DEBUG] env.ERROR_CODE: 0
[DEBUG] env.EXEC_DIR: E:\Studysync new\studysync-backend
[DEBUG] env.GIT_ASKPASS: e:\Antigravity\resources\app\extensions\git\dist\askpass.sh
[DEBUG] env.GRADLE_HOME: C:\Gradle\gradle-8.10.2
[DEBUG] env.HOMEDRIVE: C:
[DEBUG] env.HOMEPATH: \Users\harsh
[DEBUG] env.IGCCSVC_DB: AQAAANCMnd8BFdERjHoAwE/Cl+sBAAAASFe8Sj19G0uZMTV1gTPPSgQAAAACAAAAAAAQZgAAAAEAACAAAABQiTzkTldv8rOHoavOI4BE4bNooqZxeuQuPcoz0vustAAAAAAOgAAAAAIAACAAAADSvL/dP/wlQJvmGK/st9yaDPtK+m9pCB/EnXpGaD7lHGAAAABtofKciIuB6vECtR9C5zWH5tt76xeVo6aBGOBtk+HTKgvXo8lr4C2aD+pCc6/jH6u3jyRVjEVMV5UVpaKf5To6SjPLJHl99fEqmUV2TAl3y9BsFSwO6lDRjd3uFkefPyhAAAAAlNIPr9dLGtJcknspU2VWa9rsWkE+vpxmonuTswha+963SxGRiv+dm1IwLqcYOr3VBNmbAOgWWQRSGhgWPj40yg==
[DEBUG] env.JAVACMD: C:\Program Files\Java\jdk-21\bin\java.exe
[DEBUG] env.JAVA_HOME: C:\Program Files\Java\jdk-21
[DEBUG] env.JVMCONFIG: \.mvn\jvm.config
[DEBUG] env.LANG: en_US.UTF-8
[DEBUG] env.LOCALAPPDATA: C:\Users\harsh\AppData\Local
[DEBUG] env.LOGONSERVER: \\HARSHA
[DEBUG] env.MAVEN_CMD_LINE_ARGS: clean compile -X
[DEBUG] env.MAVEN_HOME: C:\apache-maven-3.9.6
[DEBUG] env.MAVEN_PROJECTBASEDIR: E:\Studysync new\studysync-backend
[DEBUG] env.NODEJS: C:\Program Files\nodejs
[DEBUG] env.NUMBER_OF_PROCESSORS: 16
[DEBUG] env.ONEDRIVE: C:\Users\harsh\OneDrive
[DEBUG] env.ONEDRIVECONSUMER: C:\Users\harsh\OneDrive
[DEBUG] env.ONLINESERVICES: Online Services
[DEBUG] env.OS: Windows_NT
[DEBUG] env.PAGER: cat
[DEBUG] env.PATH: C:\Program Files\PowerShell\7;C:\Users\harsh\AppData\Local\Programs\Python\Python36-32\Scripts\;C:\Users\harsh\AppData\Local\Programs\Python\Python36-32\;C:\Program Files\Common Files\Oracle\Java\javapath;C:\Program Files\Java\jdk-25\bin;C:\Program Files\Java\jdk-25\bin;C:\Users\harsh\AppData\Local\Programs\Python\Python313;C:\Users\harsh\AppData\Local\Programs\Python\Python313\Scripts;C:\Program Files\R\R-4.5.2\bin;C:\Program Files\R\R-4.5.2\bin;C:\Users\harsh\AppData\Local\Programs\Python\Python312;C:\Users\harsh\AppData\Local\Programs\Python\Python312\Scripts;C:\Users\harsh\AppData\Local\Microsoft\WindowsApps\;C:\Users\harsh\AppData\Local\Programs\Microsoft VS Code\bin;C:\Program Files\R\R-4.4.0\bin;C:\Program Files\Java\jdk-21\bin;C:\Program Files\Java\jdk-21\bin;C:\Program Files\HP\HP One Agent;C:\Program Files\nodejs;C:\Users\harsh\AppData\Roaming\npm;E:\Antigravity\bin;C:\Program Files\PowerShell\7\;C:\Program Files\nodejs\;E:\Git\cmd;C:\Users\harsh\AppData\Local\Programs\Python\Launcher\;C:\Program Files\MySQL\MySQL Shell 8.4\bin\;C:\Users\harsh\AppData\Local\Programs\Python\Python312\Scripts\;C:\Users\harsh\AppData\Local\Programs\Python\Python312\;C:\Windows\System32;C:\apache-maven-3.9.6\bin;C:\Program Files\dotnet\;C:\Users\harsh\AppData\Local\Programs\Python\Python36-32\Scripts\;C:\Users\harsh\AppData\Local\Programs\Python\Python36-32\;C:\Program Files\Common Files\Oracle\Java\javapath;C:\Program Files\Java\jdk-25\bin;C:\Program Files\Java\jdk-25\bin;C:\Users\harsh\AppData\Local\Programs\Python\Python313;C:\Users\harsh\AppData\Local\Programs\Python\Python313\Scripts;C:\Program Files\R\R-4.5.2\bin;C:\Program Files\R\R-4.5.2\bin;C:\Users\harsh\AppData\Local\Programs\Python\Python312;C:\Users\harsh\AppData\Local\Programs\Python\Python312\Scripts;C:\Users\harsh\AppData\Local\Microsoft\WindowsApps\;C:\Users\harsh\AppData\Local\Programs\Microsoft VS Code\bin;C:\Program Files\R\R-4.4.0\bin;C:\Program Files\Java\jdk-21\bin;C:\Program Files\Java\jdk-21\bin;C:\Program Files\HP\HP One Agent;C:\Program Files\nodejs;C:\Users\harsh\AppData\Roaming\npm;E:\Antigravity\bin;C:\Program Files\PowerShell\7\;C:\Program Files\nodejs\;E:\Git\cmd;C:\Users\harsh\AppData\Local\Programs\Python\Launcher\;C:\Program Files\MySQL\MySQL Shell 8.4\bin\;C:\Users\harsh\AppData\Local\Programs\Python\Python312\Scripts\;C:\Users\harsh\AppData\Local\Programs\Python\Python312\;C:\Windows\System32;C:\apache-maven-3.9.6\bin;C:\Program Files\dotnet\;C:\Users\harsh\AppData\Local\Programs\Python\Python36\Scripts\;C:\Users\harsh\AppData\Local\Programs\Python\Python36\;C:\Users\harsh\.local\bin;c:\Users\harsh\.antigravity\extensions\vscjava.vscode-java-debug-0.58.5-universal\bundled\scripts\noConfigScripts
[DEBUG] env.PATHEXT: .COM;.EXE;.BAT;.CMD;.VBS;.VBE;.JS;.JSE;.WSF;.WSH;.MSC;.CPL
[DEBUG] env.PHP: C:\xampp1\php
[DEBUG] env.PLATFORMCODE: KV
[DEBUG] env.POWERSHELL_DISTRIBUTION_CHANNEL: MSI:Windows 10 Home Single Language
[DEBUG] env.PROCESSOR_ARCHITECTURE: AMD64
[DEBUG] env.PROCESSOR_IDENTIFIER: Intel64 Family 6 Model 154 Stepping 3, GenuineIntel
[DEBUG] env.PROCESSOR_LEVEL: 6
[DEBUG] env.PROCESSOR_REVISION: 9a03
[DEBUG] env.PROGRAMDATA: C:\ProgramData
[DEBUG] env.PROGRAMFILES: C:\Program Files
[DEBUG] env.PROGRAMFILES(X86): C:\Program Files (x86)
[DEBUG] env.PROGRAMW6432: C:\Program Files
[DEBUG] env.PROMPT: $P$G
[DEBUG] env.PSMODULEPATH: C:\Users\harsh\OneDrive\Documents\PowerShell\Modules;C:\Program Files\PowerShell\Modules;c:\program files\powershell\7\Modules;C:\Program Files\WindowsPowerShell\Modules;C:\WINDOWS\system32\WindowsPowerShell\v1.0\Modules;C:\Program Files\Microsoft SQL Server\170\Tools\PowerShell\Modules\
[DEBUG] env.PUBLIC: C:\Users\Public
[DEBUG] env.REGIONCODE: APJ
[DEBUG] env.SESSIONNAME: Console
[DEBUG] env.SYSTEMDRIVE: C:
[DEBUG] env.SYSTEMROOT: C:\WINDOWS
[DEBUG] env.TEMP: C:\Users\harsh\AppData\Local\Temp
[DEBUG] env.TERM_PROGRAM: vscode
[DEBUG] env.TERM_PROGRAM_VERSION: 1.107.0
[DEBUG] env.TMP: C:\Users\harsh\AppData\Local\Temp
[DEBUG] env.USERDOMAIN: HARSHA
[DEBUG] env.USERDOMAIN_ROAMINGPROFILE: HARSHA
[DEBUG] env.USERNAME: harsh
[DEBUG] env.USERPROFILE: C:\Users\harsh
[DEBUG] env.VSCODE_GIT_ASKPASS_EXTRA_ARGS: 
[DEBUG] env.VSCODE_GIT_ASKPASS_MAIN: e:\Antigravity\resources\app\extensions\git\dist\askpass-main.js
[DEBUG] env.VSCODE_GIT_ASKPASS_NODE: E:\Antigravity\Antigravity.exe
[DEBUG] env.VSCODE_GIT_IPC_HANDLE: \\.\pipe\vscode-git-d169f11953-sock
[DEBUG] env.VSCODE_INJECTION: 1
[DEBUG] env.VSCODE_JAVA_EXEC: C:\Program Files\Java\jdk-21\bin\java
[DEBUG] env.VSCODE_JDWP_ADAPTER_ENDPOINTS: c:\Users\harsh\.antigravity\extensions\vscjava.vscode-java-debug-0.58.5-universal\.noConfigDebugAdapterEndpoints\endpoint-50fbab5628454a5d.txt
[DEBUG] env.VSCODE_PYTHON_AUTOACTIVATE_GUARD: 1
[DEBUG] env.WDIR: E:\Studysync new\studysync-backend
[DEBUG] env.WINDIR: C:\WINDOWS
[DEBUG] env.ZES_ENABLE_SYSMAN: 1
[DEBUG] file.encoding: UTF-8
[DEBUG] file.separator: \
[DEBUG] flyway.version: 11.7.2
[DEBUG] freemarker.version: 2.3.34
[DEBUG] git-commit-id-maven-plugin.version: 9.0.2
[DEBUG] glassfish-jaxb.version: 4.0.5
[DEBUG] glassfish-jstl.version: 3.0.1
[DEBUG] graphql-java.version: 24.1
[DEBUG] groovy.version: 4.0.28
[DEBUG] gson.version: 2.13.2
[DEBUG] h2.version: 2.3.232
[DEBUG] hamcrest.version: 3.0
[DEBUG] hazelcast.version: 5.5.0
[DEBUG] hibernate-validator.version: 8.0.3.Final
[DEBUG] hibernate.version: 6.6.29.Final
[DEBUG] hikaricp.version: 6.3.3
[DEBUG] hsqldb.version: 2.7.3
[DEBUG] htmlunit.version: 4.11.1
[DEBUG] httpasyncclient.version: 4.1.5
[DEBUG] httpclient5.version: 5.5
[DEBUG] httpcore.version: 4.4.16
[DEBUG] httpcore5.version: 5.3.5
[DEBUG] infinispan.version: 15.2.6.Final
[DEBUG] influxdb-java.version: 2.25
[DEBUG] jackson-bom.version: 2.19.2
[DEBUG] jakarta-activation.version: 2.1.4
[DEBUG] jakarta-annotation.version: 2.1.1
[DEBUG] jakarta-inject.version: 2.0.1
[DEBUG] jakarta-jms.version: 3.1.0
[DEBUG] jakarta-json-bind.version: 3.0.1
[DEBUG] jakarta-json.version: 2.1.3
[DEBUG] jakarta-mail.version: 2.1.4
[DEBUG] jakarta-management.version: 1.1.4
[DEBUG] jakarta-persistence.version: 3.1.0
[DEBUG] jakarta-servlet-jsp-jstl.version: 3.0.2
[DEBUG] jakarta-servlet.version: 6.0.0
[DEBUG] jakarta-transaction.version: 2.0.1
[DEBUG] jakarta-validation.version: 3.0.2
[DEBUG] jakarta-websocket.version: 2.1.1
[DEBUG] jakarta-ws-rs.version: 3.1.0
[DEBUG] jakarta-xml-bind.version: 4.0.2
[DEBUG] jakarta-xml-soap.version: 3.0.2
[DEBUG] jakarta-xml-ws.version: 4.0.2
[DEBUG] janino.version: 3.1.12
[DEBUG] java.class.path: C:\apache-maven-3.9.6\boot\plexus-classworlds-2.7.0.jar
[DEBUG] java.class.version: 65.0
[DEBUG] java.home: C:\Program Files\Java\jdk-21
[DEBUG] java.io.tmpdir: C:\Users\harsh\AppData\Local\Temp\
[DEBUG] java.library.path: C:\Program Files\Java\jdk-21\bin;C:\WINDOWS\Sun\Java\bin;C:\WINDOWS\system32;C:\WINDOWS;C:\Program Files\PowerShell\7;C:\Users\harsh\AppData\Local\Programs\Python\Python36-32\Scripts\;C:\Users\harsh\AppData\Local\Programs\Python\Python36-32\;C:\Program Files\Common Files\Oracle\Java\javapath;C:\Program Files\Java\jdk-25\bin;C:\Program Files\Java\jdk-25\bin;C:\Users\harsh\AppData\Local\Programs\Python\Python313;C:\Users\harsh\AppData\Local\Programs\Python\Python313\Scripts;C:\Program Files\R\R-4.5.2\bin;C:\Program Files\R\R-4.5.2\bin;C:\Users\harsh\AppData\Local\Programs\Python\Python312;C:\Users\harsh\AppData\Local\Programs\Python\Python312\Scripts;C:\Users\harsh\AppData\Local\Microsoft\WindowsApps\;C:\Users\harsh\AppData\Local\Programs\Microsoft VS Code\bin;C:\Program Files\R\R-4.4.0\bin;C:\Program Files\Java\jdk-21\bin;C:\Program Files\Java\jdk-21\bin;C:\Program Files\HP\HP One Agent;C:\Program Files\nodejs;C:\Users\harsh\AppData\Roaming\npm;E:\Antigravity\bin;C:\Program Files\PowerShell\7\;C:\Program Files\nodejs\;E:\Git\cmd;C:\Users\harsh\AppData\Local\Programs\Python\Launcher\;C:\Program Files\MySQL\MySQL Shell 8.4\bin\;C:\Users\harsh\AppData\Local\Programs\Python\Python312\Scripts\;C:\Users\harsh\AppData\Local\Programs\Python\Python312\;C:\Windows\System32;C:\apache-maven-3.9.6\bin;C:\Program Files\dotnet\;C:\Users\harsh\AppData\Local\Programs\Python\Python36-32\Scripts\;C:\Users\harsh\AppData\Local\Programs\Python\Python36-32\;C:\Program Files\Common Files\Oracle\Java\javapath;C:\Program Files\Java\jdk-25\bin;C:\Program Files\Java\jdk-25\bin;C:\Users\harsh\AppData\Local\Programs\Python\Python313;C:\Users\harsh\AppData\Local\Programs\Python\Python313\Scripts;C:\Program Files\R\R-4.5.2\bin;C:\Program Files\R\R-4.5.2\bin;C:\Users\harsh\AppData\Local\Programs\Python\Python312;C:\Users\harsh\AppData\Local\Programs\Python\Python312\Scripts;C:\Users\harsh\AppData\Local\Microsoft\WindowsApps\;C:\Users\harsh\AppData\Local\Programs\Microsoft VS Code\bin;C:\Program Files\R\R-4.4.0\bin;C:\Program Files\Java\jdk-21\bin;C:\Program Files\Java\jdk-21\bin;C:\Program Files\HP\HP One Agent;C:\Program Files\nodejs;C:\Users\harsh\AppData\Roaming\npm;E:\Antigravity\bin;C:\Program Files\PowerShell\7\;C:\Program Files\nodejs\;E:\Git\cmd;C:\Users\harsh\AppData\Local\Programs\Python\Launcher\;C:\Program Files\MySQL\MySQL Shell 8.4\bin\;C:\Users\harsh\AppData\Local\Programs\Python\Python312\Scripts\;C:\Users\harsh\AppData\Local\Programs\Python\Python312\;C:\Windows\System32;C:\apache-maven-3.9.6\bin;C:\Program Files\dotnet\;C:\Users\harsh\AppData\Local\Programs\Python\Python36\Scripts\;C:\Users\harsh\AppData\Local\Programs\Python\Python36\;C:\Users\harsh\.local\bin;c:\Users\harsh\.antigravity\extensions\vscjava.vscode-java-debug-0.58.5-universal\bundled\scripts\noConfigScripts;.
[DEBUG] java.runtime.name: Java(TM) SE Runtime Environment
[DEBUG] java.runtime.version: 21.0.1+12-LTS-29
[DEBUG] java.specification.name: Java Platform API Specification
[DEBUG] java.specification.vendor: Oracle Corporation
[DEBUG] java.specification.version: 21
[DEBUG] java.vendor: Oracle Corporation
[DEBUG] java.vendor.url: https://java.oracle.com/
[DEBUG] java.vendor.url.bug: https://bugreport.java.com/bugreport/
[DEBUG] java.version: 21.0.1
[DEBUG] java.version.date: 2023-10-17
[DEBUG] java.vm.compressedOopsMode: Zero based
[DEBUG] java.vm.info: mixed mode, sharing
[DEBUG] java.vm.name: Java HotSpot(TM) 64-Bit Server VM
[DEBUG] java.vm.specification.name: Java Virtual Machine Specification
[DEBUG] java.vm.specification.vendor: Oracle Corporation
[DEBUG] java.vm.specification.version: 21
[DEBUG] java.vm.vendor: Oracle Corporation
[DEBUG] java.vm.version: 21.0.1+12-LTS-29
[DEBUG] javax-cache.version: 1.1.1
[DEBUG] javax-money.version: 1.1
[DEBUG] jaxen.version: 2.0.0
[DEBUG] jaybird.version: 6.0.3
[DEBUG] jboss-logging.version: 3.6.1.Final
[DEBUG] jdk.debug: release
[DEBUG] jdom2.version: 2.0.6.1
[DEBUG] jedis.version: 6.0.0
[DEBUG] jersey.version: 3.1.11
[DEBUG] jetty-reactive-httpclient.version: 4.0.11
[DEBUG] jetty.version: 12.0.27
[DEBUG] jmustache.version: 1.16
[DEBUG] jooq.version: 3.19.26
[DEBUG] json-path.version: 2.9.0
[DEBUG] json-smart.version: 2.5.2
[DEBUG] jsonassert.version: 1.5.3
[DEBUG] jtds.version: 1.3.1
[DEBUG] junit-jupiter.version: 5.12.2
[DEBUG] junit.version: 4.13.2
[DEBUG] kafka.version: 3.9.1
[DEBUG] kotlin-coroutines.version: 1.8.1
[DEBUG] kotlin-serialization.version: 1.6.3
[DEBUG] kotlin.version: 1.9.25
[DEBUG] lettuce.version: 6.6.0.RELEASE
[DEBUG] library.jansi.path: C:\apache-maven-3.9.6\lib\jansi-native
[DEBUG] line.separator: 

[DEBUG] liquibase.version: 4.31.1
[DEBUG] log4j2.version: 2.24.3
[DEBUG] logback.version: 1.5.18
[DEBUG] lombok.version: 1.18.40
[DEBUG] mariadb.version: 3.5.6
[DEBUG] maven-antrun-plugin.version: 3.1.0
[DEBUG] maven-assembly-plugin.version: 3.7.1
[DEBUG] maven-clean-plugin.version: 3.4.1
[DEBUG] maven-compiler-plugin.version: 3.14.0
[DEBUG] maven-dependency-plugin.version: 3.8.1
[DEBUG] maven-deploy-plugin.version: 3.1.4
[DEBUG] maven-enforcer-plugin.version: 3.5.0
[DEBUG] maven-failsafe-plugin.version: 3.5.4
[DEBUG] maven-help-plugin.version: 3.5.1
[DEBUG] maven-install-plugin.version: 3.1.4
[DEBUG] maven-invoker-plugin.version: 3.9.1
[DEBUG] maven-jar-plugin.version: 3.4.2
[DEBUG] maven-javadoc-plugin.version: 3.11.3
[DEBUG] maven-resources-plugin.version: 3.3.1
[DEBUG] maven-shade-plugin.version: 3.6.1
[DEBUG] maven-source-plugin.version: 3.3.1
[DEBUG] maven-surefire-plugin.version: 3.5.4
[DEBUG] maven-war-plugin.version: 3.4.0
[DEBUG] maven.build.timestamp: 2026-03-04T12:42:45Z
[DEBUG] maven.build.version: Apache Maven 3.9.6 (bc0240f3c744dd6b6ec2920b3cd08dcc295161ae)
[DEBUG] maven.compiler.release: 21
[DEBUG] maven.conf: C:\apache-maven-3.9.6/conf
[DEBUG] maven.home: C:\apache-maven-3.9.6
[DEBUG] maven.multiModuleProjectDirectory: E:\Studysync new\studysync-backend
[DEBUG] maven.version: 3.9.6
[DEBUG] micrometer-tracing.version: 1.5.4
[DEBUG] micrometer.version: 1.15.4
[DEBUG] mockito.version: 5.17.0
[DEBUG] mongodb.version: 5.5.1
[DEBUG] mssql-jdbc.version: 12.10.1.jre11
[DEBUG] mysql.version: 9.4.0
[DEBUG] native-build-tools-plugin.version: 0.10.6
[DEBUG] native.encoding: Cp1252
[DEBUG] nekohtml.version: 1.9.22
[DEBUG] neo4j-java-driver.version: 5.28.9
[DEBUG] netty.version: 4.1.127.Final
[DEBUG] opentelemetry.version: 1.49.0
[DEBUG] oracle-database.version: 23.7.0.25.01
[DEBUG] oracle-r2dbc.version: 1.3.0
[DEBUG] os.arch: amd64
[DEBUG] os.name: Windows 11
[DEBUG] os.version: 10.0
[DEBUG] path.separator: ;
[DEBUG] pooled-jms.version: 3.1.7
[DEBUG] postgresql.version: 42.7.7
[DEBUG] project.baseUri: file:/E:/Studysync%20new/studysync-backend/
[DEBUG] project.build.sourceEncoding: UTF-8
[DEBUG] project.reporting.outputEncoding: UTF-8
[DEBUG] prometheus-client.version: 1.3.10
[DEBUG] prometheus-simpleclient.version: 0.16.0
[DEBUG] pulsar-reactive.version: 0.6.0
[DEBUG] pulsar.version: 4.0.6
[DEBUG] quartz.version: 2.5.0
[DEBUG] querydsl.version: 5.1.0
[DEBUG] r2dbc-h2.version: 1.0.0.RELEASE
[DEBUG] r2dbc-mariadb.version: 1.3.0
[DEBUG] r2dbc-mssql.version: 1.0.3.RELEASE
[DEBUG] r2dbc-mysql.version: 1.4.1
[DEBUG] r2dbc-pool.version: 1.0.2.RELEASE
[DEBUG] r2dbc-postgresql.version: 1.0.7.RELEASE
[DEBUG] r2dbc-proxy.version: 1.1.6.RELEASE
[DEBUG] r2dbc-spi.version: 1.0.0.RELEASE
[DEBUG] rabbit-amqp-client.version: 5.25.0
[DEBUG] rabbit-stream-client.version: 0.23.0
[DEBUG] reactive-streams.version: 1.0.4
[DEBUG] reactor-bom.version: 2024.0.10
[DEBUG] resource.delimiter: @
[DEBUG] rest-assured.version: 5.5.6
[DEBUG] rsocket.version: 1.1.5
[DEBUG] rxjava3.version: 3.1.11
[DEBUG] saaj-impl.version: 3.0.4
[DEBUG] selenium-htmlunit.version: 4.30.0
[DEBUG] selenium.version: 4.31.0
[DEBUG] sendgrid.version: 4.10.3
[DEBUG] slf4j.version: 2.0.17
[DEBUG] snakeyaml.version: 2.4
[DEBUG] spring-amqp.version: 3.2.7
[DEBUG] spring-authorization-server.version: 1.5.2
[DEBUG] spring-batch.version: 5.2.3
[DEBUG] spring-boot.run.main-class: ${start-class}
[DEBUG] spring-data-bom.version: 2025.0.4
[DEBUG] spring-framework.version: 6.2.11
[DEBUG] spring-graphql.version: 1.4.2
[DEBUG] spring-hateoas.version: 2.5.1
[DEBUG] spring-integration.version: 6.5.2
[DEBUG] spring-kafka.version: 3.3.10
[DEBUG] spring-ldap.version: 3.3.3
[DEBUG] spring-pulsar.version: 1.2.10
[DEBUG] spring-restdocs.version: 3.0.5
[DEBUG] spring-retry.version: 2.0.12
[DEBUG] spring-security.version: 6.5.5
[DEBUG] spring-session.version: 3.5.2
[DEBUG] spring-ws.version: 4.1.1
[DEBUG] sqlite-jdbc.version: 3.49.1.0
[DEBUG] stderr.encoding: cp437
[DEBUG] stdout.encoding: Cp1252
[DEBUG] sun.arch.data.model: 64
[DEBUG] sun.boot.library.path: C:\Program Files\Java\jdk-21\bin
[DEBUG] sun.cpu.endian: little
[DEBUG] sun.cpu.isalist: amd64
[DEBUG] sun.io.unicode.encoding: UnicodeLittle
[DEBUG] sun.java.command: org.codehaus.plexus.classworlds.launcher.Launcher clean compile -X
[DEBUG] sun.java.launcher: SUN_STANDARD
[DEBUG] sun.jnu.encoding: Cp1252
[DEBUG] sun.management.compiler: HotSpot 64-Bit Tiered Compilers
[DEBUG] sun.os.patch.level: 
[DEBUG] testcontainers-redis-module.version: 2.2.4
[DEBUG] testcontainers.version: 1.21.3
[DEBUG] thymeleaf-extras-data-attribute.version: 2.0.1
[DEBUG] thymeleaf-extras-springsecurity.version: 3.1.3.RELEASE
[DEBUG] thymeleaf-layout-dialect.version: 3.4.0
[DEBUG] thymeleaf.version: 3.1.3.RELEASE
[DEBUG] tomcat.version: 10.1.46
[DEBUG] unboundid-ldapsdk.version: 7.0.3
[DEBUG] undertow.version: 2.3.19.Final
[DEBUG] user.country: IN
[DEBUG] user.dir: E:\Studysync new\studysync-backend
[DEBUG] user.home: C:\Users\harsh
[DEBUG] user.language: en
[DEBUG] user.name: harsh
[DEBUG] user.script: 
[DEBUG] user.variant: 
[DEBUG] versions-maven-plugin.version: 2.18.0
[DEBUG] vibur.version: 26.0
[DEBUG] webjars-locator-core.version: 0.59
[DEBUG] webjars-locator-lite.version: 1.1.0
[DEBUG] wsdl4j.version: 1.6.3
[DEBUG] xml-maven-plugin.version: 1.1.0
[DEBUG] xmlunit2.version: 2.10.4
[DEBUG] yasson.version: 3.0.4
[DEBUG] zipkin-reporter.version: 3.5.1
[DEBUG] Using 'UTF-8' encoding to copy filtered resources.
[DEBUG] Using 'UTF-8' encoding to copy filtered properties files.
[DEBUG] resource with targetPath null
directory E:\Studysync new\studysync-backend\src\main\resources
excludes []
includes [**/application*.yml, **/application*.yaml, **/application*.properties]
[DEBUG] ignoreDelta true
[INFO] Copying 1 resource from src\main\resources to target\classes
[DEBUG] Copying file application.properties
[DEBUG] file application.properties has a filtered file extension
[DEBUG] Using 'UTF-8' encoding to copy filtered resource 'application.properties'.
[DEBUG] filtering E:\Studysync new\studysync-backend\src\main\resources\application.properties to E:\Studysync new\studysync-backend\target\classes\application.properties
[DEBUG] resource with targetPath null
directory E:\Studysync new\studysync-backend\src\main\resources
excludes [**/application*.yml, **/application*.yaml, **/application*.properties]
includes []
[DEBUG] ignoreDelta true
[INFO] Copying 0 resource from src\main\resources to target\classes
[DEBUG] no user filter components
[INFO] 
[INFO] --- compiler:3.14.0:compile (default-compile) @ studysync-backend ---
[DEBUG] Dependency collection stats {ConflictMarker.analyzeTime=41600, ConflictMarker.markTime=32000, ConflictMarker.nodeCount=22, ConflictIdSorter.graphTime=36600, ConflictIdSorter.topsortTime=25700, ConflictIdSorter.conflictIdCount=14, ConflictIdSorter.conflictIdCycleCount=0, ConflictResolver.totalTime=602900, ConflictResolver.conflictItemCount=22, DfDependencyCollector.collectTime=65034900, DfDependencyCollector.transformTime=770000}
[DEBUG] org.apache.maven.plugins:maven-compiler-plugin:jar:3.14.0
[DEBUG]    org.apache.maven.shared:maven-shared-utils:jar:3.4.2:compile
[DEBUG]       org.slf4j:slf4j-api:jar:1.7.36:compile
[DEBUG]       commons-io:commons-io:jar:2.11.0:compile
[DEBUG]    org.apache.maven.shared:maven-shared-incremental:jar:1.1:compile
[DEBUG]    org.codehaus.plexus:plexus-java:jar:1.4.0:compile
[DEBUG]       org.ow2.asm:asm:jar:9.7.1:compile
[DEBUG]       com.thoughtworks.qdox:qdox:jar:2.2.0:compile
[DEBUG]    org.codehaus.plexus:plexus-compiler-api:jar:2.15.0:compile
[DEBUG]    org.codehaus.plexus:plexus-compiler-manager:jar:2.15.0:compile
[DEBUG]       javax.inject:javax.inject:jar:1:compile
[DEBUG]       org.codehaus.plexus:plexus-xml:jar:3.0.1:compile (version managed from default)
[DEBUG]    org.codehaus.plexus:plexus-compiler-javac:jar:2.15.0:runtime
[DEBUG]    org.codehaus.plexus:plexus-utils:jar:4.0.1:compile
[DEBUG] Created new class realm plugin>org.apache.maven.plugins:maven-compiler-plugin:3.14.0
[DEBUG] Importing foreign packages into class realm plugin>org.apache.maven.plugins:maven-compiler-plugin:3.14.0
[DEBUG]   Imported:  < maven.api
[DEBUG] Populating class realm plugin>org.apache.maven.plugins:maven-compiler-plugin:3.14.0
[DEBUG]   Included: org.apache.maven.plugins:maven-compiler-plugin:jar:3.14.0
[DEBUG]   Included: org.apache.maven.shared:maven-shared-utils:jar:3.4.2
[DEBUG]   Included: commons-io:commons-io:jar:2.11.0
[DEBUG]   Included: org.apache.maven.shared:maven-shared-incremental:jar:1.1
[DEBUG]   Included: org.codehaus.plexus:plexus-java:jar:1.4.0
[DEBUG]   Included: org.ow2.asm:asm:jar:9.7.1
[DEBUG]   Included: com.thoughtworks.qdox:qdox:jar:2.2.0
[DEBUG]   Included: org.codehaus.plexus:plexus-compiler-api:jar:2.15.0
[DEBUG]   Included: org.codehaus.plexus:plexus-compiler-manager:jar:2.15.0
[DEBUG]   Included: org.codehaus.plexus:plexus-xml:jar:3.0.1
[DEBUG]   Included: org.codehaus.plexus:plexus-compiler-javac:jar:2.15.0
[DEBUG]   Included: org.codehaus.plexus:plexus-utils:jar:4.0.1
[DEBUG] Loading mojo org.apache.maven.plugins:maven-compiler-plugin:3.14.0:compile from plugin realm ClassRealm[plugin>org.apache.maven.plugins:maven-compiler-plugin:3.14.0, parent: jdk.internal.loader.ClassLoaders$AppClassLoader@33909752]
[DEBUG] Configuring mojo execution 'org.apache.maven.plugins:maven-compiler-plugin:3.14.0:compile:default-compile' with basic configurator -->
[DEBUG]   (s) groupId = org.projectlombok
[DEBUG]   (s) artifactId = lombok
[DEBUG]   (s) version = 1.18.40
[DEBUG]   (s) groupId = org.springframework.boot
[DEBUG]   (s) artifactId = spring-boot-configuration-processor
[DEBUG]   (s) version = 3.5.6
[DEBUG]   (f) annotationProcessorPaths = [org.projectlombok:lombok:1.18.40.jar, org.springframework.boot:spring-boot-configuration-processor:3.5.6.jar]
[DEBUG]   (f) annotationProcessorPathsUseDepMgmt = false
[DEBUG]   (f) basedir = E:\Studysync new\studysync-backend
[DEBUG]   (f) buildDirectory = E:\Studysync new\studysync-backend\target
[DEBUG]   (f) compilePath = [E:\Studysync new\studysync-backend\target\classes, C:\Users\harsh\.m2\repository\org\springframework\boot\spring-boot-starter-actuator\3.5.6\spring-boot-starter-actuator-3.5.6.jar, C:\Users\harsh\.m2\repository\org\springframework\boot\spring-boot-starter\3.5.6\spring-boot-starter-3.5.6.jar, C:\Users\harsh\.m2\repository\org\springframework\boot\spring-boot-starter-logging\3.5.6\spring-boot-starter-logging-3.5.6.jar, C:\Users\harsh\.m2\repository\ch\qos\logback\logback-classic\1.5.18\logback-classic-1.5.18.jar, C:\Users\harsh\.m2\repository\ch\qos\logback\logback-core\1.5.18\logback-core-1.5.18.jar, C:\Users\harsh\.m2\repository\org\apache\logging\log4j\log4j-to-slf4j\2.24.3\log4j-to-slf4j-2.24.3.jar, C:\Users\harsh\.m2\repository\org\apache\logging\log4j\log4j-api\2.24.3\log4j-api-2.24.3.jar, C:\Users\harsh\.m2\repository\org\slf4j\jul-to-slf4j\2.0.17\jul-to-slf4j-2.0.17.jar, C:\Users\harsh\.m2\repository\jakarta\annotation\jakarta.annotation-api\2.1.1\jakarta.annotation-api-2.1.1.jar, C:\Users\harsh\.m2\repository\org\yaml\snakeyaml\2.4\snakeyaml-2.4.jar, C:\Users\harsh\.m2\repository\org\springframework\boot\spring-boot-actuator-autoconfigure\3.5.6\spring-boot-actuator-autoconfigure-3.5.6.jar, C:\Users\harsh\.m2\repository\org\springframework\boot\spring-boot-actuator\3.5.6\spring-boot-actuator-3.5.6.jar, C:\Users\harsh\.m2\repository\com\fasterxml\jackson\datatype\jackson-datatype-jsr310\2.19.2\jackson-datatype-jsr310-2.19.2.jar, C:\Users\harsh\.m2\repository\io\micrometer\micrometer-observation\1.15.4\micrometer-observation-1.15.4.jar, C:\Users\harsh\.m2\repository\io\micrometer\micrometer-commons\1.15.4\micrometer-commons-1.15.4.jar, C:\Users\harsh\.m2\repository\io\micrometer\micrometer-jakarta9\1.15.4\micrometer-jakarta9-1.15.4.jar, C:\Users\harsh\.m2\repository\io\micrometer\micrometer-core\1.15.4\micrometer-core-1.15.4.jar, C:\Users\harsh\.m2\repository\org\springframework\boot\spring-boot-starter-data-jpa\3.5.6\spring-boot-starter-data-jpa-3.5.6.jar, C:\Users\harsh\.m2\repository\org\springframework\boot\spring-boot-starter-jdbc\3.5.6\spring-boot-starter-jdbc-3.5.6.jar, C:\Users\harsh\.m2\repository\com\zaxxer\HikariCP\6.3.3\HikariCP-6.3.3.jar, C:\Users\harsh\.m2\repository\org\springframework\spring-jdbc\6.2.11\spring-jdbc-6.2.11.jar, C:\Users\harsh\.m2\repository\org\hibernate\orm\hibernate-core\6.6.29.Final\hibernate-core-6.6.29.Final.jar, C:\Users\harsh\.m2\repository\jakarta\persistence\jakarta.persistence-api\3.1.0\jakarta.persistence-api-3.1.0.jar, C:\Users\harsh\.m2\repository\jakarta\transaction\jakarta.transaction-api\2.0.1\jakarta.transaction-api-2.0.1.jar, C:\Users\harsh\.m2\repository\org\jboss\logging\jboss-logging\3.6.1.Final\jboss-logging-3.6.1.Final.jar, C:\Users\harsh\.m2\repository\com\fasterxml\classmate\1.7.0\classmate-1.7.0.jar, C:\Users\harsh\.m2\repository\org\antlr\antlr4-runtime\4.13.0\antlr4-runtime-4.13.0.jar, C:\Users\harsh\.m2\repository\org\springframework\data\spring-data-jpa\3.5.4\spring-data-jpa-3.5.4.jar, C:\Users\harsh\.m2\repository\org\springframework\data\spring-data-commons\3.5.4\spring-data-commons-3.5.4.jar, C:\Users\harsh\.m2\repository\org\springframework\spring-orm\6.2.11\spring-orm-6.2.11.jar, C:\Users\harsh\.m2\repository\org\springframework\spring-context\6.2.11\spring-context-6.2.11.jar, C:\Users\harsh\.m2\repository\org\springframework\spring-tx\6.2.11\spring-tx-6.2.11.jar, C:\Users\harsh\.m2\repository\org\springframework\spring-beans\6.2.11\spring-beans-6.2.11.jar, C:\Users\harsh\.m2\repository\org\slf4j\slf4j-api\2.0.17\slf4j-api-2.0.17.jar, C:\Users\harsh\.m2\repository\org\springframework\spring-aspects\6.2.11\spring-aspects-6.2.11.jar, C:\Users\harsh\.m2\repository\org\aspectj\aspectjweaver\1.9.24\aspectjweaver-1.9.24.jar, C:\Users\harsh\.m2\repository\org\springframework\boot\spring-boot-configuration-processor\3.5.6\spring-boot-configuration-processor-3.5.6.jar, C:\Users\harsh\.m2\repository\org\springframework\boot\spring-boot-starter-security\3.5.6\spring-boot-starter-security-3.5.6.jar, C:\Users\harsh\.m2\repository\org\springframework\spring-aop\6.2.11\spring-aop-6.2.11.jar, C:\Users\harsh\.m2\repository\org\springframework\security\spring-security-config\6.5.5\spring-security-config-6.5.5.jar, C:\Users\harsh\.m2\repository\org\springframework\security\spring-security-web\6.5.5\spring-security-web-6.5.5.jar, C:\Users\harsh\.m2\repository\org\springframework\spring-expression\6.2.11\spring-expression-6.2.11.jar, C:\Users\harsh\.m2\repository\org\springframework\boot\spring-boot-starter-validation\3.5.6\spring-boot-starter-validation-3.5.6.jar, C:\Users\harsh\.m2\repository\org\apache\tomcat\embed\tomcat-embed-el\10.1.46\tomcat-embed-el-10.1.46.jar, C:\Users\harsh\.m2\repository\org\hibernate\validator\hibernate-validator\8.0.3.Final\hibernate-validator-8.0.3.Final.jar, C:\Users\harsh\.m2\repository\jakarta\validation\jakarta.validation-api\3.0.2\jakarta.validation-api-3.0.2.jar, C:\Users\harsh\.m2\repository\org\springframework\boot\spring-boot-starter-web\3.5.6\spring-boot-starter-web-3.5.6.jar, C:\Users\harsh\.m2\repository\org\springframework\boot\spring-boot-starter-json\3.5.6\spring-boot-starter-json-3.5.6.jar, C:\Users\harsh\.m2\repository\com\fasterxml\jackson\datatype\jackson-datatype-jdk8\2.19.2\jackson-datatype-jdk8-2.19.2.jar, C:\Users\harsh\.m2\repository\com\fasterxml\jackson\module\jackson-module-parameter-names\2.19.2\jackson-module-parameter-names-2.19.2.jar, C:\Users\harsh\.m2\repository\org\springframework\boot\spring-boot-starter-tomcat\3.5.6\spring-boot-starter-tomcat-3.5.6.jar, C:\Users\harsh\.m2\repository\org\apache\tomcat\embed\tomcat-embed-core\10.1.46\tomcat-embed-core-10.1.46.jar, C:\Users\harsh\.m2\repository\org\apache\tomcat\embed\tomcat-embed-websocket\10.1.46\tomcat-embed-websocket-10.1.46.jar, C:\Users\harsh\.m2\repository\org\springframework\spring-web\6.2.11\spring-web-6.2.11.jar, C:\Users\harsh\.m2\repository\org\springframework\spring-webmvc\6.2.11\spring-webmvc-6.2.11.jar, C:\Users\harsh\.m2\repository\org\springframework\boot\spring-boot\3.5.6\spring-boot-3.5.6.jar, C:\Users\harsh\.m2\repository\org\springframework\boot\spring-boot-autoconfigure\3.5.6\spring-boot-autoconfigure-3.5.6.jar, C:\Users\harsh\.m2\repository\com\github\librepdf\openpdf\1.3.30\openpdf-1.3.30.jar, C:\Users\harsh\.m2\repository\com\google\code\findbugs\jsr305\3.0.2\jsr305-3.0.2.jar, C:\Users\harsh\.m2\repository\org\projectlombok\lombok\1.18.40\lombok-1.18.40.jar, C:\Users\harsh\.m2\repository\jakarta\activation\jakarta.activation-api\2.1.4\jakarta.activation-api-2.1.4.jar, C:\Users\harsh\.m2\repository\org\springframework\spring-core\6.2.11\spring-core-6.2.11.jar, C:\Users\harsh\.m2\repository\org\springframework\spring-jcl\6.2.11\spring-jcl-6.2.11.jar, C:\Users\harsh\.m2\repository\org\springframework\security\spring-security-core\6.5.5\spring-security-core-6.5.5.jar, C:\Users\harsh\.m2\repository\org\springframework\security\spring-security-crypto\6.5.5\spring-security-crypto-6.5.5.jar, C:\Users\harsh\.m2\repository\io\jsonwebtoken\jjwt-api\0.11.5\jjwt-api-0.11.5.jar, C:\Users\harsh\.m2\repository\com\fasterxml\jackson\core\jackson-databind\2.19.2\jackson-databind-2.19.2.jar, C:\Users\harsh\.m2\repository\com\fasterxml\jackson\core\jackson-annotations\2.19.2\jackson-annotations-2.19.2.jar, C:\Users\harsh\.m2\repository\com\fasterxml\jackson\core\jackson-core\2.19.2\jackson-core-2.19.2.jar, C:\Users\harsh\.m2\repository\com\cloudinary\cloudinary-http45\1.38.0\cloudinary-http45-1.38.0.jar, C:\Users\harsh\.m2\repository\com\cloudinary\cloudinary-core\1.38.0\cloudinary-core-1.38.0.jar, C:\Users\harsh\.m2\repository\org\apache\commons\commons-lang3\3.17.0\commons-lang3-3.17.0.jar, C:\Users\harsh\.m2\repository\org\apache\httpcomponents\httpclient\4.5.13\httpclient-4.5.13.jar, C:\Users\harsh\.m2\repository\org\apache\httpcomponents\httpcore\4.4.16\httpcore-4.4.16.jar, C:\Users\harsh\.m2\repository\commons-logging\commons-logging\1.2\commons-logging-1.2.jar, C:\Users\harsh\.m2\repository\commons-codec\commons-codec\1.18.0\commons-codec-1.18.0.jar, C:\Users\harsh\.m2\repository\org\apache\httpcomponents\httpmime\4.5.13\httpmime-4.5.13.jar, C:\Users\harsh\.m2\repository\com\bucket4j\bucket4j-core\8.7.0\bucket4j-core-8.7.0.jar, C:\Users\harsh\.m2\repository\org\springframework\boot\spring-boot-starter-websocket\3.5.6\spring-boot-starter-websocket-3.5.6.jar, C:\Users\harsh\.m2\repository\org\springframework\spring-messaging\6.2.11\spring-messaging-6.2.11.jar, C:\Users\harsh\.m2\repository\org\springframework\spring-websocket\6.2.11\spring-websocket-6.2.11.jar, C:\Users\harsh\.m2\repository\org\springframework\boot\spring-boot-starter-mail\3.5.6\spring-boot-starter-mail-3.5.6.jar, C:\Users\harsh\.m2\repository\org\springframework\spring-context-support\6.2.11\spring-context-support-6.2.11.jar, C:\Users\harsh\.m2\repository\org\eclipse\angus\jakarta.mail\2.0.4\jakarta.mail-2.0.4.jar]
[DEBUG]   (f) compileSourceRoots = [E:\Studysync new\studysync-backend\src\main\java]
[DEBUG]   (f) compilerId = javac
[DEBUG]   (f) createMissingPackageInfoClass = true
[DEBUG]   (f) debug = true
[DEBUG]   (f) debugFileName = javac
[DEBUG]   (f) enablePreview = false
[DEBUG]   (f) encoding = UTF-8
[DEBUG]   (f) failOnError = true
[DEBUG]   (f) failOnWarning = false
[DEBUG]   (f) fileExtensions = [jar, class]
[DEBUG]   (f) forceJavacCompilerUse = false
[DEBUG]   (f) forceLegacyJavacApi = false
[DEBUG]   (f) fork = false
[DEBUG]   (f) generatedSourcesDirectory = E:\Studysync new\studysync-backend\target\generated-sources\annotations
[DEBUG]   (f) moduleVersion = 0.0.1-SNAPSHOT
[DEBUG]   (f) mojoExecution = org.apache.maven.plugins:maven-compiler-plugin:3.14.0:compile {execution: default-compile}
[DEBUG]   (f) optimize = false
[DEBUG]   (f) outputDirectory = E:\Studysync new\studysync-backend\target\classes
[DEBUG]   (f) parameters = true
[DEBUG]   (f) project = MavenProject: com.studysync:studysync-backend:0.0.1-SNAPSHOT @ E:\Studysync new\studysync-backend\pom.xml
[DEBUG]   (f) projectArtifact = com.studysync:studysync-backend:jar:0.0.1-SNAPSHOT
[DEBUG]   (s) release = 21
[DEBUG]   (f) session = org.apache.maven.execution.MavenSession@2a869a16
[DEBUG]   (f) showCompilationChanges = false
[DEBUG]   (f) showDeprecation = false
[DEBUG]   (f) showWarnings = true
[DEBUG]   (f) skipMultiThreadWarning = false
[DEBUG]   (f) source = 1.8
[DEBUG]   (f) staleMillis = 0
[DEBUG]   (s) target = 1.8
[DEBUG]   (f) useIncrementalCompilation = true
[DEBUG]   (f) verbose = false
[DEBUG] -- end configuration --
[DEBUG] Using compiler 'javac'.
[DEBUG] Adding E:\Studysync new\studysync-backend\target\generated-sources\annotations to compile source roots:
  E:\Studysync new\studysync-backend\src\main\java
[DEBUG] New compile source roots:
  E:\Studysync new\studysync-backend\src\main\java
  E:\Studysync new\studysync-backend\target\generated-sources\annotations
[DEBUG] Dependency collection stats {ConflictMarker.analyzeTime=35800, ConflictMarker.markTime=23200, ConflictMarker.nodeCount=3, ConflictIdSorter.graphTime=8600, ConflictIdSorter.topsortTime=12000, ConflictIdSorter.conflictIdCount=2, ConflictIdSorter.conflictIdCycleCount=0, ConflictResolver.totalTime=106200, ConflictResolver.conflictItemCount=2, DfDependencyCollector.collectTime=8375400, DfDependencyCollector.transformTime=211200}
[DEBUG] CompilerReuseStrategy: reuseCreated
[DEBUG] useIncrementalCompilation enabled
[INFO] 	Stale source detected: E:\Studysync new\studysync-backend\src\main\java\com\studysync\studysyncbackend\dto\EnrollmentResponseDto.java
[INFO] 	Stale source detected: E:\Studysync new\studysync-backend\src\main\java\com\studysync\studysyncbackend\controller\QuizController.java
[INFO] 	Stale source detected: E:\Studysync new\studysync-backend\src\main\java\com\studysync\studysyncbackend\model\Question.java
[INFO] 	Stale source detected: E:\Studysync new\studysync-backend\src\main\java\com\studysync\studysyncbackend\repository\WishlistItemRepository.java
[INFO] 	Stale source detected: E:\Studysync new\studysync-backend\src\main\java\com\studysync\studysyncbackend\model\User.java
[INFO] 	Stale source detected: E:\Studysync new\studysync-backend\src\main\java\com\studysync\studysyncbackend\controller\UserController.java
[INFO] 	Stale source detected: E:\Studysync new\studysync-backend\src\main\java\com\studysync\studysyncbackend\repository\CertificateRepository.java
[INFO] 	Stale source detected: E:\Studysync new\studysync-backend\src\main\java\com\studysync\studysyncbackend\controller\TestController.java
[INFO] 	Stale source detected: E:\Studysync new\studysync-backend\src\main\java\com\studysync\studysyncbackend\service\FileStorageService.java
[INFO] 	Stale source detected: E:\Studysync new\studysync-backend\src\main\java\com\studysync\studysyncbackend\component\BadgeInitializer.java
[INFO] 	Stale source detected: E:\Studysync new\studysync-backend\src\main\java\com\studysync\studysyncbackend\repository\EnrollmentRepository.java
[INFO] 	Stale source detected: E:\Studysync new\studysync-backend\src\main\java\com\studysync\studysyncbackend\model\Module.java
[INFO] 	Stale source detected: E:\Studysync new\studysync-backend\src\main\java\com\studysync\studysyncbackend\repository\EarnedBadgeRepository.java
[INFO] 	Stale source detected: E:\Studysync new\studysync-backend\src\main\java\com\studysync\studysyncbackend\controller\SystemController.java
[INFO] 	Stale source detected: E:\Studysync new\studysync-backend\src\main\java\com\studysync\studysyncbackend\controller\ChatController.java
[INFO] 	Stale source detected: E:\Studysync new\studysync-backend\src\main\java\com\studysync\studysyncbackend\controller\WishlistController.java
[INFO] 	Stale source detected: E:\Studysync new\studysync-backend\src\main\java\com\studysync\studysyncbackend\model\Role.java
[INFO] 	Stale source detected: E:\Studysync new\studysync-backend\src\main\java\com\studysync\studysyncbackend\dto\TutorLeaderboardEntryDto.java
[INFO] 	Stale source detected: E:\Studysync new\studysync-backend\src\main\java\com\studysync\studysyncbackend\dto\AuthenticationResponse.java
[INFO] 	Stale source detected: E:\Studysync new\studysync-backend\src\main\java\com\studysync\studysyncbackend\model\Course.java
[INFO] 	Stale source detected: E:\Studysync new\studysync-backend\src\main\java\com\studysync\studysyncbackend\repository\QuizRepository.java
[INFO] 	Stale source detected: E:\Studysync new\studysync-backend\src\main\java\com\studysync\studysyncbackend\dto\QuizRequestDto.java
[INFO] 	Stale source detected: E:\Studysync new\studysync-backend\src\main\java\com\studysync\studysyncbackend\model\EarnedBadge.java
[INFO] 	Stale source detected: E:\Studysync new\studysync-backend\src\main\java\com\studysync\studysyncbackend\model\SystemSettings.java
[INFO] 	Stale source detected: E:\Studysync new\studysync-backend\src\main\java\com\studysync\studysyncbackend\repository\ModuleProgressRepository.java
[INFO] 	Stale source detected: E:\Studysync new\studysync-backend\src\main\java\com\studysync\studysyncbackend\service\EmailService.java
[INFO] 	Stale source detected: E:\Studysync new\studysync-backend\src\main\java\com\studysync\studysyncbackend\config\JwtAuthenticationFilter.java
[INFO] 	Stale source detected: E:\Studysync new\studysync-backend\src\main\java\com\studysync\studysyncbackend\repository\ModuleRepository.java
[INFO] 	Stale source detected: E:\Studysync new\studysync-backend\src\main\java\com\studysync\studysyncbackend\model\ApprovalStatus.java
[INFO] 	Stale source detected: E:\Studysync new\studysync-backend\src\main\java\com\studysync\studysyncbackend\controller\GamificationController.java
[INFO] 	Stale source detected: E:\Studysync new\studysync-backend\src\main\java\com\studysync\studysyncbackend\dto\EnrollmentRequestDto.java
[INFO] 	Stale source detected: E:\Studysync new\studysync-backend\src\main\java\com\studysync\studysyncbackend\dto\LeaderboardEntryDto.java
[INFO] 	Stale source detected: E:\Studysync new\studysync-backend\src\main\java\com\studysync\studysyncbackend\dto\QuestionDto.java
[INFO] 	Stale source detected: E:\Studysync new\studysync-backend\src\main\java\com\studysync\studysyncbackend\model\Discussion.java
[INFO] 	Stale source detected: E:\Studysync new\studysync-backend\src\main\java\com\studysync\studysyncbackend\dto\ModuleResponseDto.java
[INFO] 	Stale source detected: E:\Studysync new\studysync-backend\src\main\java\com\studysync\studysyncbackend\service\EnrollmentService.java
[INFO] 	Stale source detected: E:\Studysync new\studysync-backend\src\main\java\com\studysync\studysyncbackend\service\WishlistService.java
[INFO] 	Stale source detected: E:\Studysync new\studysync-backend\src\main\java\com\studysync\studysyncbackend\dto\AuthenticationRequest.java
[INFO] 	Stale source detected: E:\Studysync new\studysync-backend\src\main\java\com\studysync\studysyncbackend\dto\QuizResultDto.java
[INFO] 	Stale source detected: E:\Studysync new\studysync-backend\src\main\java\com\studysync\studysyncbackend\controller\DiscussionController.java
[INFO] 	Stale source detected: E:\Studysync new\studysync-backend\src\main\java\com\studysync\studysyncbackend\repository\SystemSettingsRepository.java
[INFO] 	Stale source detected: E:\Studysync new\studysync-backend\src\main\java\com\studysync\studysyncbackend\dto\QuizResponseDto.java
[INFO] 	Stale source detected: E:\Studysync new\studysync-backend\src\main\java\com\studysync\studysyncbackend\dto\RegisterRequest.java
[INFO] 	Stale source detected: E:\Studysync new\studysync-backend\src\main\java\com\studysync\studysyncbackend\dto\CourseRequestDto.java
[INFO] 	Stale source detected: E:\Studysync new\studysync-backend\src\main\java\com\studysync\studysyncbackend\service\JwtService.java
[INFO] 	Stale source detected: E:\Studysync new\studysync-backend\src\main\java\com\studysync\studysyncbackend\model\Certificate.java
[INFO] 	Stale source detected: E:\Studysync new\studysync-backend\src\main\java\com\studysync\studysyncbackend\repository\BadgeRepository.java
[INFO] 	Stale source detected: E:\Studysync new\studysync-backend\src\main\java\com\studysync\studysyncbackend\controller\AdminController.java
[INFO] 	Stale source detected: E:\Studysync new\studysync-backend\src\main\java\com\studysync\studysyncbackend\repository\UserRepository.java
[INFO] 	Stale source detected: E:\Studysync new\studysync-backend\src\main\java\com\studysync\studysyncbackend\controller\TestEmailController.java
[INFO] 	Stale source detected: E:\Studysync new\studysync-backend\src\main\java\com\studysync\studysyncbackend\model\WishlistItem.java
[INFO] 	Stale source detected: E:\Studysync new\studysync-backend\src\main\java\com\studysync\studysyncbackend\config\CloudinaryConfig.java
[INFO] 	Stale source detected: E:\Studysync new\studysync-backend\src\main\java\com\studysync\studysyncbackend\model\UserActivity.java
[INFO] 	Stale source detected: E:\Studysync new\studysync-backend\src\main\java\com\studysync\studysyncbackend\dto\ChatMessageDto.java
[INFO] 	Stale source detected: E:\Studysync new\studysync-backend\src\main\java\com\studysync\studysyncbackend\config\WebSocketConfig.java
[INFO] 	Stale source detected: E:\Studysync new\studysync-backend\src\main\java\com\studysync\studysyncbackend\dto\UserProfileUpdateDto.java
[INFO] 	Stale source detected: E:\Studysync new\studysync-backend\src\main\java\com\studysync\studysyncbackend\controller\EnrollmentController.java
[INFO] 	Stale source detected: E:\Studysync new\studysync-backend\src\main\java\com\studysync\studysyncbackend\model\Quiz.java
[INFO] 	Stale source detected: E:\Studysync new\studysync-backend\src\main\java\com\studysync\studysyncbackend\service\UserActivityService.java
[INFO] 	Stale source detected: E:\Studysync new\studysync-backend\src\main\java\com\studysync\studysyncbackend\model\Enrollment.java
[INFO] 	Stale source detected: E:\Studysync new\studysync-backend\src\main\java\com\studysync\studysyncbackend\repository\CourseRepository.java
[INFO] 	Stale source detected: E:\Studysync new\studysync-backend\src\main\java\com\studysync\studysyncbackend\service\AuthenticationService.java
[INFO] 	Stale source detected: E:\Studysync new\studysync-backend\src\main\java\com\studysync\studysyncbackend\StudysyncBackendApplication.java
[INFO] 	Stale source detected: E:\Studysync new\studysync-backend\src\main\java\com\studysync\studysyncbackend\service\SystemSettingsService.java
[INFO] 	Stale source detected: E:\Studysync new\studysync-backend\src\main\java\com\studysync\studysyncbackend\controller\SystemSettingsController.java
[INFO] 	Stale source detected: E:\Studysync new\studysync-backend\src\main\java\com\studysync\studysyncbackend\config\WebConfig.java
[INFO] 	Stale source detected: E:\Studysync new\studysync-backend\src\main\java\com\studysync\studysyncbackend\dto\CourseComparisonDto.java
[INFO] 	Stale source detected: E:\Studysync new\studysync-backend\src\main\java\com\studysync\studysyncbackend\controller\CertificateController.java
[INFO] 	Stale source detected: E:\Studysync new\studysync-backend\src\main\java\com\studysync\studysyncbackend\repository\UserActivityRepository.java
[INFO] 	Stale source detected: E:\Studysync new\studysync-backend\src\main\java\com\studysync\studysyncbackend\service\CertificateService.java
[INFO] 	Stale source detected: E:\Studysync new\studysync-backend\src\main\java\com\studysync\studysyncbackend\controller\CourseController.java
[INFO] 	Stale source detected: E:\Studysync new\studysync-backend\src\main\java\com\studysync\studysyncbackend\controller\FileController.java
[INFO] 	Stale source detected: E:\Studysync new\studysync-backend\src\main\java\com\studysync\studysyncbackend\dto\TutorDto.java
[INFO] 	Stale source detected: E:\Studysync new\studysync-backend\src\main\java\com\studysync\studysyncbackend\dto\QuizSubmissionDto.java
[INFO] 	Stale source detected: E:\Studysync new\studysync-backend\src\main\java\com\studysync\studysyncbackend\dto\ModuleRequestDto.java
[INFO] 	Stale source detected: E:\Studysync new\studysync-backend\src\main\java\com\studysync\studysyncbackend\dto\WishlistItemResponseDto.java
[INFO] 	Stale source detected: E:\Studysync new\studysync-backend\src\main\java\com\studysync\studysyncbackend\repository\DiscussionRepository.java
[INFO] 	Stale source detected: E:\Studysync new\studysync-backend\src\main\java\com\studysync\studysyncbackend\service\GamificationService.java
[INFO] 	Stale source detected: E:\Studysync new\studysync-backend\src\main\java\com\studysync\studysyncbackend\service\QuizService.java
[INFO] 	Stale source detected: E:\Studysync new\studysync-backend\src\main\java\com\studysync\studysyncbackend\dto\ApiError.java
[INFO] 	Stale source detected: E:\Studysync new\studysync-backend\src\main\java\com\studysync\studysyncbackend\config\DataInitializer.java
[INFO] 	Stale source detected: E:\Studysync new\studysync-backend\src\main\java\com\studysync\studysyncbackend\dto\CourseResponseDto.java
[INFO] 	Stale source detected: E:\Studysync new\studysync-backend\src\main\java\com\studysync\studysyncbackend\service\CourseService.java
[INFO] 	Stale source detected: E:\Studysync new\studysync-backend\src\main\java\com\studysync\studysyncbackend\model\ModuleProgress.java
[INFO] 	Stale source detected: E:\Studysync new\studysync-backend\src\main\java\com\studysync\studysyncbackend\model\Badge.java
[INFO] 	Stale source detected: E:\Studysync new\studysync-backend\src\main\java\com\studysync\studysyncbackend\controller\AuthenticationController.java
[INFO] 	Stale source detected: E:\Studysync new\studysync-backend\src\main\java\com\studysync\studysyncbackend\exception\GlobalExceptionHandler.java
[INFO] 	Stale source detected: E:\Studysync new\studysync-backend\src\main\java\com\studysync\studysyncbackend\config\SecurityConfig.java
[INFO] 	Input tree files (+): E:\Studysync new\studysync-backend\src\main\java\com\studysync\studysyncbackend\component\BadgeInitializer.java
[INFO] 	Input tree files (+): E:\Studysync new\studysync-backend\src\main\java\com\studysync\studysyncbackend\config\CloudinaryConfig.java
[INFO] 	Input tree files (+): E:\Studysync new\studysync-backend\src\main\java\com\studysync\studysyncbackend\config\DataInitializer.java
[INFO] 	Input tree files (+): E:\Studysync new\studysync-backend\src\main\java\com\studysync\studysyncbackend\config\JwtAuthenticationFilter.java
[INFO] 	Input tree files (+): E:\Studysync new\studysync-backend\src\main\java\com\studysync\studysyncbackend\config\SecurityConfig.java
[INFO] 	Input tree files (+): E:\Studysync new\studysync-backend\src\main\java\com\studysync\studysyncbackend\config\WebConfig.java
[INFO] 	Input tree files (+): E:\Studysync new\studysync-backend\src\main\java\com\studysync\studysyncbackend\config\WebSocketConfig.java
[INFO] 	Input tree files (+): E:\Studysync new\studysync-backend\src\main\java\com\studysync\studysyncbackend\controller\AdminController.java
[INFO] 	Input tree files (+): E:\Studysync new\studysync-backend\src\main\java\com\studysync\studysyncbackend\controller\AuthenticationController.java
[INFO] 	Input tree files (+): E:\Studysync new\studysync-backend\src\main\java\com\studysync\studysyncbackend\controller\CertificateController.java
[INFO] 	Input tree files (+): E:\Studysync new\studysync-backend\src\main\java\com\studysync\studysyncbackend\controller\ChatController.java
[INFO] 	Input tree files (+): E:\Studysync new\studysync-backend\src\main\java\com\studysync\studysyncbackend\controller\CourseController.java
[INFO] 	Input tree files (+): E:\Studysync new\studysync-backend\src\main\java\com\studysync\studysyncbackend\controller\DiscussionController.java
[INFO] 	Input tree files (+): E:\Studysync new\studysync-backend\src\main\java\com\studysync\studysyncbackend\controller\EnrollmentController.java
[INFO] 	Input tree files (+): E:\Studysync new\studysync-backend\src\main\java\com\studysync\studysyncbackend\controller\FileController.java
[INFO] 	Input tree files (+): E:\Studysync new\studysync-backend\src\main\java\com\studysync\studysyncbackend\controller\GamificationController.java
[INFO] 	Input tree files (+): E:\Studysync new\studysync-backend\src\main\java\com\studysync\studysyncbackend\controller\QuizController.java
[INFO] 	Input tree files (+): E:\Studysync new\studysync-backend\src\main\java\com\studysync\studysyncbackend\controller\SystemController.java
[INFO] 	Input tree files (+): E:\Studysync new\studysync-backend\src\main\java\com\studysync\studysyncbackend\controller\SystemSettingsController.java
[INFO] 	Input tree files (+): E:\Studysync new\studysync-backend\src\main\java\com\studysync\studysyncbackend\controller\TestController.java
[INFO] 	Input tree files (+): E:\Studysync new\studysync-backend\src\main\java\com\studysync\studysyncbackend\controller\TestEmailController.java
[INFO] 	Input tree files (+): E:\Studysync new\studysync-backend\src\main\java\com\studysync\studysyncbackend\controller\UserController.java
[INFO] 	Input tree files (+): E:\Studysync new\studysync-backend\src\main\java\com\studysync\studysyncbackend\controller\WishlistController.java
[INFO] 	Input tree files (+): E:\Studysync new\studysync-backend\src\main\java\com\studysync\studysyncbackend\dto\ApiError.java
[INFO] 	Input tree files (+): E:\Studysync new\studysync-backend\src\main\java\com\studysync\studysyncbackend\dto\AuthenticationRequest.java
[INFO] 	Input tree files (+): E:\Studysync new\studysync-backend\src\main\java\com\studysync\studysyncbackend\dto\AuthenticationResponse.java
[INFO] 	Input tree files (+): E:\Studysync new\studysync-backend\src\main\java\com\studysync\studysyncbackend\dto\ChatMessageDto.java
[INFO] 	Input tree files (+): E:\Studysync new\studysync-backend\src\main\java\com\studysync\studysyncbackend\dto\CourseComparisonDto.java
[INFO] 	Input tree files (+): E:\Studysync new\studysync-backend\src\main\java\com\studysync\studysyncbackend\dto\CourseRequestDto.java
[INFO] 	Input tree files (+): E:\Studysync new\studysync-backend\src\main\java\com\studysync\studysyncbackend\dto\CourseResponseDto.java
[INFO] 	Input tree files (+): E:\Studysync new\studysync-backend\src\main\java\com\studysync\studysyncbackend\dto\EnrollmentRequestDto.java
[INFO] 	Input tree files (+): E:\Studysync new\studysync-backend\src\main\java\com\studysync\studysyncbackend\dto\EnrollmentResponseDto.java
[INFO] 	Input tree files (+): E:\Studysync new\studysync-backend\src\main\java\com\studysync\studysyncbackend\dto\LeaderboardEntryDto.java
[INFO] 	Input tree files (+): E:\Studysync new\studysync-backend\src\main\java\com\studysync\studysyncbackend\dto\ModuleRequestDto.java
[INFO] 	Input tree files (+): E:\Studysync new\studysync-backend\src\main\java\com\studysync\studysyncbackend\dto\ModuleResponseDto.java
[INFO] 	Input tree files (+): E:\Studysync new\studysync-backend\src\main\java\com\studysync\studysyncbackend\dto\QuestionDto.java
[INFO] 	Input tree files (+): E:\Studysync new\studysync-backend\src\main\java\com\studysync\studysyncbackend\dto\QuizRequestDto.java
[INFO] 	Input tree files (+): E:\Studysync new\studysync-backend\src\main\java\com\studysync\studysyncbackend\dto\QuizResponseDto.java
[INFO] 	Input tree files (+): E:\Studysync new\studysync-backend\src\main\java\com\studysync\studysyncbackend\dto\QuizResultDto.java
[INFO] 	Input tree files (+): E:\Studysync new\studysync-backend\src\main\java\com\studysync\studysyncbackend\dto\QuizSubmissionDto.java
[INFO] 	Input tree files (+): E:\Studysync new\studysync-backend\src\main\java\com\studysync\studysyncbackend\dto\RegisterRequest.java
[INFO] 	Input tree files (+): E:\Studysync new\studysync-backend\src\main\java\com\studysync\studysyncbackend\dto\TutorDto.java
[INFO] 	Input tree files (+): E:\Studysync new\studysync-backend\src\main\java\com\studysync\studysyncbackend\dto\TutorLeaderboardEntryDto.java
[INFO] 	Input tree files (+): E:\Studysync new\studysync-backend\src\main\java\com\studysync\studysyncbackend\dto\UserProfileUpdateDto.java
[INFO] 	Input tree files (+): E:\Studysync new\studysync-backend\src\main\java\com\studysync\studysyncbackend\dto\WishlistItemResponseDto.java
[INFO] 	Input tree files (+): E:\Studysync new\studysync-backend\src\main\java\com\studysync\studysyncbackend\exception\GlobalExceptionHandler.java
[INFO] 	Input tree files (+): E:\Studysync new\studysync-backend\src\main\java\com\studysync\studysyncbackend\model\ApprovalStatus.java
[INFO] 	Input tree files (+): E:\Studysync new\studysync-backend\src\main\java\com\studysync\studysyncbackend\model\Badge.java
[INFO] 	Input tree files (+): E:\Studysync new\studysync-backend\src\main\java\com\studysync\studysyncbackend\model\Certificate.java
[INFO] 	Input tree files (+): E:\Studysync new\studysync-backend\src\main\java\com\studysync\studysyncbackend\model\Course.java
[INFO] 	Input tree files (+): E:\Studysync new\studysync-backend\src\main\java\com\studysync\studysyncbackend\model\Discussion.java
[INFO] 	Input tree files (+): E:\Studysync new\studysync-backend\src\main\java\com\studysync\studysyncbackend\model\EarnedBadge.java
[INFO] 	Input tree files (+): E:\Studysync new\studysync-backend\src\main\java\com\studysync\studysyncbackend\model\Enrollment.java
[INFO] 	Input tree files (+): E:\Studysync new\studysync-backend\src\main\java\com\studysync\studysyncbackend\model\Module.java
[INFO] 	Input tree files (+): E:\Studysync new\studysync-backend\src\main\java\com\studysync\studysyncbackend\model\ModuleProgress.java
[INFO] 	Input tree files (+): E:\Studysync new\studysync-backend\src\main\java\com\studysync\studysyncbackend\model\Question.java
[INFO] 	Input tree files (+): E:\Studysync new\studysync-backend\src\main\java\com\studysync\studysyncbackend\model\Quiz.java
[INFO] 	Input tree files (+): E:\Studysync new\studysync-backend\src\main\java\com\studysync\studysyncbackend\model\Role.java
[INFO] 	Input tree files (+): E:\Studysync new\studysync-backend\src\main\java\com\studysync\studysyncbackend\model\SystemSettings.java
[INFO] 	Input tree files (+): E:\Studysync new\studysync-backend\src\main\java\com\studysync\studysyncbackend\model\User.java
[INFO] 	Input tree files (+): E:\Studysync new\studysync-backend\src\main\java\com\studysync\studysyncbackend\model\UserActivity.java
[INFO] 	Input tree files (+): E:\Studysync new\studysync-backend\src\main\java\com\studysync\studysyncbackend\model\WishlistItem.java
[INFO] 	Input tree files (+): E:\Studysync new\studysync-backend\src\main\java\com\studysync\studysyncbackend\repository\BadgeRepository.java
[INFO] 	Input tree files (+): E:\Studysync new\studysync-backend\src\main\java\com\studysync\studysyncbackend\repository\CertificateRepository.java
[INFO] 	Input tree files (+): E:\Studysync new\studysync-backend\src\main\java\com\studysync\studysyncbackend\repository\CourseRepository.java
[INFO] 	Input tree files (+): E:\Studysync new\studysync-backend\src\main\java\com\studysync\studysyncbackend\repository\DiscussionRepository.java
[INFO] 	Input tree files (+): E:\Studysync new\studysync-backend\src\main\java\com\studysync\studysyncbackend\repository\EarnedBadgeRepository.java
[INFO] 	Input tree files (+): E:\Studysync new\studysync-backend\src\main\java\com\studysync\studysyncbackend\repository\EnrollmentRepository.java
[INFO] 	Input tree files (+): E:\Studysync new\studysync-backend\src\main\java\com\studysync\studysyncbackend\repository\ModuleProgressRepository.java
[INFO] 	Input tree files (+): E:\Studysync new\studysync-backend\src\main\java\com\studysync\studysyncbackend\repository\ModuleRepository.java
[INFO] 	Input tree files (+): E:\Studysync new\studysync-backend\src\main\java\com\studysync\studysyncbackend\repository\QuizRepository.java
[INFO] 	Input tree files (+): E:\Studysync new\studysync-backend\src\main\java\com\studysync\studysyncbackend\repository\SystemSettingsRepository.java
[INFO] 	Input tree files (+): E:\Studysync new\studysync-backend\src\main\java\com\studysync\studysyncbackend\repository\UserActivityRepository.java
[INFO] 	Input tree files (+): E:\Studysync new\studysync-backend\src\main\java\com\studysync\studysyncbackend\repository\UserRepository.java
[INFO] 	Input tree files (+): E:\Studysync new\studysync-backend\src\main\java\com\studysync\studysyncbackend\repository\WishlistItemRepository.java
[INFO] 	Input tree files (+): E:\Studysync new\studysync-backend\src\main\java\com\studysync\studysyncbackend\service\AuthenticationService.java
[INFO] 	Input tree files (+): E:\Studysync new\studysync-backend\src\main\java\com\studysync\studysyncbackend\service\CertificateService.java
[INFO] 	Input tree files (+): E:\Studysync new\studysync-backend\src\main\java\com\studysync\studysyncbackend\service\CourseService.java
[INFO] 	Input tree files (+): E:\Studysync new\studysync-backend\src\main\java\com\studysync\studysyncbackend\service\EmailService.java
[INFO] 	Input tree files (+): E:\Studysync new\studysync-backend\src\main\java\com\studysync\studysyncbackend\service\EnrollmentService.java
[INFO] 	Input tree files (+): E:\Studysync new\studysync-backend\src\main\java\com\studysync\studysyncbackend\service\FileStorageService.java
[INFO] 	Input tree files (+): E:\Studysync new\studysync-backend\src\main\java\com\studysync\studysyncbackend\service\GamificationService.java
[INFO] 	Input tree files (+): E:\Studysync new\studysync-backend\src\main\java\com\studysync\studysyncbackend\service\JwtService.java
[INFO] 	Input tree files (+): E:\Studysync new\studysync-backend\src\main\java\com\studysync\studysyncbackend\service\QuizService.java
[INFO] 	Input tree files (+): E:\Studysync new\studysync-backend\src\main\java\com\studysync\studysyncbackend\service\SystemSettingsService.java
[INFO] 	Input tree files (+): E:\Studysync new\studysync-backend\src\main\java\com\studysync\studysyncbackend\service\UserActivityService.java
[INFO] 	Input tree files (+): E:\Studysync new\studysync-backend\src\main\java\com\studysync\studysyncbackend\service\WishlistService.java
[INFO] 	Input tree files (+): E:\Studysync new\studysync-backend\src\main\java\com\studysync\studysyncbackend\StudysyncBackendApplication.java
[INFO] Recompiling the module because of changed source code.
[DEBUG] Classpath:
[DEBUG]  E:\Studysync new\studysync-backend\target\classes
[DEBUG]  C:\Users\harsh\.m2\repository\org\springframework\boot\spring-boot-starter-actuator\3.5.6\spring-boot-starter-actuator-3.5.6.jar
[DEBUG]  C:\Users\harsh\.m2\repository\org\springframework\boot\spring-boot-starter\3.5.6\spring-boot-starter-3.5.6.jar
[DEBUG]  C:\Users\harsh\.m2\repository\org\springframework\boot\spring-boot-starter-logging\3.5.6\spring-boot-starter-logging-3.5.6.jar
[DEBUG]  C:\Users\harsh\.m2\repository\ch\qos\logback\logback-classic\1.5.18\logback-classic-1.5.18.jar
[DEBUG]  C:\Users\harsh\.m2\repository\ch\qos\logback\logback-core\1.5.18\logback-core-1.5.18.jar
[DEBUG]  C:\Users\harsh\.m2\repository\org\apache\logging\log4j\log4j-to-slf4j\2.24.3\log4j-to-slf4j-2.24.3.jar
[DEBUG]  C:\Users\harsh\.m2\repository\org\apache\logging\log4j\log4j-api\2.24.3\log4j-api-2.24.3.jar
[DEBUG]  C:\Users\harsh\.m2\repository\org\slf4j\jul-to-slf4j\2.0.17\jul-to-slf4j-2.0.17.jar
[DEBUG]  C:\Users\harsh\.m2\repository\jakarta\annotation\jakarta.annotation-api\2.1.1\jakarta.annotation-api-2.1.1.jar
[DEBUG]  C:\Users\harsh\.m2\repository\org\yaml\snakeyaml\2.4\snakeyaml-2.4.jar
[DEBUG]  C:\Users\harsh\.m2\repository\org\springframework\boot\spring-boot-actuator-autoconfigure\3.5.6\spring-boot-actuator-autoconfigure-3.5.6.jar
[DEBUG]  C:\Users\harsh\.m2\repository\org\springframework\boot\spring-boot-actuator\3.5.6\spring-boot-actuator-3.5.6.jar
[DEBUG]  C:\Users\harsh\.m2\repository\com\fasterxml\jackson\datatype\jackson-datatype-jsr310\2.19.2\jackson-datatype-jsr310-2.19.2.jar
[DEBUG]  C:\Users\harsh\.m2\repository\io\micrometer\micrometer-observation\1.15.4\micrometer-observation-1.15.4.jar
[DEBUG]  C:\Users\harsh\.m2\repository\io\micrometer\micrometer-commons\1.15.4\micrometer-commons-1.15.4.jar
[DEBUG]  C:\Users\harsh\.m2\repository\io\micrometer\micrometer-jakarta9\1.15.4\micrometer-jakarta9-1.15.4.jar
[DEBUG]  C:\Users\harsh\.m2\repository\io\micrometer\micrometer-core\1.15.4\micrometer-core-1.15.4.jar
[DEBUG]  C:\Users\harsh\.m2\repository\org\springframework\boot\spring-boot-starter-data-jpa\3.5.6\spring-boot-starter-data-jpa-3.5.6.jar
[DEBUG]  C:\Users\harsh\.m2\repository\org\springframework\boot\spring-boot-starter-jdbc\3.5.6\spring-boot-starter-jdbc-3.5.6.jar
[DEBUG]  C:\Users\harsh\.m2\repository\com\zaxxer\HikariCP\6.3.3\HikariCP-6.3.3.jar
[DEBUG]  C:\Users\harsh\.m2\repository\org\springframework\spring-jdbc\6.2.11\spring-jdbc-6.2.11.jar
[DEBUG]  C:\Users\harsh\.m2\repository\org\hibernate\orm\hibernate-core\6.6.29.Final\hibernate-core-6.6.29.Final.jar
[DEBUG]  C:\Users\harsh\.m2\repository\jakarta\persistence\jakarta.persistence-api\3.1.0\jakarta.persistence-api-3.1.0.jar
[DEBUG]  C:\Users\harsh\.m2\repository\jakarta\transaction\jakarta.transaction-api\2.0.1\jakarta.transaction-api-2.0.1.jar
[DEBUG]  C:\Users\harsh\.m2\repository\org\jboss\logging\jboss-logging\3.6.1.Final\jboss-logging-3.6.1.Final.jar
[DEBUG]  C:\Users\harsh\.m2\repository\com\fasterxml\classmate\1.7.0\classmate-1.7.0.jar
[DEBUG]  C:\Users\harsh\.m2\repository\org\antlr\antlr4-runtime\4.13.0\antlr4-runtime-4.13.0.jar
[DEBUG]  C:\Users\harsh\.m2\repository\org\springframework\data\spring-data-jpa\3.5.4\spring-data-jpa-3.5.4.jar
[DEBUG]  C:\Users\harsh\.m2\repository\org\springframework\data\spring-data-commons\3.5.4\spring-data-commons-3.5.4.jar
[DEBUG]  C:\Users\harsh\.m2\repository\org\springframework\spring-orm\6.2.11\spring-orm-6.2.11.jar
[DEBUG]  C:\Users\harsh\.m2\repository\org\springframework\spring-context\6.2.11\spring-context-6.2.11.jar
[DEBUG]  C:\Users\harsh\.m2\repository\org\springframework\spring-tx\6.2.11\spring-tx-6.2.11.jar
[DEBUG]  C:\Users\harsh\.m2\repository\org\springframework\spring-beans\6.2.11\spring-beans-6.2.11.jar
[DEBUG]  C:\Users\harsh\.m2\repository\org\slf4j\slf4j-api\2.0.17\slf4j-api-2.0.17.jar
[DEBUG]  C:\Users\harsh\.m2\repository\org\springframework\spring-aspects\6.2.11\spring-aspects-6.2.11.jar
[DEBUG]  C:\Users\harsh\.m2\repository\org\aspectj\aspectjweaver\1.9.24\aspectjweaver-1.9.24.jar
[DEBUG]  C:\Users\harsh\.m2\repository\org\springframework\boot\spring-boot-configuration-processor\3.5.6\spring-boot-configuration-processor-3.5.6.jar
[DEBUG]  C:\Users\harsh\.m2\repository\org\springframework\boot\spring-boot-starter-security\3.5.6\spring-boot-starter-security-3.5.6.jar
[DEBUG]  C:\Users\harsh\.m2\repository\org\springframework\spring-aop\6.2.11\spring-aop-6.2.11.jar
[DEBUG]  C:\Users\harsh\.m2\repository\org\springframework\security\spring-security-config\6.5.5\spring-security-config-6.5.5.jar
[DEBUG]  C:\Users\harsh\.m2\repository\org\springframework\security\spring-security-web\6.5.5\spring-security-web-6.5.5.jar
[DEBUG]  C:\Users\harsh\.m2\repository\org\springframework\spring-expression\6.2.11\spring-expression-6.2.11.jar
[DEBUG]  C:\Users\harsh\.m2\repository\org\springframework\boot\spring-boot-starter-validation\3.5.6\spring-boot-starter-validation-3.5.6.jar
[DEBUG]  C:\Users\harsh\.m2\repository\org\apache\tomcat\embed\tomcat-embed-el\10.1.46\tomcat-embed-el-10.1.46.jar
[DEBUG]  C:\Users\harsh\.m2\repository\org\hibernate\validator\hibernate-validator\8.0.3.Final\hibernate-validator-8.0.3.Final.jar
[DEBUG]  C:\Users\harsh\.m2\repository\jakarta\validation\jakarta.validation-api\3.0.2\jakarta.validation-api-3.0.2.jar
[DEBUG]  C:\Users\harsh\.m2\repository\org\springframework\boot\spring-boot-starter-web\3.5.6\spring-boot-starter-web-3.5.6.jar
[DEBUG]  C:\Users\harsh\.m2\repository\org\springframework\boot\spring-boot-starter-json\3.5.6\spring-boot-starter-json-3.5.6.jar
[DEBUG]  C:\Users\harsh\.m2\repository\com\fasterxml\jackson\datatype\jackson-datatype-jdk8\2.19.2\jackson-datatype-jdk8-2.19.2.jar
[DEBUG]  C:\Users\harsh\.m2\repository\com\fasterxml\jackson\module\jackson-module-parameter-names\2.19.2\jackson-module-parameter-names-2.19.2.jar
[DEBUG]  C:\Users\harsh\.m2\repository\org\springframework\boot\spring-boot-starter-tomcat\3.5.6\spring-boot-starter-tomcat-3.5.6.jar
[DEBUG]  C:\Users\harsh\.m2\repository\org\apache\tomcat\embed\tomcat-embed-core\10.1.46\tomcat-embed-core-10.1.46.jar
[DEBUG]  C:\Users\harsh\.m2\repository\org\apache\tomcat\embed\tomcat-embed-websocket\10.1.46\tomcat-embed-websocket-10.1.46.jar
[DEBUG]  C:\Users\harsh\.m2\repository\org\springframework\spring-web\6.2.11\spring-web-6.2.11.jar
[DEBUG]  C:\Users\harsh\.m2\repository\org\springframework\spring-webmvc\6.2.11\spring-webmvc-6.2.11.jar
[DEBUG]  C:\Users\harsh\.m2\repository\org\springframework\boot\spring-boot\3.5.6\spring-boot-3.5.6.jar
[DEBUG]  C:\Users\harsh\.m2\repository\org\springframework\boot\spring-boot-autoconfigure\3.5.6\spring-boot-autoconfigure-3.5.6.jar
[DEBUG]  C:\Users\harsh\.m2\repository\com\github\librepdf\openpdf\1.3.30\openpdf-1.3.30.jar
[DEBUG]  C:\Users\harsh\.m2\repository\com\google\code\findbugs\jsr305\3.0.2\jsr305-3.0.2.jar
[DEBUG]  C:\Users\harsh\.m2\repository\org\projectlombok\lombok\1.18.40\lombok-1.18.40.jar
[DEBUG]  C:\Users\harsh\.m2\repository\jakarta\activation\jakarta.activation-api\2.1.4\jakarta.activation-api-2.1.4.jar
[DEBUG]  C:\Users\harsh\.m2\repository\org\springframework\spring-core\6.2.11\spring-core-6.2.11.jar
[DEBUG]  C:\Users\harsh\.m2\repository\org\springframework\spring-jcl\6.2.11\spring-jcl-6.2.11.jar
[DEBUG]  C:\Users\harsh\.m2\repository\org\springframework\security\spring-security-core\6.5.5\spring-security-core-6.5.5.jar
[DEBUG]  C:\Users\harsh\.m2\repository\org\springframework\security\spring-security-crypto\6.5.5\spring-security-crypto-6.5.5.jar
[DEBUG]  C:\Users\harsh\.m2\repository\io\jsonwebtoken\jjwt-api\0.11.5\jjwt-api-0.11.5.jar
[DEBUG]  C:\Users\harsh\.m2\repository\com\fasterxml\jackson\core\jackson-databind\2.19.2\jackson-databind-2.19.2.jar
[DEBUG]  C:\Users\harsh\.m2\repository\com\fasterxml\jackson\core\jackson-annotations\2.19.2\jackson-annotations-2.19.2.jar
[DEBUG]  C:\Users\harsh\.m2\repository\com\fasterxml\jackson\core\jackson-core\2.19.2\jackson-core-2.19.2.jar
[DEBUG]  C:\Users\harsh\.m2\repository\com\cloudinary\cloudinary-http45\1.38.0\cloudinary-http45-1.38.0.jar
[DEBUG]  C:\Users\harsh\.m2\repository\com\cloudinary\cloudinary-core\1.38.0\cloudinary-core-1.38.0.jar
[DEBUG]  C:\Users\harsh\.m2\repository\org\apache\commons\commons-lang3\3.17.0\commons-lang3-3.17.0.jar
[DEBUG]  C:\Users\harsh\.m2\repository\org\apache\httpcomponents\httpclient\4.5.13\httpclient-4.5.13.jar
[DEBUG]  C:\Users\harsh\.m2\repository\org\apache\httpcomponents\httpcore\4.4.16\httpcore-4.4.16.jar
[DEBUG]  C:\Users\harsh\.m2\repository\commons-logging\commons-logging\1.2\commons-logging-1.2.jar
[DEBUG]  C:\Users\harsh\.m2\repository\commons-codec\commons-codec\1.18.0\commons-codec-1.18.0.jar
[DEBUG]  C:\Users\harsh\.m2\repository\org\apache\httpcomponents\httpmime\4.5.13\httpmime-4.5.13.jar
[DEBUG]  C:\Users\harsh\.m2\repository\com\bucket4j\bucket4j-core\8.7.0\bucket4j-core-8.7.0.jar
[DEBUG]  C:\Users\harsh\.m2\repository\org\springframework\boot\spring-boot-starter-websocket\3.5.6\spring-boot-starter-websocket-3.5.6.jar
[DEBUG]  C:\Users\harsh\.m2\repository\org\springframework\spring-messaging\6.2.11\spring-messaging-6.2.11.jar
[DEBUG]  C:\Users\harsh\.m2\repository\org\springframework\spring-websocket\6.2.11\spring-websocket-6.2.11.jar
[DEBUG]  C:\Users\harsh\.m2\repository\org\springframework\boot\spring-boot-starter-mail\3.5.6\spring-boot-starter-mail-3.5.6.jar
[DEBUG]  C:\Users\harsh\.m2\repository\org\springframework\spring-context-support\6.2.11\spring-context-support-6.2.11.jar
[DEBUG]  C:\Users\harsh\.m2\repository\org\eclipse\angus\jakarta.mail\2.0.4\jakarta.mail-2.0.4.jar
[DEBUG] Source roots:
[DEBUG]  E:\Studysync new\studysync-backend\src\main\java
[DEBUG]  E:\Studysync new\studysync-backend\target\generated-sources\annotations
[DEBUG] Command line options:
[DEBUG] -d E:\Studysync new\studysync-backend\target\classes -classpath E:\Studysync new\studysync-backend\target\classes;C:\Users\harsh\.m2\repository\org\springframework\boot\spring-boot-starter-actuator\3.5.6\spring-boot-starter-actuator-3.5.6.jar;C:\Users\harsh\.m2\repository\org\springframework\boot\spring-boot-starter\3.5.6\spring-boot-starter-3.5.6.jar;C:\Users\harsh\.m2\repository\org\springframework\boot\spring-boot-starter-logging\3.5.6\spring-boot-starter-logging-3.5.6.jar;C:\Users\harsh\.m2\repository\ch\qos\logback\logback-classic\1.5.18\logback-classic-1.5.18.jar;C:\Users\harsh\.m2\repository\ch\qos\logback\logback-core\1.5.18\logback-core-1.5.18.jar;C:\Users\harsh\.m2\repository\org\apache\logging\log4j\log4j-to-slf4j\2.24.3\log4j-to-slf4j-2.24.3.jar;C:\Users\harsh\.m2\repository\org\apache\logging\log4j\log4j-api\2.24.3\log4j-api-2.24.3.jar;C:\Users\harsh\.m2\repository\org\slf4j\jul-to-slf4j\2.0.17\jul-to-slf4j-2.0.17.jar;C:\Users\harsh\.m2\repository\jakarta\annotation\jakarta.annotation-api\2.1.1\jakarta.annotation-api-2.1.1.jar;C:\Users\harsh\.m2\repository\org\yaml\snakeyaml\2.4\snakeyaml-2.4.jar;C:\Users\harsh\.m2\repository\org\springframework\boot\spring-boot-actuator-autoconfigure\3.5.6\spring-boot-actuator-autoconfigure-3.5.6.jar;C:\Users\harsh\.m2\repository\org\springframework\boot\spring-boot-actuator\3.5.6\spring-boot-actuator-3.5.6.jar;C:\Users\harsh\.m2\repository\com\fasterxml\jackson\datatype\jackson-datatype-jsr310\2.19.2\jackson-datatype-jsr310-2.19.2.jar;C:\Users\harsh\.m2\repository\io\micrometer\micrometer-observation\1.15.4\micrometer-observation-1.15.4.jar;C:\Users\harsh\.m2\repository\io\micrometer\micrometer-commons\1.15.4\micrometer-commons-1.15.4.jar;C:\Users\harsh\.m2\repository\io\micrometer\micrometer-jakarta9\1.15.4\micrometer-jakarta9-1.15.4.jar;C:\Users\harsh\.m2\repository\io\micrometer\micrometer-core\1.15.4\micrometer-core-1.15.4.jar;C:\Users\harsh\.m2\repository\org\springframework\boot\spring-boot-starter-data-jpa\3.5.6\spring-boot-starter-data-jpa-3.5.6.jar;C:\Users\harsh\.m2\repository\org\springframework\boot\spring-boot-starter-jdbc\3.5.6\spring-boot-starter-jdbc-3.5.6.jar;C:\Users\harsh\.m2\repository\com\zaxxer\HikariCP\6.3.3\HikariCP-6.3.3.jar;C:\Users\harsh\.m2\repository\org\springframework\spring-jdbc\6.2.11\spring-jdbc-6.2.11.jar;C:\Users\harsh\.m2\repository\org\hibernate\orm\hibernate-core\6.6.29.Final\hibernate-core-6.6.29.Final.jar;C:\Users\harsh\.m2\repository\jakarta\persistence\jakarta.persistence-api\3.1.0\jakarta.persistence-api-3.1.0.jar;C:\Users\harsh\.m2\repository\jakarta\transaction\jakarta.transaction-api\2.0.1\jakarta.transaction-api-2.0.1.jar;C:\Users\harsh\.m2\repository\org\jboss\logging\jboss-logging\3.6.1.Final\jboss-logging-3.6.1.Final.jar;C:\Users\harsh\.m2\repository\com\fasterxml\classmate\1.7.0\classmate-1.7.0.jar;C:\Users\harsh\.m2\repository\org\antlr\antlr4-runtime\4.13.0\antlr4-runtime-4.13.0.jar;C:\Users\harsh\.m2\repository\org\springframework\data\spring-data-jpa\3.5.4\spring-data-jpa-3.5.4.jar;C:\Users\harsh\.m2\repository\org\springframework\data\spring-data-commons\3.5.4\spring-data-commons-3.5.4.jar;C:\Users\harsh\.m2\repository\org\springframework\spring-orm\6.2.11\spring-orm-6.2.11.jar;C:\Users\harsh\.m2\repository\org\springframework\spring-context\6.2.11\spring-context-6.2.11.jar;C:\Users\harsh\.m2\repository\org\springframework\spring-tx\6.2.11\spring-tx-6.2.11.jar;C:\Users\harsh\.m2\repository\org\springframework\spring-beans\6.2.11\spring-beans-6.2.11.jar;C:\Users\harsh\.m2\repository\org\slf4j\slf4j-api\2.0.17\slf4j-api-2.0.17.jar;C:\Users\harsh\.m2\repository\org\springframework\spring-aspects\6.2.11\spring-aspects-6.2.11.jar;C:\Users\harsh\.m2\repository\org\aspectj\aspectjweaver\1.9.24\aspectjweaver-1.9.24.jar;C:\Users\harsh\.m2\repository\org\springframework\boot\spring-boot-configuration-processor\3.5.6\spring-boot-configuration-processor-3.5.6.jar;C:\Users\harsh\.m2\repository\org\springframework\boot\spring-boot-starter-security\3.5.6\spring-boot-starter-security-3.5.6.jar;C:\Users\harsh\.m2\repository\org\springframework\spring-aop\6.2.11\spring-aop-6.2.11.jar;C:\Users\harsh\.m2\repository\org\springframework\security\spring-security-config\6.5.5\spring-security-config-6.5.5.jar;C:\Users\harsh\.m2\repository\org\springframework\security\spring-security-web\6.5.5\spring-security-web-6.5.5.jar;C:\Users\harsh\.m2\repository\org\springframework\spring-expression\6.2.11\spring-expression-6.2.11.jar;C:\Users\harsh\.m2\repository\org\springframework\boot\spring-boot-starter-validation\3.5.6\spring-boot-starter-validation-3.5.6.jar;C:\Users\harsh\.m2\repository\org\apache\tomcat\embed\tomcat-embed-el\10.1.46\tomcat-embed-el-10.1.46.jar;C:\Users\harsh\.m2\repository\org\hibernate\validator\hibernate-validator\8.0.3.Final\hibernate-validator-8.0.3.Final.jar;C:\Users\harsh\.m2\repository\jakarta\validation\jakarta.validation-api\3.0.2\jakarta.validation-api-3.0.2.jar;C:\Users\harsh\.m2\repository\org\springframework\boot\spring-boot-starter-web\3.5.6\spring-boot-starter-web-3.5.6.jar;C:\Users\harsh\.m2\repository\org\springframework\boot\spring-boot-starter-json\3.5.6\spring-boot-starter-json-3.5.6.jar;C:\Users\harsh\.m2\repository\com\fasterxml\jackson\datatype\jackson-datatype-jdk8\2.19.2\jackson-datatype-jdk8-2.19.2.jar;C:\Users\harsh\.m2\repository\com\fasterxml\jackson\module\jackson-module-parameter-names\2.19.2\jackson-module-parameter-names-2.19.2.jar;C:\Users\harsh\.m2\repository\org\springframework\boot\spring-boot-starter-tomcat\3.5.6\spring-boot-starter-tomcat-3.5.6.jar;C:\Users\harsh\.m2\repository\org\apache\tomcat\embed\tomcat-embed-core\10.1.46\tomcat-embed-core-10.1.46.jar;C:\Users\harsh\.m2\repository\org\apache\tomcat\embed\tomcat-embed-websocket\10.1.46\tomcat-embed-websocket-10.1.46.jar;C:\Users\harsh\.m2\repository\org\springframework\spring-web\6.2.11\spring-web-6.2.11.jar;C:\Users\harsh\.m2\repository\org\springframework\spring-webmvc\6.2.11\spring-webmvc-6.2.11.jar;C:\Users\harsh\.m2\repository\org\springframework\boot\spring-boot\3.5.6\spring-boot-3.5.6.jar;C:\Users\harsh\.m2\repository\org\springframework\boot\spring-boot-autoconfigure\3.5.6\spring-boot-autoconfigure-3.5.6.jar;C:\Users\harsh\.m2\repository\com\github\librepdf\openpdf\1.3.30\openpdf-1.3.30.jar;C:\Users\harsh\.m2\repository\com\google\code\findbugs\jsr305\3.0.2\jsr305-3.0.2.jar;C:\Users\harsh\.m2\repository\org\projectlombok\lombok\1.18.40\lombok-1.18.40.jar;C:\Users\harsh\.m2\repository\jakarta\activation\jakarta.activation-api\2.1.4\jakarta.activation-api-2.1.4.jar;C:\Users\harsh\.m2\repository\org\springframework\spring-core\6.2.11\spring-core-6.2.11.jar;C:\Users\harsh\.m2\repository\org\springframework\spring-jcl\6.2.11\spring-jcl-6.2.11.jar;C:\Users\harsh\.m2\repository\org\springframework\security\spring-security-core\6.5.5\spring-security-core-6.5.5.jar;C:\Users\harsh\.m2\repository\org\springframework\security\spring-security-crypto\6.5.5\spring-security-crypto-6.5.5.jar;C:\Users\harsh\.m2\repository\io\jsonwebtoken\jjwt-api\0.11.5\jjwt-api-0.11.5.jar;C:\Users\harsh\.m2\repository\com\fasterxml\jackson\core\jackson-databind\2.19.2\jackson-databind-2.19.2.jar;C:\Users\harsh\.m2\repository\com\fasterxml\jackson\core\jackson-annotations\2.19.2\jackson-annotations-2.19.2.jar;C:\Users\harsh\.m2\repository\com\fasterxml\jackson\core\jackson-core\2.19.2\jackson-core-2.19.2.jar;C:\Users\harsh\.m2\repository\com\cloudinary\cloudinary-http45\1.38.0\cloudinary-http45-1.38.0.jar;C:\Users\harsh\.m2\repository\com\cloudinary\cloudinary-core\1.38.0\cloudinary-core-1.38.0.jar;C:\Users\harsh\.m2\repository\org\apache\commons\commons-lang3\3.17.0\commons-lang3-3.17.0.jar;C:\Users\harsh\.m2\repository\org\apache\httpcomponents\httpclient\4.5.13\httpclient-4.5.13.jar;C:\Users\harsh\.m2\repository\org\apache\httpcomponents\httpcore\4.4.16\httpcore-4.4.16.jar;C:\Users\harsh\.m2\repository\commons-logging\commons-logging\1.2\commons-logging-1.2.jar;C:\Users\harsh\.m2\repository\commons-codec\commons-codec\1.18.0\commons-codec-1.18.0.jar;C:\Users\harsh\.m2\repository\org\apache\httpcomponents\httpmime\4.5.13\httpmime-4.5.13.jar;C:\Users\harsh\.m2\repository\com\bucket4j\bucket4j-core\8.7.0\bucket4j-core-8.7.0.jar;C:\Users\harsh\.m2\repository\org\springframework\boot\spring-boot-starter-websocket\3.5.6\spring-boot-starter-websocket-3.5.6.jar;C:\Users\harsh\.m2\repository\org\springframework\spring-messaging\6.2.11\spring-messaging-6.2.11.jar;C:\Users\harsh\.m2\repository\org\springframework\spring-websocket\6.2.11\spring-websocket-6.2.11.jar;C:\Users\harsh\.m2\repository\org\springframework\boot\spring-boot-starter-mail\3.5.6\spring-boot-starter-mail-3.5.6.jar;C:\Users\harsh\.m2\repository\org\springframework\spring-context-support\6.2.11\spring-context-support-6.2.11.jar;C:\Users\harsh\.m2\repository\org\eclipse\angus\jakarta.mail\2.0.4\jakarta.mail-2.0.4.jar; -sourcepath E:\Studysync new\studysync-backend\src\main\java;E:\Studysync new\studysync-backend\target\generated-sources\annotations; -s E:\Studysync new\studysync-backend\target\generated-sources\annotations -processorpath C:\Users\harsh\.m2\repository\org\projectlombok\lombok\1.18.40\lombok-1.18.40.jar;C:\Users\harsh\.m2\repository\org\springframework\boot\spring-boot-configuration-processor\3.5.6\spring-boot-configuration-processor-3.5.6.jar; -g -parameters --release 21 -encoding UTF-8 -XDuseUnsharedTable=true
[DEBUG] incrementalBuildHelper#beforeRebuildExecution
[INFO] Compiling 88 source files with javac [debug parameters release 21] to target\classes
[DEBUG] incrementalBuildHelper#afterRebuildExecution
[INFO] -------------------------------------------------------------
[ERROR] COMPILATION ERROR : 
[INFO] -------------------------------------------------------------
[ERROR] /E:/Studysync new/studysync-backend/src/main/java/com/studysync/studysyncbackend/controller/AuthenticationController.java:[9,26] cannot find symbol
  symbol:   class Bucket4j
  location: package io.github.bucket4j
[INFO] 1 error
[INFO] -------------------------------------------------------------
[INFO] ------------------------------------------------------------------------
[INFO] BUILD FAILURE
[INFO] ------------------------------------------------------------------------
[INFO] Total time:  8.940 s
[INFO] Finished at: 2026-03-04T18:12:51+05:30
[INFO] ------------------------------------------------------------------------
[ERROR] Failed to execute goal org.apache.maven.plugins:maven-compiler-plugin:3.14.0:compile (default-compile) on project studysync-backend: Compilation failure
[ERROR] /E:/Studysync new/studysync-backend/src/main/java/com/studysync/studysyncbackend/controller/AuthenticationController.java:[9,26] cannot find symbol
[ERROR]   symbol:   class Bucket4j
[ERROR]   location: package io.github.bucket4j
[ERROR] 
[ERROR] -> [Help 1]
org.apache.maven.lifecycle.LifecycleExecutionException: Failed to execute goal org.apache.maven.plugins:maven-compiler-plugin:3.14.0:compile (default-compile) on project studysync-backend: Compilation failure
/E:/Studysync new/studysync-backend/src/main/java/com/studysync/studysyncbackend/controller/AuthenticationController.java:[9,26] cannot find symbol
  symbol:   class Bucket4j
  location: package io.github.bucket4j

    at org.apache.maven.lifecycle.internal.MojoExecutor.doExecute2 (MojoExecutor.java:333)
    at org.apache.maven.lifecycle.internal.MojoExecutor.doExecute (MojoExecutor.java:316)
    at org.apache.maven.lifecycle.internal.MojoExecutor.execute (MojoExecutor.java:212)
    at org.apache.maven.lifecycle.internal.MojoExecutor.execute (MojoExecutor.java:174)
    at org.apache.maven.lifecycle.internal.MojoExecutor.access$000 (MojoExecutor.java:75)
    at org.apache.maven.lifecycle.internal.MojoExecutor$1.run (MojoExecutor.java:162)
    at org.apache.maven.plugin.DefaultMojosExecutionStrategy.execute (DefaultMojosExecutionStrategy.java:39)
    at org.apache.maven.lifecycle.internal.MojoExecutor.execute (MojoExecutor.java:159)
    at org.apache.maven.lifecycle.internal.LifecycleModuleBuilder.buildProject (LifecycleModuleBuilder.java:105)
    at org.apache.maven.lifecycle.internal.LifecycleModuleBuilder.buildProject (LifecycleModuleBuilder.java:73)
    at org.apache.maven.lifecycle.internal.builder.singlethreaded.SingleThreadedBuilder.build (SingleThreadedBuilder.java:53)
    at org.apache.maven.lifecycle.internal.LifecycleStarter.execute (LifecycleStarter.java:118)
    at org.apache.maven.DefaultMaven.doExecute (DefaultMaven.java:261)
    at org.apache.maven.DefaultMaven.doExecute (DefaultMaven.java:173)
    at org.apache.maven.DefaultMaven.execute (DefaultMaven.java:101)
    at org.apache.maven.cli.MavenCli.execute (MavenCli.java:906)
    at org.apache.maven.cli.MavenCli.doMain (MavenCli.java:283)
    at org.apache.maven.cli.MavenCli.main (MavenCli.java:206)
    at jdk.internal.reflect.DirectMethodHandleAccessor.invoke (DirectMethodHandleAccessor.java:103)
    at java.lang.reflect.Method.invoke (Method.java:580)
    at org.codehaus.plexus.classworlds.launcher.Launcher.launchEnhanced (Launcher.java:283)
    at org.codehaus.plexus.classworlds.launcher.Launcher.launch (Launcher.java:226)
    at org.codehaus.plexus.classworlds.launcher.Launcher.mainWithExitCode (Launcher.java:407)
    at org.codehaus.plexus.classworlds.launcher.Launcher.main (Launcher.java:348)
Caused by: org.apache.maven.plugin.compiler.CompilationFailureException: Compilation failure
/E:/Studysync new/studysync-backend/src/main/java/com/studysync/studysyncbackend/controller/AuthenticationController.java:[9,26] cannot find symbol
  symbol:   class Bucket4j
  location: package io.github.bucket4j

    at org.apache.maven.plugin.compiler.AbstractCompilerMojo.execute (AbstractCompilerMojo.java:1309)
    at org.apache.maven.plugin.compiler.CompilerMojo.execute (CompilerMojo.java:225)
    at org.apache.maven.plugin.DefaultBuildPluginManager.executeMojo (DefaultBuildPluginManager.java:126)
    at org.apache.maven.lifecycle.internal.MojoExecutor.doExecute2 (MojoExecutor.java:328)
    at org.apache.maven.lifecycle.internal.MojoExecutor.doExecute (MojoExecutor.java:316)
    at org.apache.maven.lifecycle.internal.MojoExecutor.execute (MojoExecutor.java:212)
    at org.apache.maven.lifecycle.internal.MojoExecutor.execute (MojoExecutor.java:174)
    at org.apache.maven.lifecycle.internal.MojoExecutor.access$000 (MojoExecutor.java:75)
    at org.apache.maven.lifecycle.internal.MojoExecutor$1.run (MojoExecutor.java:162)
    at org.apache.maven.plugin.DefaultMojosExecutionStrategy.execute (DefaultMojosExecutionStrategy.java:39)
    at org.apache.maven.lifecycle.internal.MojoExecutor.execute (MojoExecutor.java:159)
    at org.apache.maven.lifecycle.internal.LifecycleModuleBuilder.buildProject (LifecycleModuleBuilder.java:105)
    at org.apache.maven.lifecycle.internal.LifecycleModuleBuilder.buildProject (LifecycleModuleBuilder.java:73)
    at org.apache.maven.lifecycle.internal.builder.singlethreaded.SingleThreadedBuilder.build (SingleThreadedBuilder.java:53)
    at org.apache.maven.lifecycle.internal.LifecycleStarter.execute (LifecycleStarter.java:118)
    at org.apache.maven.DefaultMaven.doExecute (DefaultMaven.java:261)
    at org.apache.maven.DefaultMaven.doExecute (DefaultMaven.java:173)
    at org.apache.maven.DefaultMaven.execute (DefaultMaven.java:101)
    at org.apache.maven.cli.MavenCli.execute (MavenCli.java:906)
    at org.apache.maven.cli.MavenCli.doMain (MavenCli.java:283)
    at org.apache.maven.cli.MavenCli.main (MavenCli.java:206)
    at jdk.internal.reflect.DirectMethodHandleAccessor.invoke (DirectMethodHandleAccessor.java:103)
    at java.lang.reflect.Method.invoke (Method.java:580)
    at org.codehaus.plexus.classworlds.launcher.Launcher.launchEnhanced (Launcher.java:283)
    at org.codehaus.plexus.classworlds.launcher.Launcher.launch (Launcher.java:226)
    at org.codehaus.plexus.classworlds.launcher.Launcher.mainWithExitCode (Launcher.java:407)
    at org.codehaus.plexus.classworlds.launcher.Launcher.main (Launcher.java:348)
[ERROR] 
[ERROR] 
[ERROR] For more information about the errors and possible solutions, please read the following articles:
[ERROR] [Help 1] http://cwiki.apache.org/confluence/display/MAVEN/MojoFailureException
[DEBUG] Shutting down adapter factory; available factories [file-lock, rwlock-local, semaphore-local, noop]; available name mappers [discriminating, file-gav, file-hgav, file-static, gav, static]
[DEBUG] Shutting down 'file-lock' factory
[DEBUG] Shutting down 'rwlock-local' factory
[DEBUG] Shutting down 'semaphore-local' factory
[DEBUG] Shutting down 'noop' factory
